State,Sub-Category,Product Name,total_sales,total_profit,avg_discount,unique_orders
Ohio,Machines,Cubify CubeX 3D Printer Double Head Print,6299.978999999999,-9239.9692,0.7,2
Texas,Binders,GBC DocuBind P400 Electric Binding System,3266.3759999999997,-5552.8392,0.8,2
North Carolina,Machines,Cubify CubeX 3D Printer Triple Head Print,7999.98,-3839.9904,0.5,1
Colorado,Machines,Lexmark MX611dhe Monochrome Laser Printer,2549.985,-3399.98,0.7,1
Illinois,Binders,Ibico EPK-21 Electric Binding System,1889.99,-2929.4845,0.8,1
Texas,Binders,Fellowes PB500 Electric Punch Plastic Comb Binding Machine with Manual Bind,1525.188,-2287.782,0.8,1
Tennessee,Binders,GBC Ibimaster 500 Manual ProClick Binding System,2967.822,-1978.5480000000002,0.7,2
Texas,Machines,Lexmark MX611dhe Monochrome Laser Printer,11219.934000000001,-1869.989,0.4,2
North Carolina,Tables,Chromcraft Bull-Nose Wood Oval Conference Tables & Bases,4297.644,-1862.3124,0.4,1
Florida,Machines,Cisco TelePresence System EX90 Videoconferencing Unit,22638.48,-1811.0784,0.5,1
Pennsylvania,Binders,GBC Ibimaster 500 Manual ProClick Binding System,2511.234,-1674.156,0.7,2
Pennsylvania,Bookcases,"Riverside Palais Royal Lawyers Bookcase, Royale Cherry Finish",3083.43,-1665.0522,0.5,1
Texas,Binders,GBC DocuBind TL300 Electric Binding System,896.99,-1480.0335,0.8,1
Texas,Appliances,3.6 Cubic Foot Counter Height Office Refrigerator,530.316,-1378.8216,0.8000000000000002,3
North Carolina,Binders,GBC DocuBind P400 Electric Binding System,1633.188,-1306.5504,0.7,1
Tennessee,Binders,GBC DocuBind TL300 Electric Binding System,1614.582,-1237.8462,0.7,1
Pennsylvania,Supplies,Martin Yale Chadless Opener Electric Letter Opener,5329.984,-1199.2464,0.2,2
Texas,Appliances,Hoover Upright Vacuum With Dirt Cup,463.248,-1181.2824,0.8,1
Illinois,Binders,Fellowes PB500 Electric Punch Plastic Comb Binding Machine with Manual Bind,762.594,-1143.891,0.8,1
Texas,Binders,GBC Ibimaster 500 Manual ProClick Binding System,760.98,-1141.47,0.8,1
Florida,Binders,GBC DocuBind TL300 Electric Binding System,1345.485,-1031.5385,0.7,1
Tennessee,Tables,Chromcraft Bull-Nose Wood Oval Conference Tables & Bases,2314.116,-1002.7836,0.4,1
Tennessee,Tables,Balt Solid Wood Round Tables,1875.258,-968.8833,0.4,1
Ohio,Machines,Cisco 9971 IP Video Phone Charcoal,1188.0,-950.4,0.7,1
North Carolina,Machines,"HP Designjet T520 Inkjet Large Format Printer - 24"" Color",2624.985,-944.9946,0.5,1
Colorado,Machines,Zebra GK420t Direct Thermal/Thermal Transfer Printer,703.71,-938.28,0.7,1
Ohio,Machines,Epson TM-T88V Direct Thermal Printer - Monochrome - Desktop,652.995,-935.9595,0.7,1
Illinois,Binders,Ibico Hi-Tech Manual Binding System,487.98400000000004,-853.972,0.8,2
Arizona,Tables,Bush Advantage Collection Racetrack Conference Table,1272.63,-814.4832,0.5,1
Colorado,Bookcases,"Atlantic Metals Mobile 4-Shelf Bookcases, Custom Colors",590.058,-786.744,0.7,1
Texas,Supplies,High Speed Automatic Electric Letter Opener,3930.072,-786.0144,0.2,1
Texas,Binders,Ibico Hi-Tech Manual Binding System,426.986,-747.2255,0.8,2
Ohio,Tables,Hon 94000 Series Round Tables,1421.664,-734.5264,0.4,1
Illinois,Binders,GBC ProClick 150 Presentation Binding System,442.372,-729.9138,0.8,1
Arizona,Binders,GBC DocuBind 300 Electric Binding Machine,946.764,-694.2936,0.7,1
Pennsylvania,Storage,Tennsco Single-Tier Lockers,3603.264,-675.612,0.2,2
North Carolina,Tables,Bush Advantage Collection Racetrack Conference Table,1781.682,-653.2834,0.4,1
North Carolina,Tables,Hon Racetrack Conference Tables,2047.578,-648.3996999999999,0.4000000000000001,3
Pennsylvania,Machines,Okidata MB491 Multifunction Printer,449.1,-643.71,0.7,1
Pennsylvania,Chairs,HON 5400 Series Task Chairs for Big and Tall,4416.174,-630.882,0.3,1
Pennsylvania,Tables,"Riverside Furniture Oval Coffee Table, Oval End Table, End Table with Drawer",2065.32,-619.596,0.4,1
Ohio,Phones,Samsung Galaxy S III - 16GB - pebble blue (T-Mobile),2939.916,-587.9832,0.4,2
North Carolina,Machines,"3D Systems Cube Printer, 2nd Generation, White",1299.99,-571.9956,0.5,1
Pennsylvania,Binders,Fellowes PB200 Plastic Comb Binding Machine,713.9580000000001,-571.1664,0.6999999999999998,3
Illinois,Tables,BoxOffice By Design Rectangular and Half-Moon Meeting Room Tables,765.625,-566.5625,0.5,1
Pennsylvania,Machines,StarTech.com 10/100 VDSL2 Ethernet Extender Kit,399.54,-559.356,0.7,1
New York,Tables,Balt Solid Wood Round Tables,1071.576,-553.6476,0.4,1
Texas,Bookcases,O'Sullivan Plantations 2-Door Library in Landvery Oak,2323.3288000000002,-546.6656,0.32,3
California,Tables,Bretford Just In Time Height-Adjustable Multi-Task Work Tables,3339.2,-542.62,0.2,2
Illinois,Tables,Bretford Just In Time Height-Adjustable Multi-Task Work Tables,626.1,-538.446,0.5,1
Texas,Bookcases,O'Sullivan Living Dimensions 5-Shelf Bookcases,1652.9304,-534.7716,0.32,2
Illinois,Tables,Hon Rectangular Conference Tables,796.425,-525.6405,0.5,1
Oregon,Bookcases,O'Sullivan 4-Shelf Bookcase in Odessa Pine,290.352,-512.9552,0.7,2
Texas,Binders,Fellowes PB300 Plastic Comb Binding Machine,310.392,-512.1468,0.8,1
Pennsylvania,Machines,Lexmark MarkNet N8150 Wireless Print Server,723.51,-506.457,0.7,2
Texas,Chairs,HON 5400 Series Task Chairs for Big and Tall,3434.8019999999997,-490.68600000000004,0.3,2
Pennsylvania,Tables,"Bevis Oval Conference Table, Walnut",1252.704,-480.2032,0.4,1
Arizona,Machines,Swingline SM12-08 MicroCut Jam Free Shredder,599.985,-479.988,0.7,1
Illinois,Appliances,Avanti 4.4 Cu. Ft. Refrigerator,180.98,-470.548,0.8,1
New York,Tables,Bush Advantage Collection Racetrack Conference Table,1272.63,-466.631,0.4,2
Colorado,Tables,Hon 5100 Series Wood Tables,727.45,-465.568,0.5,1
Ohio,Tables,"Riverside Furniture Oval Coffee Table, Oval End Table, End Table with Drawer",1548.99,-464.697,0.4,1
Pennsylvania,Binders,GBC DocuBind 300 Electric Binding Machine,631.176,-462.8624,0.7,1
New York,Tables,"Chromcraft Bull-Nose Wood 48"" x 96"" Rectangular Conference Tables",1322.352,-462.8232,0.4,2
Arizona,Binders,Ibico Ibimaster 300 Manual Binding System,551.985,-459.9875,0.7,1
Florida,Tables,Bretford CR4500 Series Slim Rectangular Table,1149.093,-459.6372,0.45,2
Florida,Tables,Bush Advantage Collection Racetrack Conference Table,933.262,-458.1468,0.45,1
Texas,Appliances,Kensington 7 Outlet MasterPiece Power Center,177.98,-453.849,0.8,1
Arizona,Tables,"Chromcraft 48"" x 96"" Racetrack Double Pedestal Table",801.6,-448.896,0.5,1
New York,Tables,Bretford Rectangular Conference Table Tops,1579.746,-447.5947,0.4,1
Illinois,Tables,"Bevis Oval Conference Table, Walnut",652.45,-430.617,0.5,1
New York,Tables,Chromcraft Round Conference Tables,1359.462,-430.49629999999996,0.4000000000000001,3
Texas,Furnishings,Tenex Antistatic Computer Chair Mats,341.96,-427.45,0.6,1
Texas,Furnishings,"Deflect-o RollaMat Studded, Beveled Mat for Medium Pile Carpeting",405.812,-426.1026,0.6,2
Ohio,Phones,Apple iPhone 5,1949.49,-422.3895,0.4,2
Florida,Tables,BoxOffice By Design Rectangular and Half-Moon Meeting Room Tables,721.875,-420.0,0.45,1
Texas,Binders,GBC ProClick 150 Presentation Binding System,252.784,-417.0936,0.8,1
Pennsylvania,Binders,GBC DocuBind TL300 Electric Binding System,538.194,-412.6154,0.7,1
Arizona,Tables,Bevis Boat-Shaped Conference Table,786.33,-408.8916,0.5,2
Illinois,Tables,Bevis 44 x 96 Conference Tables,617.7,-407.682,0.5,1
Illinois,Appliances,Hoover Shoulder Vac Commercial Portable Vacuum,143.128,-393.602,0.8,1
Arizona,Machines,Panasonic KX MC6040 Color Laser Multifunction Printer,269.97,-386.957,0.7,1
Pennsylvania,Phones,Samsung Galaxy Note 2,1931.958,-386.3916,0.4,1
Ohio,Machines,Swingline SM12-08 MicroCut Jam Free Shredder,479.988,-383.9904,0.7,1
Texas,Furnishings,"Tenex Chairmat w/ Average Lip, 45"" x 53""",302.72,-378.4,0.6,1
Ohio,Bookcases,"Sauder Forest Hills Library with Doors, Woodland Oak Finish",482.94,-376.6932,0.5,1
Pennsylvania,Phones,LG G2,1499.97,-374.9925,0.4,1
Texas,Appliances,"Acco 7-Outlet Masterpiece Power Center, Wihtout Fax/Phone Line Protection",145.896,-364.74,0.8,2
Colorado,Bookcases,Hon 4-Shelf Metal Bookcases,242.352,-363.528,0.7,1
Pennsylvania,Storage,"SAFCO Commercial Wire Shelving, Black",1436.656,-359.164,0.20000000000000004,3
Arizona,Bookcases,Bestar Classic Bookcase,209.979,-356.9643,0.7,1
Illinois,Furnishings,Luxo Professional Fluorescent Magnifier Lamp with Clamp-Mount Base,419.68,-356.728,0.6,1
Colorado,Tables,Bevis Rectangular Conference Tables,510.92999999999995,-347.43240000000003,0.5,2
Pennsylvania,Tables,"Iceberg OfficeWorks 42"" Round Tables",815.292,-339.705,0.4,1
Florida,Storage,Tennsco Single-Tier Lockers,1801.632,-337.806,0.2,1
Florida,Binders,GBC DocuBind 200 Manual Binding Machine,505.176,-336.784,0.7,1
Texas,Binders,GBC DocuBind 300 Electric Binding Machine,210.392,-336.6272,0.8,1
Florida,Binders,GBC DocuBind P100 Manual Binding Machine,398.352,-331.96,0.7,1
Arizona,Bookcases,O'Sullivan 4-Shelf Bookcase in Odessa Pine,181.47,-320.597,0.7,1
Pennsylvania,Machines,"Brother MFC-9340CDW LED All-In-One Printer, Copier Scanner",341.991,-319.1916,0.7,1
Texas,Bookcases,"Riverside Palais Royal Lawyers Bookcase, Royale Cherry Finish",2396.2656,-317.1528,0.32,1
Illinois,Furnishings,Eldon ClusterMat Chair Mat with Cordless Antistatic Protection,254.744,-312.0614,0.6,1
Illinois,Tables,BPI Conference Tables,511.175,-306.705,0.5,2
Oregon,Tables,Bretford Rectangular Conference Table Tops,564.195,-304.6653,0.5,1
Ohio,Binders,GBC Ibimaster 500 Manual ProClick Binding System,456.588,-304.392,0.7,1
Illinois,Furnishings,"Tenex Chairmat w/ Average Lip, 45"" x 53""",242.176,-302.72,0.6,1
Illinois,Tables,Bretford CR8500 Series Meeting Room Furniture,601.47,-300.735,0.5,1
Colorado,Supplies,Martin Yale Chadless Opener Electric Letter Opener,1332.496,-299.8116,0.2,1
Massachusetts,Tables,"Office Impressions End Table, 20-1/2""H x 24""W x 20""D",1488.424,-297.6848,0.3,1
New York,Tables,Bretford CR4500 Series Slim Rectangular Table,1044.63,-295.9785,0.4,1
California,Tables,Hon 94000 Series Round Tables,2132.496,-293.2182,0.2,2
Illinois,Furnishings,"Rubbermaid ClusterMat Chairmats, Mat Size- 66"" x 60"", Lip 20"" x 11"" -90 Degree Angle",266.352,-292.9872,0.6,1
North Carolina,Tables,BPI Conference Tables,876.3,-292.1,0.4,1
New York,Tables,"Bevis Round Bullnose 29"" High Table Top",1090.782,-290.8752,0.4,1
Ohio,Tables,Riverside Furniture Stanwyck Manor Table Series,516.33,-283.9815,0.4,2
Texas,Storage,SAFCO Boltless Steel Shelving,1181.856,-280.69079999999997,0.2,2
Texas,Machines,StarTech.com 10/100 VDSL2 Ethernet Extender Kit,1398.39,-279.678,0.4,2
Pennsylvania,Phones,Wilson Electronics DB Pro Signal Booster,1288.8000000000002,-279.24,0.4,2
Tennessee,Machines,Okidata C610n Printer,649.0,-272.58,0.5,1
Illinois,Tables,"Chromcraft 48"" x 96"" Racetrack Double Pedestal Table",480.96,-269.3376,0.5,1
Oregon,Tables,"Iceberg OfficeWorks 42"" Round Tables",377.45,-264.215,0.5,1
Texas,Machines,Bady BDG101FRU Card Printer,1439.982,-263.9967,0.4,1
California,Tables,Hon 2111 Invitation Series Corner Table,1507.464,-263.8062,0.2,2
Texas,Furnishings,"Tenex Carpeted, Granite-Look or Clear Contemporary Contour Shape Chair Mats",197.988,-262.3341,0.6,2
Pennsylvania,Chairs,Hon 2090 Pillow Soft Series Mid Back Swivel/Tilt Chairs,786.744,-258.5016,0.3,1
Ohio,Phones,Cisco Unified IP Phone 7945G VoIP phone,1022.97,-255.7425,0.4,1
Florida,Tables,BPI Conference Tables,562.2925,-255.5875,0.45,1
Texas,Machines,Xerox WorkCentre 6505DN Laser Multifunction Printer,2519.958,-251.9958,0.4,1
Oregon,Machines,Okidata B401 Printer,179.991,-251.9874,0.7,1
Texas,Appliances,Hoover Commercial Lightweight Upright Vacuum with E-Z Empty Dirt Cup,93.032,-251.1864,0.8,1
Pennsylvania,Bookcases,"Atlantic Metals Mobile 3-Shelf Bookcases, Custom Colors",521.96,-250.5408,0.5,1
Ohio,Phones,Samsung Galaxy S4,1502.376,-250.396,0.4,1
Tennessee,Tables,"Bevis Round Bullnose 29"" High Table Top",934.956,-249.3216,0.4,1
Florida,Tables,Bretford Rectangular Conference Table Tops,620.6145,-248.2458,0.45,1
Colorado,Bookcases,Sauder Barrister Bookcases,145.764,-247.7988,0.7,1
Ohio,Bookcases,O'Sullivan 2-Door Barrister Bookcase in Odessa Pine,452.45,-244.323,0.5,1
Texas,Appliances,APC 7 Outlet Network SurgeArrest Surge Protector,96.576,-241.44,0.8,2
Ohio,Bookcases,O'Sullivan Living Dimensions 3-Shelf Bookcases,301.47,-241.176,0.5,1
Colorado,Bookcases,"Atlantic Metals Mobile 5-Shelf Bookcases, Custom Colors",180.588,-240.784,0.7,1
New York,Tables,"Bevis Oval Conference Table, Walnut",626.352,-240.1016,0.4,2
Illinois,Chairs,"Global High-Back Leather Tilter, Burgundy",860.93,-233.68099999999998,0.3,2
Ohio,Tables,"Chromcraft Bull-Nose Wood 48"" x 96"" Rectangular Conference Tables",661.176,-231.4116,0.4,1
Pennsylvania,Binders,Ibico Hi-Tech Manual Binding System,274.491,-228.7425,0.7,1
Pennsylvania,Tables,Chromcraft Rectangular Conference Tables,853.092,-227.4912,0.4,1
Texas,Appliances,Belkin 5 Outlet SurgeMaster Power Centers,87.168,-226.6368,0.8,1
Illinois,Appliances,Honeywell Enviracaire Portable Air Cleaner for up to 8 x 10 Room,92.064,-225.5568,0.8,1
Pennsylvania,Phones,LG Exalt,1029.5339999999999,-223.0657,0.4,2
New York,Bookcases,O'Sullivan Living Dimensions 5-Shelf Bookcases,1767.84,-220.98,0.2,4
Texas,Tables,Bretford CR4500 Series Slim Rectangular Table,2193.723,-219.3723,0.3,2
California,Chairs,Hon 2090 Pillow Soft Series Mid Back Swivel/Tilt Chairs,1348.704,-219.1644,0.2,1
Arizona,Tables,"SAFCO PlanMaster Boards, 60w x 37-1/2d, White Melamine",455.97,-218.8656,0.5,1
Pennsylvania,Bookcases,Bestar Classic Bookcase,349.965,-216.9783,0.5,1
New York,Tables,Hon 2111 Invitation Series Corner Table,376.866,-213.5574,0.4,1
Pennsylvania,Bookcases,"Bush Heritage Pine Collection 5-Shelf Bookcase, Albany Pine Finish, *Special Order",352.45,-211.47,0.5,1
Illinois,Tables,"Bevis Round Conference Table Top, X-Base",268.935,-209.7693,0.5,1
Pennsylvania,Bookcases,O'Sullivan Plantations 2-Door Library in Landvery Oak,301.47,-204.9996,0.5,1
Florida,Supplies,Premier Automatic Letter Opener,961.48,-204.3145,0.2,1
Texas,Chairs,"Global Wood Trimmed Manager's Task Chair, Khaki",827.918,-201.0658,0.3,3
Ohio,Bookcases,O'Sullivan 4-Shelf Bookcase in Odessa Pine,302.45,-199.617,0.5,1
Texas,Tables,"Chromcraft Bull-Nose Wood Round Conference Table Top, Wood Base",1067.4650000000001,-198.24349999999998,0.3,2
Illinois,Appliances,Euro Pro Shark Stick Mini Vacuum,73.176,-197.5752,0.8,1
Illinois,Furnishings,Eldon Cleatmat Plus Chair Mats for High Pile Carpets,159.04,-194.824,0.6,1
Pennsylvania,Phones,Mitel MiVoice 5330e IP Phone,824.97,-192.493,0.4,2
North Carolina,Tables,Hon 5100 Series Wood Tables,523.764,-192.0468,0.4,1
Pennsylvania,Tables,Hon 5100 Series Wood Tables,523.764,-192.0468,0.4,1
Arizona,Bookcases,"Hon Metal Bookcases, Black",127.764,-191.646,0.7,1
Illinois,Appliances,Tripp Lite Isotel 8 Ultra 8 Outlet Metal Surge,70.97,-191.619,0.8,1
Colorado,Bookcases,"Bush Westfield Collection Bookcases, Dark Cherry Finish, Fully Assembled",90.882,-190.8522,0.7,1
Texas,Bookcases,O'Sullivan Manor Hill 2-Door Library in Brianna Oak,615.332,-190.029,0.32,2
Pennsylvania,Phones,Polycom SoundPoint IP 450 VoIP phone,813.096,-189.7224,0.4,2
Oregon,Tables,Balt Split Level Computer Training Table,277.5,-188.7,0.5,1
Illinois,Binders,Catalog Binders with Expanding Posts,107.648,-188.38400000000001,0.8,2
Texas,Appliances,Tripp Lite Isotel 6 Outlet Surge Protector with Fax/Modem Protection,73.164,-186.5682,0.8,1
Arizona,Tables,KI Adjustable-Height Table,386.91,-185.7168,0.5,1
Illinois,Tables,Chromcraft Rectangular Conference Tables,355.455,-184.8366,0.5,1
Colorado,Bookcases,O'Sullivan 2-Shelf Heavy-Duty Bookcases,102.018,-183.6324,0.7,1
Florida,Chairs,Hon 2090 Pillow Soft Series Mid Back Swivel/Tilt Chairs,1123.92,-182.637,0.2,1
Illinois,Furnishings,"Eldon ""L"" Workstation Diamond Chairmat",151.96,-182.352,0.6,1
Pennsylvania,Phones,Nortel Meridian M5316 Digital phone,776.85,-181.265,0.4,1
Texas,Appliances,Fellowes Command Center 5-outlet power strip,67.84,-179.776,0.8,1
Texas,Appliances,Eureka Sanitaire  Commercial Upright,66.284,-178.9668,0.8,1
Illinois,Chairs,Global Enterprise Series Seating High-Back Swivel/Tilt Chairs,569.058,-178.8468,0.3,1
Texas,Chairs,Office Star Flex Back Scooter Chair with White Frame,776.86,-177.568,0.3,3
Texas,Appliances,Acco 6 Outlet Guardian Premium Plus Surge Suppressor,69.616,-177.5208,0.8000000000000002,3
California,Tables,"Bevis Round Conference Table Top, X-Base",1577.752,-177.4971,0.2,2
Texas,Tables,"Bevis Traditional Conference Table Top, Plinth Base",933.408,-173.3472,0.3,1
Illinois,Binders,Avery Arch Ring Binders,104.58,-172.557,0.8,1
Pennsylvania,Machines,Epson Perfection V600 Photo Scanner,206.991,-172.4925,0.7,1
Texas,Chairs,Novimex Swivel Fabric Task Chair,634.116,-172.11720000000003,0.3,2
Illinois,Chairs,Novimex Swivel Fabric Task Chair,634.116,-172.1172,0.3,1
Pennsylvania,Furnishings,Tenex Antistatic Computer Chair Mats,1367.84,-170.98,0.20000000000000004,3
Oregon,Tables,"Chromcraft Bull-Nose Wood 48"" x 96"" Rectangular Conference Tables",275.49,-170.8038,0.5,1
Texas,Tables,"Bevis Oval Conference Table, Walnut",913.43,-169.637,0.3,1
Florida,Binders,GBC VeloBinder Electric Binding Machine,254.058,-169.372,0.7,1
Texas,Furnishings,"Deflect-o EconoMat Studded, No Bevel Mat for Low Pile Carpeting",132.224,-168.5856,0.6,2
Ohio,Bookcases,"Bush Andora Bookcase, Maple/Graphite Gray Finish",299.975,-167.986,0.5,1
Florida,Tables,Chromcraft Round Conference Tables,383.438,-167.3184,0.45,1
Oregon,Storage,Office Impressions Heavy Duty Welded Shelving & Multimedia Storage Drawers,669.08,-167.27,0.2,1
Texas,Appliances,"Eureka The Boss Plus 12-Amp Hard Box Upright Vacuum, Red",62.79,-166.3935,0.8,1
Illinois,Appliances,Harmony Air Purifier,75.6,-166.32,0.8,1
Ohio,Machines,Cisco 8961 IP Phone Charcoal,224.937,-164.9538,0.7,1
Pennsylvania,Supplies,Premier Automatic Letter Opener,769.184,-163.4516,0.2,1
Colorado,Tables,BoxOffice By Design Rectangular and Half-Moon Meeting Room Tables,218.75,-161.875,0.5,1
Oregon,Storage,Fellowes Officeware Wire Shelving,718.64,-161.694,0.2,1
Texas,Tables,Laminate Occasional Tables,863.128,-160.2952,0.3,1
Pennsylvania,Phones,Cisco 8x8 Inc. 6753i IP Business Phone System,728.946,-157.9383,0.4,1
California,Chairs,"Global Geo Office Task Chair, Gray",842.192,-157.911,0.20000000000000004,3
Florida,Tables,"Hon Practical Foundations 30 x 60 Training Table, Light Gray/Charcoal",375.4575,-157.0095,0.45,1
Ohio,Tables,Hon Rectangular Conference Tables,409.59000000000003,-157.0095,0.4,2
New York,Tables,"Bevis Traditional Conference Table Top, Plinth Base",400.032,-153.3456,0.4,1
New York,Tables,KI Conference Tables,382.806,-153.1224,0.4,1
Colorado,Bookcases,Bestar Classic Bookcase,89.991,-152.9847,0.7,1
Texas,Tables,Bush Advantage Collection Racetrack Conference Table,890.841,-152.7156,0.3,1
Arizona,Storage,SAFCO Boltless Steel Shelving,636.384,-151.1412,0.2,2
Texas,Furnishings,"Tenex ""The Solids"" Textured Chair Mats",139.92,-150.414,0.6,1
Texas,Appliances,Belkin Premiere Surge Master II 8-outlet surge protector,58.29599999999999,-148.6548,0.8,2
Texas,Appliances,"Holmes Replacement Filter for HEPA Air Cleaner, Very Large Room, HEPA Filter",82.572,-148.6296,0.8,2
Texas,Furnishings,"Electrix Architect's Clamp-On Swing Arm Lamp, Black",190.92,-147.963,0.6,1
Ohio,Tables,"Lesro Round Back Collection Coffee Table, End Table",328.59,-147.8655,0.4,1
Tennessee,Tables,"Lesro Round Back Collection Coffee Table, End Table",328.59,-147.8655,0.4,1
Illinois,Appliances,Belkin F9S820V06 8 Outlet Surge,58.464,-146.16,0.8,1
Arizona,Chairs,Hon 2090 Pillow Soft Series Mid Back Swivel/Tilt Chairs,899.136,-146.1096,0.2,1
Ohio,Storage,Fellowes Officeware Wire Shelving,646.776,-145.5246,0.2,1
North Carolina,Binders,GBC ProClick 150 Presentation Binding System,189.588,-145.3508,0.7,1
Illinois,Binders,GBC VeloBinder Electric Binding Machine,96.784,-145.176,0.8,1
Texas,Binders,"Wilson Jones Ledger-Size, Piano-Hinge Binder, 2"", Blue",90.15599999999999,-144.2496,0.8000000000000002,3
California,Chairs,"Global High-Back Leather Tilter, Burgundy",1279.096,-143.8983,0.2,2
Colorado,Bookcases,"Bush Westfield Collection Bookcases, Dark Cherry Finish",69.576,-143.7904,0.7,1
Ohio,Tables,Chromcraft Bull-Nose Wood Oval Conference Tables & Bases,330.588,-143.2548,0.4,1
Tennessee,Tables,Bevis 44 x 96 Conference Tables,370.62,-142.071,0.4,1
Pennsylvania,Chairs,"Global High-Back Leather Tilter, Burgundy",516.558,-140.2086,0.3,2
Pennsylvania,Tables,Bevis Rectangular Conference Tables,350.352,-140.1408,0.4,1
Pennsylvania,Chairs,"Global Wood Trimmed Manager's Task Chair, Khaki",573.174,-139.1994,0.3,2
California,Chairs,Novimex High-Tech Fabric Mesh Task Chair,851.76,-138.411,0.20000000000000004,3
Ohio,Storage,"SAFCO Commercial Wire Shelving, Black",552.56,-138.14,0.2,2
Illinois,Storage,"SAFCO Commercial Wire Shelving, Black",552.56,-138.14,0.2,2
Texas,Bookcases,Sauder Camden County Collection Library,781.864,-137.976,0.32,1
Ohio,Chairs,"Office Star - Contemporary Task Swivel chair with Loop Arms, Charcoal",458.43,-137.529,0.3,1
Texas,Chairs,High-Back Leather Manager's Chair,454.965,-136.4895,0.3,1
Texas,Bookcases,"Sauder Mission Library with Doors, Fruitwood Finish",712.5312,-136.2192,0.32,2
Texas,Storage,Space Solutions Commercial Steel Shelving,724.08,-135.765,0.2,1
Arizona,Tables,"Lesro Round Back Collection Coffee Table, End Table",182.55,-135.087,0.5,1
Pennsylvania,Phones,Samsung Galaxy Note 3,791.964,-131.994,0.4,1
Texas,Tables,Riverside Furniture Stanwyck Manor Table Series,401.59,-131.951,0.3,1
Texas,Appliances,Euro Pro Shark Stick Mini Vacuum,48.784,-131.7168,0.8,1
California,Phones,Jawbone MINI JAMBOX Wireless Bluetooth Speaker,657.504,-131.5008,0.2,1
Illinois,Appliances,Kensington 7 Outlet MasterPiece HOMEOFFICE Power Control Center,52.448,-131.12,0.8,1
Texas,Tables,Hon 2111 Invitation Series Straight Table,827.848,-130.0904,0.3,3
Massachusetts,Tables,"Bevis Traditional Conference Table Top, Plinth Base",700.056,-130.0104,0.3,1
Florida,Chairs,"Office Star - Contemporary Task Swivel chair with Loop Arms, Charcoal",943.056,-129.6702,0.2,2
Rhode Island,Tables,"Office Impressions End Table, 20-1/2""H x 24""W x 20""D",637.896,-127.5792,0.3,1
Texas,Tables,"Office Impressions End Table, 20-1/2""H x 24""W x 20""D",637.896,-127.5792,0.3,1
Texas,Storage,Safco Industrial Wire Shelving System,509.488,-127.372,0.2,1
Illinois,Appliances,Kensington 4 Outlet MasterPiece Compact Power Control Center,48.792,-126.8592,0.8,1
Pennsylvania,Chairs,Global Comet Stacking Arm Chair,1774.542,-126.753,0.3,2
Illinois,Bookcases,O'Sullivan Cherrywood Estates Traditional Barrister Bookcase,384.944,-126.4816,0.3,1
Tennessee,Storage,Tennsco Double-Tier Lockers,1440.128,-126.0112,0.2,2
Texas,Storage,"Tennsco Snap-Together Open Shelving Units, Starter Sets and Add-On Units",670.752,-125.766,0.2,1
Pennsylvania,Chairs,Office Star - Mesh Screen back chair with Vinyl seat,458.43,-124.431,0.3,1
Pennsylvania,Phones,ClearOne CHATAttach 160 - speaker phone,743.988,-123.998,0.4,1
Ohio,Tables,"Hon Practical Foundations 30 x 60 Training Table, Light Gray/Charcoal",409.59,-122.877,0.4,1
New York,Tables,"Hon 30"" x 60"" Table with Locking Drawer",613.908,-122.7816,0.4,1
Texas,Machines,Epson TM-T88V Direct Thermal Printer - Monochrome - Desktop,559.71,-121.2705,0.4,1
Illinois,Tables,KI Conference Tables,177.225,-120.513,0.5,1
Oregon,Tables,KI Conference Tables,177.225,-120.513,0.5,1
Illinois,Tables,KI Adjustable-Height Table,214.95,-120.372,0.5,1
New York,Tables,Bretford CR8500 Series Meeting Room Furniture,481.176,-120.294,0.4,1
Texas,Chairs,Global Enterprise Series Seating High-Back Swivel/Tilt Chairs,379.372,-119.2312,0.3,1
Texas,Tables,Bevis Round Conference Table Top & Single Column Base,921.942,-118.53540000000001,0.3,3
Texas,Tables,Hon Racetrack Conference Tables,918.785,-118.1295,0.3,1
Pennsylvania,Tables,Global Adaptabilities Conference Tables,337.176,-118.0116,0.4,1
Illinois,Bookcases,"Bush Birmingham Collection Bookcase, Dark Cherry",825.174,-117.882,0.3,1
Pennsylvania,Phones,Polycom CX600 IP Phone VoIP phone,539.91,-116.9805,0.4,1
Ohio,Binders,"Wilson Jones Elliptical Ring 3 1/2"" Capacity Binders, 800 sheets",166.92,-116.844,0.7,1
Tennessee,Binders,GBC DocuBind 300 Electric Binding Machine,157.794,-115.7156,0.7,1
New York,Tables,"Chromcraft 48"" x 96"" Racetrack Double Pedestal Table",384.768,-115.4304,0.4,1
Pennsylvania,Phones,GE 2-Jack Phone Line Splitter,494.376,-115.3544,0.4,1
California,Bookcases,O'Sullivan Living Dimensions 2-Shelf Bookcases,1953.827,-114.931,0.15,6
Tennessee,Chairs,High-Back Leather Manager's Chair,831.936,-114.3912,0.2,1
Florida,Tables,KI Adjustable-Height Table,331.023,-114.3534,0.45,1
Pennsylvania,Phones,Apple iPhone 5S,683.988,-113.998,0.4,1
New York,Tables,Chromcraft Rectangular Conference Tables,426.54599999999994,-113.7456,0.4,2
Ohio,Bookcases,"Bush Westfield Collection Bookcases, Medium Cherry Finish",202.93,-113.64080000000001,0.5,2
Florida,Binders,Ibico Laser Imprintable Binding System Covers,141.48,-113.184,0.7,2
California,Chairs,Global Low Back Tilter Chair,646.272,-113.0976,0.2,2
Pennsylvania,Phones,Cisco IP Phone 7961G-GE VoIP phone,519.792,-112.6216,0.4,1
Ohio,Phones,Cisco IP Phone 7961G-GE VoIP phone,519.792,-112.6216,0.4,2
Pennsylvania,Tables,Bevis 36 x 72 Conference Tables,373.47,-112.041,0.4,1
Florida,Machines,Zebra GX420t Direct Thermal/Thermal Transfer Printer,265.475,-111.4995,0.5,1
Pennsylvania,Binders,"GBC Velobind Prepunched Cover Sets, Regency Series",133.128,-110.94,0.7,2
Florida,Tables,Balt Solid Wood Rectangular Table,174.0585,-110.7645,0.45,1
Illinois,Chairs,"Office Star - Contemporary Task Swivel chair with Loop Arms, Charcoal",366.744,-110.0232,0.3,1
Texas,Chairs,"Office Star - Contemporary Task Swivel chair with Loop Arms, Charcoal",366.744,-110.0232,0.3,1
Nevada,Chairs,Hon 2090 Pillow Soft Series Mid Back Swivel/Tilt Chairs,674.352,-109.5822,0.2,1
Illinois,Appliances,3M Replacement Filter for Office Air Cleaner for 20' x 33' Room,53.088,-108.8304,0.8,1
California,Chairs,"Global Leather & Oak Executive Chair, Burgundy",724.2719999999999,-108.6408,0.20000000000000004,3
New York,Tables,KI Adjustable-Height Table,464.292,-108.3348,0.4,1
Ohio,Phones,Polycom CX300 Desktop Phone USB VoIP phone,539.964,-107.9928,0.4,1
Pennsylvania,Phones,Motorola Droid Maxx,539.964,-107.9928,0.4,1
Pennsylvania,Supplies,Compact Automatic Electric Letter Opener,477.24,-107.379,0.2,2
Ohio,Tables,"SAFCO PlanMaster Boards, 60w x 37-1/2d, White Melamine",455.97,-106.393,0.4,1
Texas,Furnishings,Eldon Advantage Foldable Chair Mats for Low Pile Carpets,108.4,-105.69,0.6,1
New Hampshire,Tables,Bretford Rectangular Conference Table Tops,1053.164,-105.3164,0.3,1
Ohio,Tables,"Bevis Round Conference Table Top, X-Base",215.148,-103.9882,0.4,1
Oregon,Bookcases,"Bush Cubix Collection Bookcases, Fully Assembled",66.294,-103.8606,0.7,1
New York,Tables,"Riverside Furniture Oval Coffee Table, Oval End Table, End Table with Drawer",344.22,-103.266,0.4,1
Florida,Tables,Bush Advantage Collection Round Conference Table,233.86,-102.048,0.45,1
Pennsylvania,Binders,Catalog Binders with Expanding Posts,121.104,-100.92,0.7,1
Ohio,Binders,Catalog Binders with Expanding Posts,121.104,-100.92,0.7,1
Florida,Binders,Catalog Binders with Expanding Posts,121.104,-100.92,0.7,1
Ohio,Phones,Polycom VVX 310 VoIP phone,431.976,-100.7944,0.4,1
Illinois,Tables,Bevis Rectangular Conference Tables,145.98,-99.2664,0.5,1
California,Tables,Chromcraft Bull-Nose Wood Oval Conference Tables & Bases,1322.352,-99.1764,0.2,1
Colorado,Bookcases,"Atlantic Metals Mobile 2-Shelf Bookcases, Custom Colors",72.294,-98.8018,0.7,1
Illinois,Storage,Safco Industrial Wire Shelving,460.752,-97.9098,0.2,2
Texas,Machines,Okidata C331dn Printer,418.8,-97.72,0.4,1
Oregon,Chairs,Global Enterprise Series Seating High-Back Swivel/Tilt Chairs,650.352,-97.5528,0.2,1
Arizona,Binders,GBC VeloBinder Electric Binding Machine,145.176,-96.784,0.7,2
Illinois,Chairs,Hon 4700 Series Mobuis Mid-Back Task Chairs with Adjustable Arms,747.558,-96.1146,0.3,1
Colorado,Storage,Sensible Storage WireTech Storage Systems,511.056,-95.823,0.2,1
Texas,Tables,Bush Advantage Collection Round Conference Table,744.1,-95.67,0.3,1
Texas,Furnishings,"C-Line Cubicle Keepers Polyproplyene Holder w/Velcro Back, 8-1/2x11, 25/Bx",131.376,-95.2476,0.6,1
Tennessee,Tables,Balt Solid Wood Rectangular Table,189.882,-94.941,0.4,1
Pennsylvania,Storage,Tennsco Double-Tier Lockers,1080.096,-94.5084,0.2,1
Oregon,Storage,"Carina Mini System Audio Rack, Model AR050B",443.92,-94.333,0.2,1
Pennsylvania,Chairs,Hon Every-Day Series Multi-Task Chairs,657.93,-93.99,0.3,1
Texas,Chairs,Hon Every-Day Series Multi-Task Chairs,657.93,-93.99,0.3,1
Texas,Chairs,"Global High-Back Leather Tilter, Burgundy",344.372,-93.4724,0.3,1
Pennsylvania,Phones,Samsung Convoy 3,466.158,-93.2316,0.4,1
Texas,Binders,"Wilson Jones Elliptical Ring 3 1/2"" Capacity Binders, 800 sheets",59.92,-92.876,0.8,2
Illinois,Chairs,"Global Wood Trimmed Manager's Task Chair, Khaki",382.116,-92.7996,0.3,1
Ohio,Phones,Jabra SPEAK 410 Multidevice Speakerphone,370.782,-92.6955,0.4,1
Texas,Binders,Wilson Jones Legal Size Ring Binders,61.572,-92.358,0.8,2
Texas,Bookcases,Rush Hierlooms Collection Rich Wood Bookcases,328.3992,-91.7586,0.32,1
Texas,Appliances,Fellowes 8 Outlet Superior Workstation Surge Protector w/o Phone/Fax/Modem Protection,33.62,-90.774,0.8,1
Texas,Chairs,"Office Star - Contemporary Task Swivel chair with 2-way adjustable arms, Plum",275.058,-90.3762,0.3,1
Texas,Bookcases,"Atlantic Metals Mobile 5-Shelf Bookcases, Custom Colors",3069.996,-90.29400000000001,0.32,4
Illinois,Furnishings,"Tenex ""The Solids"" Textured Chair Mats",83.952,-90.2484,0.6,1
New York,Bookcases,DMI Eclipse Executive Suite Bookcases,7214.112,-90.1764,0.2,4
California,Chairs,Global Deluxe High-Back Office Chair in Storm,652.752,-89.7534,0.2,2
California,Chairs,"Global Wood Trimmed Manager's Task Chair, Khaki",1018.976,-89.1604,0.20000000000000004,3
Ohio,Phones,Polycom SoundStation2 EX Conference phone,485.94,-89.089,0.4,1
Pennsylvania,Bookcases,Bush Somerset Collection Bookcase,130.98,-89.0664,0.5,1
Texas,Binders,Satellite Sectional Post Binders,52.092,-88.5564,0.8,2
Illinois,Storage,"Belkin 19"" Vented Equipment Shelf, Black",370.656,-88.0308,0.20000000000000004,3
Ohio,Storage,Safco Industrial Shelving,413.55999999999995,-87.8815,0.2,2
Oregon,Phones,Jawbone MINI JAMBOX Wireless Bluetooth Speaker,438.336,-87.6672,0.2,1
Texas,Phones,Jawbone MINI JAMBOX Wireless Bluetooth Speaker,438.336,-87.6672,0.2,1
Illinois,Chairs,Global Super Steno Chair,470.302,-87.3418,0.3,1
Texas,Appliances,"Conquest 14 Commercial Heavy-Duty Upright Vacuum, Collection System, Accessory Kit",34.176,-87.1488,0.8,1
Ohio,Chairs,Novimex Swivel Fabric Task Chair,317.058,-86.0586,0.3,1
Texas,Appliances,Belkin 8 Outlet Surge Protector,32.784,-85.2384,0.8,1
Texas,Furnishings,Tenex Chairmats For Use with Hard Floors,64.96,-84.448,0.6,1
Illinois,Binders,"Performers Binder/Pad Holder, Black",56.06,-84.09,0.8,2
Pennsylvania,Tables,Bevis Boat-Shaped Conference Table,314.532,-83.8752,0.4,1
Pennsylvania,Binders,GBC DocuBind P100 Manual Binding Machine,99.588,-82.99,0.7,1
Pennsylvania,Tables,KI Adjustable-Height Table,309.528,-82.5408,0.4,2
Pennsylvania,Bookcases,O'Sullivan 5-Shelf Heavy-Duty Bookcases,163.88,-81.94,0.5,1
Pennsylvania,Tables,"Hon 30"" x 60"" Table with Locking Drawer",409.272,-81.8544,0.4,1
Ohio,Supplies,Premier Automatic Letter Opener,384.592,-81.7258,0.2,1
Ohio,Phones,Geemarc AmpliPOWER60,445.44,-81.664,0.4,1
California,Chairs,Novimex Swivel Fabric Task Chair,724.704,-81.5292,0.2,2
Florida,Bookcases,O'Sullivan Manor Hill 2-Door Library in Brianna Oak,723.92,-81.441,0.2,1
Ohio,Phones,Google Nexus 5,323.982,-80.9955,0.4,1
Pennsylvania,Binders,Avery Arch Ring Binders,104.58,-80.178,0.7,1
Texas,Binders,GBC ProClick Punch Binding System,51.184,-79.3352,0.8,1
Ohio,Storage,Tennsco Industrial Shelving,352.152,-79.2342,0.2,2
Texas,Furnishings,Eldon Executive Woodline II Cherry Finish Desk Accessories,98.13600000000001,-78.5088,0.6,2
Illinois,Furnishings,Eldon Cleatmat Chair Mats for Medium Pile Carpets,66.6,-78.255,0.6,2
Arizona,Storage,"Belkin 19"" Vented Equipment Shelf, Black",329.472,-78.2496,0.2,2
Pennsylvania,Bookcases,"Safco Value Mate Series Steel Bookcases, Baked Enamel Finish on Steel, Gray",177.45,-78.078,0.5,1
Texas,Appliances,Fellowes Superior 10 Outlet Split Surge Protector,30.448,-77.6424,0.8,2
Texas,Furnishings,"Howard Miller 13-3/4"" Diameter Brushed Chrome Round Wall Clock",103.5,-77.625,0.6,1
Texas,Binders,Wilson Jones Heavy-Duty Casebound Ring Binders with Metal Hinges,48.495999999999995,-77.5936,0.8,2
Pennsylvania,Storage,"Tennsco Stur-D-Stor Boltless Shelving, 5 Shelves, 24"" Deep, Sand",324.744,-77.1267,0.2,1
West Virginia,Tables,"Chromcraft 48"" x 96"" Racetrack Double Pedestal Table",673.344,-76.9536,0.3,1
Illinois,Furnishings,Deflect-o DuraMat Antistatic Studded Beveled Mat for Medium Pile Carpeting,84.272,-75.8448,0.6,1
Ohio,Tables,Chromcraft Rectangular Conference Tables,284.364,-75.8304,0.4,1
Ohio,Accessories,Logitech VX Revolution Cordless Laser Mouse for Notebooks (Black),431.976,-75.5958,0.2,1
Florida,Accessories,Logitech VX Revolution Cordless Laser Mouse for Notebooks (Black),431.976,-75.5958,0.2,1
Illinois,Chairs,Hon Every-Day Series Multi-Task Chairs,526.344,-75.192,0.3,1
Florida,Binders,Canvas Sectional Post Binders,106.932,-74.8524,0.7,2
Texas,Binders,GBC Premium Transparent Covers with Diagonal Lined Pattern,46.156,-73.8496,0.8,2
Pennsylvania,Phones,Wireless Extenders zBoost YX545 SOHO Signal Booster,340.182,-73.7061,0.4,1
North Carolina,Binders,GBC DocuBind P50 Personal Binding Machine,95.97,-73.577,0.7,1
Pennsylvania,Chairs,Novimex Fabric Task Chair,341.488,-73.176,0.3,1
Washington,Chairs,Hon 2090 Pillow Soft Series Mid Back Swivel/Tilt Chairs,449.568,-73.0548,0.2,1
Texas,Storage,"Carina 42""Hx23 3/4""W Media Storage Unit",323.92,-72.882,0.2,2
Tennessee,Storage,Safco Industrial Wire Shelving System,291.136,-72.784,0.2,2
Pennsylvania,Phones,Jabra Supreme Plus Driver Edition Headset,359.97,-71.994,0.4,1
Pennsylvania,Phones,Wilson SignalBoost 841262 DB PRO Amplifier Kit,431.94,-71.99,0.4,1
Illinois,Tables,"Chromcraft Bull-Nose Wood Round Conference Table Top, Wood Base",108.925,-71.8905,0.5,1
Illinois,Bookcases,"Sauder Facets Collection Library, Sky Alder Finish",359.058,-71.8116,0.3,1
Texas,Tables,"Bush Andora Conference Table, Maple/Graphite Gray Finish",718.116,-71.8116,0.3,1
Ohio,Machines,Hewlett-Packard Deskjet F4180 All-in-One Color Ink-jet - Printer / copier / scanner,101.994,-71.3958,0.7,1
Illinois,Appliances,Acco Smartsocket Color-Coded Six-Outlet AC Adapter Model Surge Protectors,26.406,-71.2962,0.8,1
Texas,Furnishings,"Tenex Traditional Chairmats for Medium Pile Carpet, Standard Lip, 36"" x 48""",72.78,-70.9605,0.6,1
Illinois,Bookcases,"Bush Heritage Pine Collection 5-Shelf Bookcase, Albany Pine Finish, *Special Order",493.43,-70.49,0.3,1
California,Phones,Motorola HK250 Universal Bluetooth Headset,312.664,-70.3494,0.2,4
California,Bookcases,O'Sullivan Living Dimensions 3-Shelf Bookcases,1195.8310000000001,-70.34299999999999,0.15,2
Ohio,Tables,"SAFCO PlanMaster Heigh-Adjustable Drafting Table Base, 43w x 30d x 30-37h, Black",1048.35,-69.89,0.4,1
Texas,Tables,KI Conference Tables,347.361,-69.4722,0.3,1
Illinois,Binders,GBC Linen Binding Covers,43.372,-69.3952,0.8,1
Texas,Chairs,Hon Multipurpose Stacking Arm Chairs,1212.96,-69.312,0.3,1
Texas,Chairs,Hon Deluxe Fabric Upholstered Stacking Chairs,2391.004,-68.3144,0.3,3
Illinois,Binders,"Premier Elliptical Ring Binder, Black",42.616,-68.1856,0.8,1
Texas,Binders,"Premier Elliptical Ring Binder, Black",42.616,-68.1856,0.8,1
California,Chairs,Novimex Turbo Task Chair,681.408,-68.1408,0.20000000000000004,3
Texas,Tables,"Bevis Round Conference Table Top, X-Base",251.006,-68.1302,0.3,1
Florida,Chairs,"Office Star - Contemporary Task Swivel chair with 2-way adjustable arms, Plum",419.136,-68.1096,0.2,1
Pennsylvania,Phones,Aastra 57i VoIP phone,290.898,-67.8762,0.4,1
North Carolina,Storage,Fellowes Econo/Stor Drawers,387.72,-67.851,0.2,1
Pennsylvania,Storage,"Gould Plastics 9-Pocket Panel Bin, 18-3/8w x 5-1/4d x 20-1/2h, Black",339.136,-67.8272,0.2,2
North Carolina,Bookcases,"Sauder Forest Hills Library, Woodland Oak Finish",451.136,-67.6704,0.2,1
Texas,Bookcases,"Bush Heritage Pine Collection 5-Shelf Bookcase, Albany Pine Finish, *Special Order",383.4656,-67.6704,0.32,1
Texas,Appliances,Kensington 6 Outlet SmartSocket Surge Protector,24.588,-67.617,0.8,1
Illinois,Tables,"Lesro Round Back Collection Coffee Table, End Table",91.275,-67.5435,0.5,1
Texas,Furnishings,"Howard Miller 16"" Diameter Gallery Wall Clock",127.88,-67.137,0.6,1
Illinois,Storage,Fellowes Stor/Drawer Steel Plus Storage Drawers,381.72,-66.801,0.2,1
New York,Tables,Balt Split Level Computer Training Table,166.5,-66.6,0.4,1
Texas,Chairs,"Global Leather & Oak Executive Chair, Burgundy",211.246,-66.3916,0.3,1
Illinois,Furnishings,Electrix Halogen Magnifier Lamp,77.72,-66.062,0.6,1
Arizona,Binders,Lock-Up Easel 'Spel-Binder',85.59,-65.619,0.7,2
Pennsylvania,Binders,"Premium Transparent Presentation Covers, No Pattern/Clear, 8 1/2"" x 11""",81.438,-65.1504,0.7,1
California,Chairs,Global Enterprise Series Seating High-Back Swivel/Tilt Chairs,433.568,-65.0352,0.2,1
Illinois,Storage,SAFCO Boltless Steel Shelving,272.736,-64.7748,0.2,1
Arizona,Machines,DYMO CardScan Personal V9 Business Card Scanner,95.994,-63.996,0.7,1
Illinois,Chairs,Global Highback Leather Tilter in Burgundy,318.46500000000003,-63.693,0.3,2
New York,Bookcases,"Sauder Camden County Collection Libraries, Planked Cherry Finish",459.91999999999996,-63.239,0.2,2
Tennessee,Binders,"Wilson Jones Ledger-Size, Piano-Hinge Binder, 2"", Blue",86.058,-63.1092,0.7,1
Colorado,Binders,Ibico Laser Imprintable Binding System Covers,78.6,-62.88,0.7,1
Illinois,Appliances,Belkin 8 Outlet SurgeMaster II Gold Surge Protector,23.992,-62.3792,0.8,1
Illinois,Furnishings,"Tenex Traditional Chairmats for Hard Floors, Average Lip, 36"" x 48""",51.56,-61.872,0.6,1
Illinois,Binders,"GBC Twin Loop Wire Binding Elements, 9/16"" Spine, Black",39.572,-61.336600000000004,0.8,2
Rhode Island,Tables,"Chromcraft Bull-Nose Wood 48"" x 96"" Rectangular Conference Tables",385.686,-60.6078,0.3,1
Ohio,Binders,"Premier Elliptical Ring Binder, Black",82.188,-60.2712,0.7,2
Washington,Chairs,Global Deluxe High-Back Office Chair in Storm,435.168,-59.8356,0.2,1
California,Bookcases,"Sauder Forest Hills Library, Woodland Oak Finish",718.998,-59.2116,0.15,2
Tennessee,Chairs,Office Star - Mesh Screen back chair with Vinyl seat,523.92,-58.941,0.2,2
Tennessee,Storage,"Gould Plastics 18-Pocket Panel Bin, 34w x 5-1/4d x 20-1/2h",294.368,-58.8736,0.2,1
Ohio,Binders,GBC DocuBind P50 Personal Binding Machine,76.776,-58.8616,0.7,1
Colorado,Binders,GBC DocuBind P50 Personal Binding Machine,76.776,-58.8616,0.7,1
Oregon,Binders,"Avery Trapezoid Extra Heavy Duty 4"" Binders",88.074,-58.716,0.7,1
Texas,Storage,Space Solutions HD Industrial Steel Shelving.,275.928,-58.6347,0.2,1
Pennsylvania,Chairs,Global Deluxe Steno Chair,215.544,-58.5048,0.3,1
Texas,Chairs,Global Deluxe Steno Chair,215.544,-58.5048,0.3,2
Pennsylvania,Storage,"Eldon Base for stackable storage shelf, platinum",311.52,-58.41,0.2,2
Ohio,Tables,"Bush Andora Conference Table, Maple/Graphite Gray Finish",205.176,-58.1332,0.4,1
Texas,Storage,Fellowes Staxonsteel Drawer Files,772.68,-57.951,0.2,1
Pennsylvania,Binders,Binding Machine Supplies,78.759,-57.7566,0.7,1
Pennsylvania,Phones,Polycom SoundPoint Pro SE-225 Corded phone,285.576,-57.1152,0.4,1
Texas,Chairs,Global Commerce Series High-Back Swivel/Tilt Chairs,797.944,-56.996,0.3,1
Illinois,Chairs,Global Commerce Series High-Back Swivel/Tilt Chairs,797.944,-56.996,0.3,1
Pennsylvania,Phones,Digium D40 VoIP phone,309.576,-56.7556,0.4,1
Pennsylvania,Tables,"Barricks 18"" x 48"" Non-Folding Utility Table with Bottom Storage Shelf",241.92,-56.448,0.4,1
Texas,Chairs,Office Star - Mid Back Dual function Ergonomic High Back Chair with 2-Way Adjustable Arms,563.43,-56.343,0.3,1
Pennsylvania,Accessories,First Data FD10 PIN Pad,442.4,-55.3,0.2,1
Tennessee,Storage,Carina Media Storage Towers in Natural & Black,243.92,-54.882,0.2,1
Ohio,Chairs,High-Back Leather Manager's Chair,181.986,-54.5958,0.3,1
Illinois,Chairs,High-Back Leather Manager's Chair,181.986,-54.5958,0.3,1
Texas,Appliances,Belkin F9G930V10-GRY 9 Outlet Surge,21.392,-54.5496,0.8,1
Pennsylvania,Chairs,"Global Leather Highback Executive Chair with Pneumatic Height Adjustment, Black",1266.174,-54.2646,0.3,2
Ohio,Phones,JBL Micro Wireless Portable Bluetooth Speaker,215.964,-53.991,0.4,2
Ohio,Binders,GBC ProClick Punch Binding System,76.776,-53.7432,0.7,1
Texas,Furnishings,"Howard Miller 14-1/2"" Diameter Chrome Round Wall Clock",76.728,-53.7096,0.6,1
Illinois,Binders,GBC Premium Transparent Covers with Diagonal Lined Pattern,33.568,-53.7088,0.8,1
California,Tables,"Lesro Sheffield Collection Coffee Table, End Table, Center Table, Corner Table",1427.4,-53.5275,0.2,5
Pennsylvania,Bookcases,Sauder Cornerstone Collection Library,61.96,-53.2856,0.5,1
Illinois,Appliances,Tripp Lite TLP810NET Broadband Surge for Modem/Fax,20.388,-53.0088,0.8,1
Illinois,Appliances,Fellowes Basic Home/Office Series Surge Protectors,20.768,-52.9584,0.8,1
Texas,Bookcases,"Sauder Camden County Collection Libraries, Planked Cherry Finish",156.3728,-52.8908,0.32,1
Texas,Appliances,"Fellowes Premier Superior Surge Suppressor, 10-Outlet, With Phone and Remote",19.568,-52.8336,0.8,1
Massachusetts,Tables,Bretford Rectangular Conference Table Tops,526.582,-52.6582,0.3,1
Ohio,Phones,Dexim XPower Skin Super-Thin Power Case for iPhone 5 - Black,210.564,-52.641,0.4,1
Texas,Binders,GBC Durable Plastic Covers,30.96,-52.632,0.8,1
North Carolina,Binders,Wilson Jones Century Plastic Molded Ring Binders,68.541,-52.5481,0.7,1
Illinois,Bookcases,"Atlantic Metals Mobile 3-Shelf Bookcases, Custom Colors",913.43,-52.196,0.3,1
Ohio,Chairs,Hon Multipurpose Stacking Arm Chairs,909.72,-51.984,0.3,1
North Carolina,Storage,Carina Double Wide Media Storage Towers in Natural & Black,259.136,-51.8272,0.2,1
Pennsylvania,Phones,AT&T 841000 Phone,207.0,-51.75,0.4,2
Colorado,Storage,Tennsco Regal Shelving Units,243.384,-51.7191,0.2,1
Tennessee,Binders,GBC DocuBind TL200 Manual Binding Machine,67.194,-51.5154,0.7,1
Texas,Binders,Avery Recycled Flexi-View Covers for Binding Systems,32.06,-51.296,0.8,1
North Carolina,Furnishings,Tenex Antistatic Computer Chair Mats,410.352,-51.294,0.2,1
Texas,Storage,Fellowes Bankers Box Stor/Drawer Steel Plus,409.344,-51.168,0.2,2
Illinois,Furnishings,Tenex Chairmats For Use with Hard Floors,38.976,-50.6688,0.6,1
Pennsylvania,Phones,ClearSounds CSC500 Amplified Spirit Phone Corded phone,251.964,-50.3928,0.4,1
Illinois,Chairs,Global Troy Executive Leather Low-Back Tilter,701.372,-50.098,0.3,1
Texas,Binders,GBC Twin Loop Wire Binding Elements,33.28,-49.92,0.8,1
Ohio,Phones,Plantronics Voyager Pro Legend,247.188,-49.4376,0.4,1
New York,Tables,Hon 61000 Series Interactive Training Tables,133.29000000000002,-48.873,0.4,2
Delaware,Tables,Hon 2111 Invitation Series Straight Table,310.443,-48.7839,0.3,1
Arizona,Storage,Fellowes Officeware Wire Shelving,215.592,-48.5082,0.2,1
Pennsylvania,Chairs,Global Low Back Tilter Chair,141.372,-48.4704,0.3,1
Texas,Binders,"GBC Standard Recycled Report Covers, Clear Plastic Sheets",30.184,-48.2944,0.8,4
Illinois,Chairs,Hon Comfortask Task/Swivel Chairs,239.358,-47.8716,0.3,1
Ohio,Binders,GBC Standard Therm-A-Bind Covers,59.808,-47.8464,0.6999999999999998,3
Illinois,Furnishings,Flat Face Poster Frame,105.50399999999999,-47.4768,0.6,3
Pennsylvania,Phones,Aastra 6757i CT Wireless VoIP phone,258.528,-47.3968,0.4,1
Texas,Storage,Tennsco Double-Tier Lockers,540.048,-47.2542,0.2,1
North Carolina,Storage,Tennsco Double-Tier Lockers,540.048,-47.2542,0.2,1
Texas,Furnishings,"Eldon Expressions Desk Accessory, Wood Photo Frame, Mahogany",60.928,-47.2192,0.6,2
Maryland,Tables,Bevis Boat-Shaped Conference Table,550.431,-47.1798,0.3,1
Illinois,Tables,Balt Split Level Computer Training Table,69.375,-47.175,0.5,1
Massachusetts,Tables,Chromcraft Round Conference Tables,366.009,-47.0583,0.3,1
Ohio,Phones,Panasonic KX TS208W Corded phone,235.152,-47.0304,0.4,1
Texas,Bookcases,"Atlantic Metals Mobile 3-Shelf Bookcases, Custom Colors",532.3992,-46.9764,0.32,1
Florida,Binders,"Premier Elliptical Ring Binder, Black",63.92399999999999,-46.8776,0.7,2
Pennsylvania,Phones,Cisco SPA301,280.782,-46.797,0.4,1
Texas,Furnishings,DAX Black Cherry Wood-Tone Poster Frame,84.736,-46.6048,0.6,2
Ohio,Binders,GBC Twin Loop Wire Binding Elements,69.888,-46.592,0.7,1
Ohio,Binders,"Premium Transparent Presentation Covers, No Pattern/Clear, 8 1/2"" x 11""",58.17,-46.536,0.7,1
Illinois,Binders,Acco D-Ring Binder w/DublLock,29.932,-46.3946,0.8,1
California,Tables,Laminate Occasional Tables,1233.04,-46.239000000000004,0.2,2
Ohio,Binders,"GBC Velobind Prepunched Cover Sets, Regency Series",55.47,-46.225,0.7,1
Pennsylvania,Binders,GBC Premium Transparent Covers with Diagonal Lined Pattern,62.94,-46.156,0.7,2
Pennsylvania,Chairs,"Situations Contoured Folding Chairs, 4/Set",645.918,-46.137,0.3,3
Colorado,Machines,Lexmark S315 Color Inkjet Printer,59.994,-45.9954,0.7,1
Ohio,Binders,Lock-Up Easel 'Spel-Binder',59.913,-45.9333,0.7,1
Texas,Binders,Surelock Post Binders,30.56,-45.84,0.8,1
Arizona,Tables,Hon 2111 Invitation Series Straight Table,73.915,-45.8273,0.5,1
Illinois,Furnishings,"Contract Clock, 14"", Brown",70.336,-45.7184,0.6,2
Pennsylvania,Bookcases,O'Sullivan 3-Shelf Heavy-Duty Bookcases,87.21,-45.3492,0.5,1
Texas,Tables,"Iceberg OfficeWorks 42"" Round Tables",211.372,-45.294,0.3,1
Arizona,Binders,Vinyl Sectional Post Binders,67.86,-45.24,0.7,1
Ohio,Phones,Panasonic KX T7736-B Digital phone,179.94,-44.985,0.4,1
Pennsylvania,Binders,"Wilson Jones Elliptical Ring 3 1/2"" Capacity Binders, 800 sheets",64.2,-44.94,0.7,1
Ohio,Binders,Acco D-Ring Binder w/DublLock,64.14,-44.898,0.6999999999999998,3
Illinois,Storage,"Belkin 19"" Center-Weighted Shelf, Gray",235.92,-44.235,0.2,1
Texas,Storage,"Gould Plastics 18-Pocket Panel Bin, 34w x 5-1/4d x 20-1/2h",220.776,-44.1552,0.2,1
Florida,Binders,GBC DocuBind P50 Personal Binding Machine,57.582,-44.1462,0.7,1
Illinois,Storage,Carina Media Storage Towers in Natural & Black,195.136,-43.9056,0.2,1
Illinois,Furnishings,"Seth Thomas 16"" Steel Case Clock",64.96,-43.848,0.6,1
Washington,Phones,Jawbone MINI JAMBOX Wireless Bluetooth Speaker,219.168,-43.8336,0.2,1
Ohio,Storage,"Carina 42""Hx23 3/4""W Media Storage Unit",194.352,-43.7292,0.2,1
Ohio,Chairs,Global Ergonomic Managers Chair,760.116,-43.4352,0.3,1
Ohio,Phones,GE 30524EE4,235.188,-43.1178,0.4,1
Texas,Tables,Bevis Round Conference Room Tables and Bases,376.509,-43.0296,0.3,1
Arizona,Chairs,High-Back Leather Manager's Chair,311.976,-42.8967,0.2,1
Florida,Binders,"Green Canvas Binder for 8-1/2"" x 14"" Sheets",64.2,-42.8,0.7,1
Ohio,Chairs,Global Commerce Series High-Back Swivel/Tilt Chairs,598.458,-42.747,0.3,1
California,Chairs,Novimex Fabric Task Chair,682.976,-42.686,0.2,4
Illinois,Tables,Hon 61000 Series Interactive Training Tables,66.645,-42.6528,0.5,1
Pennsylvania,Storage,Sensible Storage WireTech Storage Systems,227.136,-42.588,0.2,1
Texas,Chairs,"Situations Contoured Folding Chairs, 4/Set",596.232,-42.588,0.3,2
Illinois,Furnishings,Howard Miller 12-3/4 Diameter Accuwave DS  Wall Clock,94.428,-42.4926,0.6,1
Arizona,Chairs,Global Low Back Tilter Chair,242.352,-42.4116,0.2,1
Texas,Bookcases,Sauder Barrister Bookcases,220.2656,-42.1096,0.32,1
New York,Bookcases,"O'Sullivan Elevations Bookcase, Cherry Finish",838.2719999999999,-41.9136,0.2,2
Texas,Binders,GBC VeloBind Cover Sets,27.791999999999998,-41.688,0.8,2
Arizona,Storage,Fellowes Bankers Box Staxonsteel Drawer File/Stacking System,415.872,-41.5872,0.2,1
California,Chairs,Global Deluxe Steno Chair,369.504,-41.5692,0.2,2
Pennsylvania,Binders,Ibico EB-19 Dual Function Manual Binding System,51.897,-41.5176,0.7,1
Texas,Binders,Ibico Plastic Spiral Binding Combs,24.32,-41.344,0.8,2
Texas,Furnishings,"Howard Miller 13-1/2"" Diameter Rosebrook Wall Clock",82.524,-41.262,0.6,1
Texas,Binders,GBC Recycled Regency Composition Covers,23.912,-40.6504,0.8,1
Ohio,Phones,Motorola L804,220.752,-40.4712,0.4,1
Texas,Binders,"Acco Flexible ACCOHIDE Square Ring Data Binder, Dark Blue, 11 1/2"" X 14"" 7/8""",26.032,-40.349599999999995,0.8,2
Arizona,Binders,"Premier Elliptical Ring Binder, Black",54.792,-40.1808,0.7,1
Florida,Binders,Avery Arch Ring Binders,52.29,-40.089,0.7,2
California,Phones,Anker Astro 15000mAh USB Portable Charger,199.95999999999998,-39.992000000000004,0.2,2
Washington,Chairs,Office Star Flex Back Scooter Chair with White Frame,532.704,-39.9528,0.2,1
Texas,Binders,Acco D-Ring Binder w/DublLock,25.656,-39.7668,0.8,2
Texas,Chairs,"Global Armless Task Chair, Royal Blue",213.43,-39.637,0.3,1
North Carolina,Binders,GBC Prestige Therm-A-Bind Covers,51.465,-39.4565,0.7,1
Texas,Binders,"Fellowes Twister Kit, Gray/Clear, 3/pkg",22.512,-39.396,0.8,2
Massachusetts,Tables,Balt Split Level Computer Training Table,194.25,-38.85,0.3,1
North Carolina,Binders,"XtraLife ClearVue Slant-D Ring Binder, White, 3""",48.444,-38.7552,0.7,2
Texas,Chairs,SAFCO Arco Folding Chair,2706.76,-38.668,0.3,2
Arizona,Binders,Cardinal EasyOpen D-Ring Binders,57.581999999999994,-38.388,0.7,2
Texas,Furnishings,12-1/2 Diameter Round Wall Clock,63.936,-38.361599999999996,0.6,2
Illinois,Binders,"Avery Trapezoid Ring Binder, 3"" Capacity, Black, 1040 sheets",24.588,-38.1114,0.8,1
Ohio,Storage,"Carina Mini System Audio Rack, Model AR050B",177.568,-37.7332,0.2,1
North Carolina,Binders,Heavy-Duty E-Z-D Binders,49.095,-37.6395,0.6999999999999998,3
Texas,Binders,Wilson Jones Leather-Like Binders with DublLock Round Rings,22.698,-37.4517,0.8,2
Delaware,Tables,"Lesro Sheffield Collection Coffee Table, End Table, Center Table, Corner Table",199.836,-37.1124,0.3,1
Ohio,Phones,Clearsounds A400,158.376,-36.9544,0.4,1
California,Tables,KI Conference Tables,737.256,-36.8628,0.2,2
Illinois,Bookcases,"O'Sullivan Elevations Bookcase, Cherry Finish",183.372,-36.6744,0.3,1
Tennessee,Binders,Ibico Plastic Spiral Binding Combs,45.599999999999994,-36.480000000000004,0.7,2
Arizona,Furnishings,"Eldon ""L"" Workstation Diamond Chairmat",364.704,-36.4704,0.2,1
Florida,Bookcases,O'Sullivan Living Dimensions 2-Shelf Bookcases,290.352,-36.294,0.2,1
Ohio,Phones,Nortel Meridian M5316 Digital phone,155.37,-36.253,0.4,1
Texas,Chairs,DMI Arturo Collection Mission-style Design Wood Chair,634.116,-36.2352,0.3,2
Texas,Bookcases,Bush Mission Pointe Library,205.3328,-36.2352,0.32,1
Illinois,Chairs,"Global Leather Highback Executive Chair with Pneumatic Height Adjustment, Black",844.116,-36.1764,0.3,1
North Carolina,Tables,KI Adjustable-Height Table,154.764,-36.1116,0.4,1
Arizona,Accessories,Case Logic 2.4GHz Wireless Keyboard,239.952,-35.9928,0.2,1
Pennsylvania,Binders,Large Capacity Hanging Post Binders,44.91,-35.928,0.7,1
Illinois,Bookcases,Sauder Inglewood Library Bookcases,359.058,-35.9058,0.3,1
Arizona,Binders,GBC Standard Therm-A-Bind Covers,44.856,-35.8848,0.7,1
Texas,Binders,"GBC Pre-Punched Binding Paper, Plastic, White, 8-1/2"" x 11""",22.386,-35.8176,0.8,1
Ohio,Phones,AT&T 1080 Corded phone,164.388,-35.6174,0.4,1
Ohio,Chairs,Office Star Flex Back Scooter Chair with White Frame,155.372,-35.5136,0.3,1
Arizona,Chairs,Office Star - Mesh Screen back chair with Vinyl seat,314.352,-35.3646,0.2,1
Ohio,Chairs,Global Executive Mid-Back Manager's Chair,611.058,-34.9176,0.3,1
Pennsylvania,Binders,GBC Wire Binding Strips,47.61,-34.914,0.7,2
Texas,Supplies,Premier Electric Letter Opener,185.376,-34.758,0.2,1
Arizona,Supplies,Premier Electric Letter Opener,185.376,-34.758,0.2,1
North Carolina,Supplies,Premier Electric Letter Opener,185.376,-34.758,0.2,1
Pennsylvania,Tables,"Bush Cubix Conference Tables, Fully Assembled",138.588,-34.647,0.4,1
Arizona,Chairs,Global Deluxe Steno Chair,307.92,-34.641,0.2,1
Washington,Chairs,Global Super Steno Chair,921.4080000000001,-34.5528,0.2,2
California,Bookcases,"Sauder Camden County Collection Libraries, Planked Cherry Finish",488.665,-34.494,0.15,2
Texas,Tables,KI Adjustable-Height Table,300.93,-34.392,0.3,1
Ohio,Binders,Deluxe Heavy-Duty Vinyl Round Ring Binder,41.256,-34.38,0.7,1
Ohio,Phones,Panasonic KX-TG6844B Expandable Digital Cordless Telephone,158.376,-34.3148,0.4,1
Florida,Storage,"Iris 3-Drawer Stacking Bin, Black",150.408,-33.8418,0.2,1
Colorado,Storage,"Fellowes Strictly Business Drawer File, Letter/Legal Size",338.04,-33.804,0.2,1
Texas,Storage,"Fellowes Strictly Business Drawer File, Letter/Legal Size",338.04,-33.804,0.2,1
Illinois,Furnishings,"Howard Miller 11-1/2"" Diameter Grantwood Wall Clock",51.756,-33.6414,0.6,1
North Carolina,Binders,"Performers Binder/Pad Holder, Black",50.454,-33.636,0.7,1
Illinois,Furnishings,36X48 HARDFLOOR CHAIRMAT,25.176,-33.3582,0.6,1
Texas,Accessories,WD My Passport Ultra 2TB Portable External Hard Drive,666.4,-33.32,0.2,1
North Carolina,Chairs,"Global High-Back Leather Tilter, Burgundy",295.176,-33.207300000000004,0.2,2
Texas,Binders,GBC Plasticlear Binding Covers,20.664,-33.0624,0.8,2
Texas,Binders,GBC Instant Report Kit,21.998,-32.997,0.8000000000000002,3
Colorado,Storage,Carina Media Storage Towers in Natural & Black,146.352,-32.9292,0.2,1
Texas,Storage,"Contico 72""H Heavy-Duty Storage System",131.136,-32.784,0.2,1
Texas,Chairs,Hon Every-Day Chair Series Swivel Task Chairs,254.058,-32.6646,0.3,1
Texas,Storage,Safco Industrial Wire Shelving,153.584,-32.6366,0.2,1
Colorado,Binders,GBC Durable Plastic Covers,40.635,-32.508,0.7,1
Texas,Appliances,Belkin F9S820V06 8 Outlet Surge,12.992,-32.48,0.8,1
Tennessee,Phones,iOttie XL Car Mount,143.928,-32.3838,0.2,1
Texas,Storage,Fellowes Officeware Wire Shelving,143.728,-32.3388,0.2,1
Texas,Furnishings,Contemporary Wood/Metal Frame,51.712,-32.32,0.6,1
North Carolina,Bookcases,Sauder Cornerstone Collection Library,198.272,-32.2192,0.2,1
Texas,Binders,Deluxe Heavy-Duty Vinyl Round Ring Binder,18.336,-32.088,0.8,1
California,Chairs,"Global Task Chair, Black",284.98400000000004,-32.0607,0.20000000000000004,3
California,Chairs,Hon Comfortask Task/Swivel Chairs,638.288,-31.9144,0.2,1
Illinois,Furnishings,"Eldon Delta Triangular Chair Mat, 52"" x 58"", Clear",30.344,-31.8612,0.6,1
Florida,Binders,GBC VeloBinder Manual Binding System,43.188,-31.6712,0.7,1
California,Tables,Balt Solid Wood Rectangular Table,253.176,-31.647,0.2,1
Arizona,Accessories,First Data FD10 PIN Pad,252.8,-31.6,0.2,1
Illinois,Appliances,Bionaire 99.97% HEPA Air Cleaner,14.016,-31.536,0.8,1
Oregon,Phones,OtterBox Commuter Series Case - Samsung Galaxy S4,139.944,-31.4874,0.2,1
Texas,Tables,Chromcraft Round Conference Tables,244.006,-31.3722,0.3,1
New Jersey,Tables,Chromcraft Round Conference Tables,244.006,-31.3722,0.3,1
Illinois,Binders,Recycled Easel Ring Binders,17.904,-31.332,0.8,1
Texas,Tables,"Lesro Round Back Collection Coffee Table, End Table",127.785,-31.0335,0.3,1
Texas,Appliances,Acco 6 Outlet Guardian Premium Surge Suppressor,11.648,-30.8672,0.8,1
Arizona,Binders,"GBC Standard Recycled Report Covers, Clear Plastic Sheets",42.042,-30.8308,0.7,2
Texas,Furnishings,"Dana Fluorescent Magnifying Lamp, White, 36""",40.784,-30.588,0.6,1
Illinois,Binders,Fellowes Presentation Covers for Comb Binding Machines,17.46,-30.555,0.8,1
Texas,Chairs,"Lifetime Advantage Folding Chairs, 4/Carton",1068.592,-30.5312,0.3,2
Pennsylvania,Furnishings,"Eldon ""L"" Workstation Diamond Chairmat",303.92,-30.392,0.2,1
Illinois,Bookcases,Hon 4-Shelf Metal Bookcases,424.116,-30.294,0.3,1
Pennsylvania,Storage,Fellowes Bankers Box Recycled Super Stor/Drawer,172.736,-30.2288,0.2,1
Oregon,Binders,Vinyl Sectional Post Binders,45.24,-30.16,0.7,1
Arizona,Accessories,Microsoft Natural Keyboard Elite,479.04,-29.94,0.2,1
Texas,Accessories,Microsoft Natural Keyboard Elite,479.04,-29.94,0.2,2
Florida,Binders,Large Capacity Hanging Post Binders,37.425,-29.94,0.7,1
Illinois,Chairs,GuestStacker Chair with Chrome Finish Legs,1040.928,-29.7408,0.3,2
Pennsylvania,Furnishings,Eldon Antistatic Chair Mats for Low to Medium Pile Carpets,168.464,-29.4812,0.2,1
North Carolina,Storage,"Gould Plastics 18-Pocket Panel Bin, 34w x 5-1/4d x 20-1/2h",147.184,-29.4368,0.2,1
Florida,Storage,"Gould Plastics 18-Pocket Panel Bin, 34w x 5-1/4d x 20-1/2h",147.184,-29.4368,0.2,1
Colorado,Storage,"Gould Plastics 18-Pocket Panel Bin, 34w x 5-1/4d x 20-1/2h",147.184,-29.4368,0.2,1
Pennsylvania,Storage,"Gould Plastics 18-Pocket Panel Bin, 34w x 5-1/4d x 20-1/2h",147.184,-29.4368,0.2,1
Tennessee,Tables,Hon 61000 Series Interactive Training Tables,79.974,-29.3238,0.4,1
North Carolina,Binders,Poly Designer Cover & Back,39.879,-29.2446,0.7,1
Pennsylvania,Chairs,Office Star - Ergonomically Designed Knee Chair,113.372,-29.1528,0.3,1
Colorado,Chairs,Global Highback Leather Tilter in Burgundy,582.336,-29.1168,0.2,1
Ohio,Accessories,"Memorex 25GB 6X Branded Blu-Ray Recordable Disc, 30/Pack",178.92,-29.0745,0.2,1
Pennsylvania,Binders,Tuf-Vin Binders,37.896,-29.0536,0.7,1
Illinois,Chairs,"Global Task Chair, Black",106.869,-29.0073,0.3,1
New York,Bookcases,"Sauder Forest Hills Library with Doors, Woodland Oak Finish",257.568,-28.9764,0.2,1
Colorado,Chairs,Office Star - Ergonomic Mid Back Chair with 2-Way Adjustable Arms,579.136,-28.9568,0.2,1
Texas,Storage,Fellowes Recycled Storage Drawers,177.648,-28.8678,0.2,1
Pennsylvania,Phones,Mophie Juice Pack Helium for iPhone,143.982,-28.7964,0.4,1
Pennsylvania,Accessories,Logitech G13 Programmable Gameboard with LCD Display,255.968,-28.7964,0.2,1
North Carolina,Binders,GBC Recycled VeloBinder Covers,35.784,-28.6272,0.7,1
Florida,Chairs,High-Back Leather Manager's Chair,207.984,-28.5978,0.2,1
Pennsylvania,Chairs,Global Commerce Series High-Back Swivel/Tilt Chairs,398.972,-28.498,0.3,1
Pennsylvania,Storage,Space Solutions Industrial Galvanized Steel Shelving.,126.08,-28.368,0.2,1
Tennessee,Chairs,Global Low Back Tilter Chair,161.568,-28.2744,0.2,1
Rhode Island,Tables,"Barricks 18"" x 48"" Non-Folding Utility Table with Bottom Storage Shelf",493.92,-28.224,0.3,1
Tennessee,Tables,"Barricks 18"" x 48"" Non-Folding Utility Table with Bottom Storage Shelf",120.96,-28.224,0.4,1
Illinois,Binders,Avery Heavy-Duty EZD View Binder with Locking Rings,16.588,-28.1996,0.8000000000000002,3
Tennessee,Binders,GBC Wire Binding Strips,38.088,-27.9312,0.7,1
North Carolina,Machines,Cisco CP-7937G Unified IP Conference Station Phone,695.7,-27.828,0.5,1
Florida,Machines,Cisco CP-7937G Unified IP Conference Station Phone,695.7,-27.828,0.5,1
Ohio,Phones,Plantronics 81402,118.782,-27.7158,0.4,1
Pennsylvania,Phones,Clearsounds A400,118.782,-27.7158,0.4,1
Washington,Chairs,Global Deluxe Steno Chair,246.336,-27.7128,0.2,2
Texas,Furnishings,"GE General Use Halogen Bulbs, 100 Watts, 1 Bulb per Pack",100.512,-27.6408,0.6,2
Texas,Binders,"Cardinal HOLDit! Binder Insert Strips,Extra Strips",17.724,-27.4722,0.8,2
Texas,Accessories,V7 USB Numeric Keypad,167.952,-27.2922,0.2,1
Texas,Bookcases,"Bush Westfield Collection Bookcases, Fully Assembled",205.9992,-27.2646,0.32,1
Pennsylvania,Binders,GBC Linen Binding Covers,37.176,-27.2624,0.7,2
Florida,Binders,"Wilson Jones Elliptical Ring 3 1/2"" Capacity Binders, 800 sheets",38.52,-26.964,0.7,1
Colorado,Accessories,Logitech K350 2.4Ghz Wireless Keyboard,238.896,-26.8758,0.2,1
Illinois,Furnishings,"Howard Miller 13"" Diameter Goldtone Round Wall Clock",56.328,-26.7558,0.6,1
Texas,Storage,Fellowes Stor/Drawer Steel Plus Storage Drawers,152.688,-26.7204,0.2,1
Ohio,Furnishings,"Rubbermaid ClusterMat Chairmats, Mat Size- 66"" x 60"", Lip 20"" x 11"" -90 Degree Angle",532.704,-26.6352,0.2,1
Texas,Chairs,Office Star - Contemporary Task Swivel Chair,310.744,-26.6352,0.3,1
Florida,Binders,GBC Twin Loop Wire Binding Elements,39.936,-26.624,0.7,1
Ohio,Storage,"Belkin 19"" Center-Weighted Shelf, Gray",141.552,-26.541,0.2,1
Texas,Binders,"Angle-D Binders with Locking Rings, Label Holders",16.060000000000002,-26.499000000000002,0.8,2
Pennsylvania,Binders,Wilson Jones Legal Size Ring Binders,39.582,-26.387999999999998,0.7,2
Florida,Binders,Ibico Plastic and Wire Spiral Binding Combs,32.876999999999995,-26.3016,0.7,2
Tennessee,Binders,Lock-Up Easel 'Spel-Binder',34.236,-26.2476,0.7,1
Texas,Binders,"Acco Four Pocket Poly Ring Binder with Label Holder, Smoke, 1""",14.899999999999999,-26.075000000000003,0.8,2
Pennsylvania,Storage,Fellowes Bankers Box Staxonsteel Drawer File/Stacking System,259.92,-25.992,0.2,1
Texas,Binders,"Pressboard Covers with Storage Hooks, 9 1/2"" x 11"", Light Blue",15.712,-25.9248,0.8,2
Texas,Storage,Carina Double Wide Media Storage Towers in Natural & Black,129.568,-25.9136,0.2,1
Arizona,Chairs,Office Star - Ergonomically Designed Knee Chair,259.136,-25.9136,0.2,1
Colorado,Binders,"Avery Trapezoid Ring Binder, 3"" Capacity, Black, 1040 sheets",36.882,-25.8174,0.7,1
Florida,Binders,"Avery Flip-Chart Easel Binder, Black",33.57,-25.737,0.7,1
Illinois,Binders,Avery Recycled Flexi-View Covers for Binding Systems,16.03,-25.648,0.8,1
Washington,Chairs,"Global Wood Trimmed Manager's Task Chair, Khaki",291.136,-25.4744,0.2,1
Texas,Chairs,Office Star - Contemporary Swivel Chair with Padded Adjustable Arms and Flex Back,197.372,-25.3764,0.3,1
Pennsylvania,Phones,AT&T 17929 Lendline Telephone,108.576,-25.3344,0.4,1
Ohio,Phones,AT&T CL2909,151.188,-25.198,0.4,1
Texas,Storage,Safco Industrial Shelving,118.16,-25.109,0.2,1
Oregon,Binders,"Avery 3 1/2"" Diskette Storage Pages, 10/Pack",31.32,-25.056,0.7,1
Texas,Binders,Ibico Recycled Linen-Style Covers,15.624,-24.9984,0.8,1
Pennsylvania,Furnishings,Luxo Professional Magnifying Clamp-On Fluorescent Lamps,332.832,-24.9624,0.2,1
Texas,Furnishings,"Deflect-o SuperTray Unbreakable Stackable Tray, Letter, Black",58.36,-24.803,0.6,1
Texas,Appliances,Hoover Commercial Soft Guard Upright Vacuum And Disposable Filtration Bags,9.324,-24.7086,0.8,1
Pennsylvania,Binders,GBC VeloBind Cover Sets,37.056,-24.704,0.7,2
Tennessee,Storage,"Contico 72""H Heavy-Duty Storage System",98.352,-24.588,0.2,1
Colorado,Furnishings,Eldon ClusterMat Chair Mat with Cordless Antistatic Protection,218.352,-24.5646,0.2,1
Illinois,Storage,"SAFCO Commercial Wire Shelving, 72h",97.984,-24.496,0.2,1
Ohio,Phones,Avaya 5410 Digital phone,122.382,-24.4764,0.4,1
Pennsylvania,Phones,Avaya 5410 Digital phone,122.382,-24.4764,0.4,1
Texas,Binders,Avery Durable Poly Binders,14.378,-24.4426,0.8,2
Colorado,Binders,Aluminum Screw Posts,36.624,-24.416,0.7,1
Pennsylvania,Binders,Aluminum Screw Posts,36.624,-24.416,0.7,2
Florida,Chairs,Novimex Fabric Task Chair,390.272,-24.392,0.2,1
Ohio,Machines,Texas Instrument TI-15 Fraction Calculator,30.345,-24.276,0.7,1
Ohio,Chairs,Global Low Back Tilter Chair,70.686,-24.2352,0.3,1
Ohio,Binders,Ibico Standard Transparent Covers,34.608000000000004,-24.2256,0.7,2
Illinois,Furnishings,"Electrix Incandescent Magnifying Lamp, Black",29.32,-24.189,0.6,1
Ohio,Chairs,"Global Leather Highback Executive Chair with Pneumatic Height Adjustment, Black",562.744,-24.1176,0.3,1
Arizona,Tables,KI Conference Tables,35.445,-24.1026,0.5,1
Texas,Binders,Wilson Jones Impact Binders,15.54,-24.087,0.8000000000000002,3
Pennsylvania,Phones,"Logitech B530 USB Headset - headset - Full size, Binaural",110.97,-24.0435,0.4,1
Ohio,Binders,Large Capacity Hanging Post Binders,29.94,-23.952,0.7,1
Maryland,Tables,"Bush Andora Conference Table, Maple/Graphite Gray Finish",239.372,-23.9372,0.3,1
Illinois,Binders,"GBC White Gloss Covers, Plain Front",14.48,-23.892,0.8,1
Pennsylvania,Binders,Wilson Jones Century Plastic Molded Ring Binders,31.155,-23.8855,0.7,1
Texas,Binders,GBC Imprintable Covers,15.372,-23.8266,0.8,2
Illinois,Chairs,"Global Armless Task Chair, Royal Blue",128.058,-23.7822,0.3,1
Pennsylvania,Chairs,"Global Armless Task Chair, Royal Blue",128.058,-23.7822,0.3,1
Texas,Binders,Avery Non-Stick Binders,13.469999999999999,-23.5725,0.8,4
California,Tables,"Bevis Oval Conference Table, Walnut",626.352,-23.4882,0.2,1
Texas,Tables,"Riverside Furniture Oval Coffee Table, Oval End Table, End Table with Drawer",200.795,-22.948,0.3,1
Illinois,Binders,"SlimView Poly Binder, 3/8""",13.468,-22.8956,0.8,1
Texas,Binders,Aluminum Screw Posts,15.260000000000002,-22.89,0.8,2
Texas,Furnishings,"Eldon Expressions Wood Desk Accessories, Oak",29.52,-22.878,0.6,2
Pennsylvania,Binders,GBC Recycled Grain Textured Covers,31.086,-22.7964,0.7,1
Texas,Binders,Storex Dura Pro Binders,13.068,-22.7502,0.8,4
Ohio,Accessories,V7 USB Numeric Keypad,139.96,-22.7435,0.2,1
Texas,Storage,Fellowes Bankers Box Recycled Super Stor/Drawer,129.552,-22.6716,0.2,1
North Carolina,Storage,Fellowes Bankers Box Recycled Super Stor/Drawer,129.552,-22.6716,0.2,1
Illinois,Binders,Vinyl Sectional Post Binders,15.08,-22.62,0.8,1
Ohio,Binders,Vinyl Sectional Post Binders,33.93,-22.62,0.7,1
Texas,Furnishings,36X48 HARDFLOOR CHAIRMAT,16.784,-22.2388,0.6,1
Illinois,Binders,Wilson Jones International Size A4 Ring Binders,13.84,-22.144,0.8,1
Washington,Chairs,"Global High-Back Leather Tilter, Burgundy",196.784,-22.1382,0.2,1
Oregon,Machines,Plantronics Single Ear Headset,29.925,-21.945,0.7,1
Ohio,Binders,Ibico Plastic Spiral Binding Combs,27.36,-21.888,0.7,1
Pennsylvania,Binders,JM Magazine Binder,29.718,-21.7932,0.7,1
Pennsylvania,Chairs,Global Ergonomic Managers Chair,380.058,-21.7176,0.3,1
Florida,Binders,"GBC Prepunched Paper, 19-Hole, for Binding Systems, 24-lb",27.018,-21.6144,0.7,1
Ohio,Furnishings,Eldon Cleatmat Plus Chair Mats for High Pile Carpets,190.848,-21.4704,0.2,1
Ohio,Phones,LG Electronics Tone+ HBS-730 Bluetooth Headset,107.118,-21.4236,0.4,1
Texas,Tables,Hon 61000 Series Interactive Training Tables,124.404,-21.3264,0.3,1
Florida,Storage,Sensible Storage WireTech Storage Systems,113.568,-21.294,0.2,1
Ohio,Storage,Tennsco 6- and 18-Compartment Lockers,848.544,-21.2136,0.2,1
Texas,Binders,XtraLife ClearVue Slant-D Ring Binders by Cardinal,14.112,-21.168,0.8,1
North Carolina,Binders,Avery Recycled Flexi-View Covers for Binding Systems,28.854,-21.1596,0.7,1
North Carolina,Binders,"GBC Pre-Punched Binding Paper, Plastic, White, 8-1/2"" x 11""",28.782,-21.1068,0.7,1
Florida,Binders,GBC Personal VeloBind Strips,28.752,-21.0848,0.7,1
Ohio,Chairs,"Global Leather and Oak Executive Chair, Black",1474.802,-21.0686,0.3,1
Pennsylvania,Phones,iHome FM Clock Radio with Lightning Dock,83.988,-20.997,0.4,1
Texas,Furnishings,Telescoping Adjustable Floor Lamp,23.988,-20.9895,0.6,2
Arizona,Binders,Poly Designer Cover & Back,28.485,-20.889,0.7,1
Tennessee,Binders,Ibico Recycled Grain-Textured Covers,31.086,-20.724,0.7,1
Illinois,Binders,"GBC Clear Cover, 8-1/2 x 11, unpunched, 25 covers per pack",12.128,-20.6176,0.8,1
Illinois,Binders,Wilson Jones Century Plastic Molded Ring Binders,12.462,-20.5623,0.8,1
Ohio,Binders,GBC Recycled VeloBinder Covers,25.56,-20.448,0.7,1
North Carolina,Binders,GBC Linen Binding Covers,27.882,-20.4468,0.7,1
Texas,Binders,Ibico Standard Transparent Covers,13.184,-20.4352,0.8,1
Texas,Furnishings,Flat Face Poster Frame,45.216,-20.3472,0.6,2
Texas,Appliances,Holmes Odor Grabber,8.652,-20.3322,0.8,1
Texas,Chairs,"Global Geo Office Task Chair, Gray",56.686,-20.245,0.3,1
Ohio,Phones,Panasonic Kx-TS550,110.376,-20.2356,0.4,1
Pennsylvania,Tables,Hon 4060 Series Tables,67.176,-20.1528,0.4,1
Texas,Binders,Premium Transparent Presentation Covers by GBC,12.588,-20.1408,0.8,1
Washington,Phones,i.Sound Portable Power - 8000 mAh,84.784,-20.1362,0.2,1
Oregon,Phones,i.Sound Portable Power - 8000 mAh,84.784,-20.1362,0.2,1
California,Phones,i.Sound Portable Power - 8000 mAh,84.784,-20.1362,0.2,1
North Carolina,Binders,"Premier Elliptical Ring Binder, Black",27.396,-20.0904,0.7,1
Pennsylvania,Binders,"GBC White Gloss Covers, Plain Front",26.064,-19.9824,0.7,1
New Jersey,Tables,Bevis 36 x 72 Conference Tables,174.286,-19.9184,0.3,1
Texas,Bookcases,"Hon Metal Bookcases, Black",193.0656,-19.8744,0.32,1
Texas,Furnishings,"Linden 10"" Round Wall Clock, Black",30.56,-19.864,0.6,1
Texas,Binders,"Square Ring Data Binders, Rigid 75 Pt. Covers, 11"" x 14-7/8""",12.384,-19.8144,0.8,1
Illinois,Furnishings,DAX Wood Document Frame,32.952,-19.7712,0.6,1
Illinois,Furnishings,"Howard Miller 11-1/2"" Diameter Ridgewood Wall Clock",41.552,-19.7372,0.6,1
Texas,Appliances,Holmes HEPA Air Purifier,8.712,-19.602,0.8,1
Texas,Supplies,Stiletto Hand Letter Openers,92.16,-19.584,0.2,2
Pennsylvania,Storage,"Belkin 19"" Vented Equipment Shelf, Black",82.368,-19.5624,0.2,1
Illinois,Machines,Okidata C610n Printer,1362.9,-19.47,0.3,1
Pennsylvania,Chairs,"Global Task Chair, Black",71.246,-19.3382,0.3,1
Texas,Storage,Tennsco Commercial Shelving,81.36,-19.323,0.2,2
Florida,Storage,Tennsco Commercial Shelving,81.36,-19.323,0.2,1
Texas,Chairs,Hon 4070 Series Pagoda Round Back Stacking Chairs,674.058,-19.2588,0.3,1
Illinois,Binders,GBC Standard Plastic Binding Systems Combs,12.39,-19.2045,0.8,2
Texas,Binders,GBC Personal VeloBind Strips,11.98,-19.168,0.8,1
Florida,Chairs,"Global Wood Trimmed Manager's Task Chair, Khaki",218.352,-19.1058,0.2,1
Texas,Furnishings,DAX Natural Wood-Tone Poster Frame,31.776,-19.0656,0.6,1
Florida,Binders,Wilson Jones International Size A4 Ring Binders,25.950000000000003,-19.03,0.7,2
Florida,Phones,Mediabridge Sport Armband iPhone 5s,79.92,-18.981,0.2,2
Texas,Binders,"GBC Twin Loop Wire Binding Elements, 9/16"" Spine, Black",12.176,-18.8728,0.8,1
Illinois,Binders,"GBC Laser Imprintable Binding System Covers, Desert Sand",11.416,-18.8364,0.8,1
Florida,Accessories,Belkin QODE FastFit Bluetooth Keyboard,247.8,-18.585,0.2,1
Texas,Tables,"Lesro Sheffield Collection Coffee Table, End Table, Center Table, Corner Table",99.918,-18.5562,0.3,1
Texas,Binders,Insertable Tab Post Binder Dividers,11.228,-18.5262,0.8,1
Oregon,Binders,GBC Imprintable Covers,26.352,-18.4464,0.7,1
Illinois,Binders,"Acco Data Flex Cable Posts For Top & Bottom Load Binders, 6"" Capacity",10.43,-18.2525,0.8,1
Ohio,Furnishings,"Eldon ""L"" Workstation Diamond Chairmat",182.352,-18.2352,0.2,1
Texas,Chairs,"Global Value Steno Chair, Gray",255.108,-18.222,0.3,1
Illinois,Storage,Safco Industrial Wire Shelving System,72.784,-18.196,0.2,1
Oregon,Accessories,SanDisk Ultra 16 GB MicroSDHC Class 10 Memory Card,103.92,-18.186,0.2,1
Illinois,Chairs,"Global Stack Chair without Arms, Black",254.604,-18.186,0.3,1
Tennessee,Furnishings,"Deflect-o EconoMat Studded, No Bevel Mat for Low Pile Carpeting",132.224,-18.1808,0.2,1
Illinois,Chairs,DMI Arturo Collection Mission-style Design Wood Chair,317.058,-18.1176,0.3,1
Pennsylvania,Machines,Ricoh - Ink Collector Unit for GX3000 Series Printers,12.585,-18.0385,0.7,1
Pennsylvania,Binders,"Wilson Jones Ledger-Size, Piano-Hinge Binder, 2"", Blue",24.588,-18.0312,0.7,1
Texas,Accessories,Case Logic 2.4GHz Wireless Keyboard,119.976,-17.9964,0.2,1
North Carolina,Accessories,Case Logic 2.4GHz Wireless Keyboard,119.976,-17.9964,0.2,1
California,Phones,OtterBox Commuter Series Case - Samsung Galaxy S4,79.968,-17.9928,0.2,1
Washington,Phones,iOttie XL Car Mount,79.96,-17.991,0.2,1
Texas,Binders,Storex DuraTech Recycled Plastic Frosted Binders,11.872,-17.808,0.8,4
Texas,Furnishings,"Executive Impressions 14"" Contract Wall Clock with Quartz Movement",44.46,-17.784,0.6,1
Colorado,Storage,Tennsco Industrial Shelving,78.256,-17.6076,0.2,1
Pennsylvania,Storage,Tennsco Industrial Shelving,78.256,-17.6076,0.2,1
Texas,Binders,GBC Standard Plastic Binding Systems' Combs,10.048,-17.584,0.8,2
Texas,Storage,"Eldon Base for stackable storage shelf, platinum",93.456,-17.523,0.2,1
California,Tables,Hon 5100 Series Wood Tables,698.352,-17.4588,0.2,1
Texas,Furnishings,Nu-Dell Executive Frame,30.336,-17.4432,0.6,1
Texas,Chairs,Global Deluxe High-Back Manager's Chair,1201.116,-17.1588,0.3,2
Texas,Binders,GBC Wire Binding Combs,10.34,-17.061,0.8,2
Illinois,Binders,Flexible Leather- Look Classic Collection Ring Binder,11.364,-17.046,0.8,1
Texas,Binders,Flexible Leather- Look Classic Collection Ring Binder,11.364,-17.046,0.8,1
Ohio,Phones,Panasonic KX TS3282W Corded phone,101.988,-16.998,0.4,1
Texas,Storage,"Gould Plastics 9-Pocket Panel Bin, 18-3/8w x 5-1/4d x 20-1/2h, Black",84.784,-16.9568,0.2,1
Colorado,Binders,"Avery Trapezoid Extra Heavy Duty 4"" Binders",25.164,-16.776,0.7,1
Illinois,Storage,Rogers Deluxe File Chest,70.336,-16.7048,0.2,2
Ohio,Binders,"Cardinal Slant-D Ring Binder, Heavy Gauge Vinyl",20.856,-16.6848,0.7,1
California,Tables,Balt Split Level Computer Training Table,333.0,-16.65,0.2,1
Arizona,Accessories,"Memorex 25GB 6X Branded Blu-Ray Recordable Disc, 30/Pack",102.24,-16.614,0.2,1
Oregon,Binders,"GBC Standard Recycled Report Covers, Clear Plastic Sheets",22.638,-16.6012,0.7,1
Texas,Furnishings,"Eldon Executive Woodline II Desk Accessories, Mahogany",20.104,-16.5858,0.6,1
Florida,Phones,Motorola HK250 Universal Bluetooth Headset,73.568,-16.5528,0.2,1
Texas,Binders,GBC ProClick Spines for 32-Hole Punch,10.024,-16.5396,0.8,1
Illinois,Binders,"Avery Framed View Binder, EZD Ring (Locking), Navy, 1 1/2""",9.98,-16.467,0.8,1
Florida,Machines,Hewlett-Packard Deskjet 6540 Color Inkjet Printer,821.3,-16.426,0.5,1
Illinois,Binders,Fellowes Binding Cases,9.36,-16.38,0.8,1
Texas,Storage,"Tennsco Lockers, Gray",100.704,-16.3644,0.2,1
Pennsylvania,Storage,Safco Industrial Wire Shelving,76.792,-16.3183,0.2,1
New York,Bookcases,O'Sullivan Plantations 2-Door Library in Landvery Oak,321.568,-16.0784,0.2,1
California,Phones,Anker Astro Mini 3000mAh Ultra-Compact Portable Charger,63.968,-15.992,0.2,2
Pennsylvania,Phones,Anker Astro Mini 3000mAh Ultra-Compact Portable Charger,23.988,-15.992,0.4,1
Texas,Furnishings,DAX Wood Document Frame.,21.968,-15.9268,0.6,1
Colorado,Storage,Tennsco 6- and 18-Compartment Lockers,636.408,-15.9102,0.2,1
Colorado,Binders,GBC VeloBinder Manual Binding System,21.594,-15.8356,0.7,1
Illinois,Storage,Tennsco Double-Tier Lockers,180.016,-15.7514,0.2,1
Florida,Bookcases,Bush Somerset Collection Bookcase,314.352,-15.7176,0.2,1
Ohio,Bookcases,"Safco Value Mate Series Steel Bookcases, Baked Enamel Finish on Steel, Gray",35.49,-15.6156,0.5,1
Texas,Storage,Fellowes Neat Ideas Storage Cubes,77.952,-15.5904,0.2,1
Ohio,Phones,Mediabridge Sport Armband iPhone 5s,23.976,-15.5844,0.4,1
Connecticut,Tables,"Bevis Round Bullnose 29"" High Table Top",181.797,-15.5826,0.3,1
Illinois,Furnishings,"Howard Miller 11-1/2"" Diameter Brentwood Wall Clock",34.504,-15.5268,0.6,1
Ohio,Tables,KI Adjustable-Height Table,51.588,-15.4764,0.4,1
Ohio,Chairs,"Global Wood Trimmed Manager's Task Chair, Khaki",63.686,-15.4666,0.3,1
California,Phones,Gear Head AU3700S Headset,72.744,-15.4581,0.2,1
Texas,Chairs,Global Commerce Series Low-Back Swivel/Tilt Chairs,1079.316,-15.418800000000001,0.3,2
Pennsylvania,Chairs,Global Commerce Series Low-Back Swivel/Tilt Chairs,1079.316,-15.4188,0.3,1
Pennsylvania,Binders,"Acco Pressboard Covers with Storage Hooks, 14 7/8"" x 11"", Executive Red",18.288,-15.24,0.6999999999999998,3
Texas,Chairs,"Global Value Mid-Back Manager's Chair, Gray",213.115,-15.2225,0.3,2
Illinois,Chairs,"Global Value Mid-Back Manager's Chair, Gray",213.115,-15.2225,0.3,1
Arizona,Binders,GBC Recycled Grain Textured Covers,20.724,-15.1976,0.7,1
Pennsylvania,Phones,Panasonic Kx-TS550,82.782,-15.1767,0.4,1
Ohio,Binders,Pressboard Hanging Data Binders for Unburst Sheets,20.664,-15.1536,0.7,2
Texas,Chairs,"Global Fabric Manager's Chair, Dark Gray",212.058,-15.147,0.3,1
California,Tables,"Iceberg OfficeWorks 42"" Round Tables",241.568,-15.098,0.2,1
Illinois,Appliances,Belkin 7-Outlet SurgeMaster Home Series,5.588,-15.0876,0.8,1
Colorado,Binders,Vinyl Sectional Post Binders,22.62,-15.08,0.7,1
Pennsylvania,Phones,Blue Parrot B250XT Professional Grade Wireless Bluetooth Headset with,89.988,-14.998,0.4,1
Illinois,Binders,"XtraLife ClearVue Slant-D Ring Binder, White, 3""",8.808,-14.9736,0.8,1
Illinois,Furnishings,Dana Swing-Arm Lamps,17.088,-14.952,0.6,2
Colorado,Binders,Recycled Easel Ring Binders,17.904,-14.92,0.7,1
Texas,Storage,Safco Commercial Shelving,74.416,-14.8832,0.2,1
Colorado,Accessories,Imation 8GB Mini TravelDrive USB 2.0 Flash Drive,169.064,-14.7931,0.2,1
Illinois,Binders,"Cardinal Slant-D Ring Binder, Heavy Gauge Vinyl",8.69,-14.773,0.8,1
Illinois,Binders,"Avery Flip-Chart Easel Binder, Black",8.952,-14.7708,0.8,1
Illinois,Binders,Satellite Sectional Post Binders,8.682,-14.7594,0.8,1
Ohio,Phones,Speck Products Candyshell Flip Case,62.982,-14.6958,0.4,1
Arizona,Phones,Plantronics MX500i Earset,68.72,-14.603,0.2,1
Texas,Chairs,Office Star - Ergonomically Designed Knee Chair,56.686,-14.5764,0.3,1
Pennsylvania,Storage,"Carina 42""Hx23 3/4""W Media Storage Unit",64.784,-14.5764,0.2,1
Illinois,Binders,Avery Premier Heavy-Duty Binder with Round Locking Rings,8.568,-14.5656,0.8,1
Texas,Binders,Avery Premier Heavy-Duty Binder with Round Locking Rings,8.568,-14.5656,0.8,1
Oregon,Chairs,Global Highback Leather Tilter in Burgundy,291.168,-14.5584,0.2,1
Pennsylvania,Binders,"GBC Clear Cover, 8-1/2 x 11, unpunched, 25 covers per pack",18.192,-14.5536,0.7,1
Tennessee,Bookcases,O'Sullivan 4-Shelf Bookcase in Odessa Pine,387.136,-14.5176,0.2,1
Texas,Accessories,WD My Passport Ultra 1TB Portable External Hard Drive,386.4,-14.49,0.20000000000000004,3
Illinois,Chairs,Global Ergonomic Managers Chair,253.372,-14.4784,0.3,1
California,Bookcases,O'Sullivan Manor Hill 2-Door Library in Brianna Oak,307.666,-14.4784,0.15,1
Texas,Furnishings,"Eldon Expressions Desk Accessory, Wood Pencil Holder, Oak",19.3,-14.475,0.6,1
Texas,Bookcases,"Atlantic Metals Mobile 2-Shelf Bookcases, Custom Colors",327.7328,-14.4588,0.32,1
Oregon,Chairs,"Office Star - Contemporary Task Swivel chair with Loop Arms, Charcoal",104.784,-14.4078,0.2,1
Illinois,Furnishings,12-1/2 Diameter Round Wall Clock,23.976,-14.3856,0.6,1
Colorado,Phones,Macally Suction Cup Mount,57.36,-14.34,0.2,1
Texas,Binders,"GBC White Gloss Covers, Plain Front",8.687999999999999,-14.3352,0.8,2
Ohio,Binders,Wilson Jones Century Plastic Molded Ring Binders,18.693,-14.3313,0.7,1
Texas,Furnishings,Tensor Brushed Steel Torchiere Floor Lamp,13.592,-14.2716,0.6,1
Texas,Furnishings,Westinghouse Clip-On Gooseneck Lamps,16.74,-14.229,0.6,1
Texas,Bookcases,"Safco Value Mate Series Steel Bookcases, Baked Enamel Finish on Steel, Gray",241.332,-14.196,0.32,1
Texas,Binders,Pressboard Hanging Data Binders for Unburst Sheets,8.856,-14.1696,0.8,1
New York,Tables,Anderson Hickey Conga Table Tops & Accessories,27.414,-14.1639,0.4,1
Illinois,Bookcases,"Bush Westfield Collection Bookcases, Fully Assembled",141.372,-14.1372,0.3,1
Pennsylvania,Chairs,Hon Olson Stacker Stools,492.835,-14.081,0.3,1
Pennsylvania,Phones,iOttie HLCRIO102 Car Mount,23.988,-13.993,0.4,1
New York,Tables,"SAFCO PlanMaster Heigh-Adjustable Drafting Table Base, 43w x 30d x 30-37h, Black",209.67,-13.978,0.4,1
Ohio,Binders,Fellowes Black Plastic Comb Bindings,17.43,-13.943999999999999,0.7,2
Arizona,Binders,Plastic Binding Combs,18.18,-13.938,0.7,1
Texas,Appliances,"Holmes Cool Mist Humidifier for the Whole House with 8-Gallon Output per Day, Extended Life Filter",7.96,-13.93,0.8,1
Illinois,Binders,GBC VeloBind Cover Sets,9.264,-13.896,0.8,1
Colorado,Binders,Premium Transparent Presentation Covers by GBC,18.882,-13.8468,0.7,1
Illinois,Binders,Fellowes Black Plastic Comb Bindings,8.134,-13.8278,0.8,1
Pennsylvania,Binders,Ibico Recycled Grain-Textured Covers,20.724,-13.816,0.7,1
Rhode Island,Tables,KI Adjustable-Height Table,240.744,-13.7568,0.3,1
Texas,Binders,Trimflex Flexible Post Binders,8.552,-13.6832,0.8,1
Florida,Chairs,Hon Comfortask Task/Swivel Chairs,273.552,-13.6776,0.2,1
Pennsylvania,Accessories,V7 USB Numeric Keypad,83.976,-13.6461,0.2,1
Pennsylvania,Storage,"Tennsco Lockers, Gray",83.92,-13.637,0.2,1
Illinois,Furnishings,Staple-based wall hangings,33.976,-13.5904,0.6,2
Texas,Appliances,Hoover Commercial SteamVac,5.432,-13.58,0.8,1
Ohio,Binders,"Universal Recycled Hanging Pressboard Report Binders, Letter Size",18.51,-13.573999999999998,0.7,2
Illinois,Appliances,Holmes Odor Grabber,5.768,-13.5548,0.8,1
Texas,Accessories,Logitech K350 2.4Ghz Wireless Keyboard,119.448,-13.4379,0.2,1
Pennsylvania,Chairs,Bevis Steel Folding Chairs,470.155,-13.433,0.3,1
Texas,Storage,Rogers Profile Extra Capacity Storage Tub,66.96,-13.392,0.2,1
Texas,Binders,"Acco PRESSTEX Data Binder with Storage Hooks, Dark Blue, 9 1/2"" X 11""",8.608,-13.3424,0.8,1
Pennsylvania,Phones,Cisco Small Business SPA 502G VoIP phone,61.542,-13.3341,0.4,1
Texas,Binders,GBC Instant Index System for Binding Systems,8.88,-13.32,0.8,1
Colorado,Furnishings,"Rubbermaid ClusterMat Chairmats, Mat Size- 66"" x 60"", Lip 20"" x 11"" -90 Degree Angle",266.352,-13.3176,0.2,1
Ohio,Chairs,Office Star - Contemporary Task Swivel Chair,155.372,-13.3176,0.3,1
Colorado,Binders,GBC Twin Loop Wire Binding Elements,19.968,-13.312,0.7,1
Texas,Binders,Cardinal Hold-It CD Pocket,7.98,-13.167,0.8,1
Arizona,Accessories,Imation Clip USB flash drive - 8 GB,75.19999999999999,-13.16,0.2,2
New York,Chairs,"Office Star - Contemporary Task Swivel chair with Loop Arms, Charcoal",1178.82,-13.098,0.1,2
Pennsylvania,Phones,Panasonic KX T7731-B Digital phone,59.994,-12.9987,0.4,1
Texas,Bookcases,Bestar Classic Bookcase,67.9932,-12.9987,0.32,1
Texas,Appliances,Acco 6 Outlet Guardian Basic Surge Suppressor,4.992,-12.9792,0.8,1
Pennsylvania,Storage,Carina Double Wide Media Storage Towers in Natural & Black,64.784,-12.9568,0.2,1
Tennessee,Storage,Carina Double Wide Media Storage Towers in Natural & Black,64.784,-12.9568,0.2,1
California,Chairs,Office Star - Ergonomically Designed Knee Chair,129.568,-12.9568,0.2,1
Florida,Binders,Avery Hanging File Binders,16.146,-12.9168,0.7,1
Pennsylvania,Furnishings,"Deflect-o RollaMat Studded, Beveled Mat for Medium Pile Carpeting",516.488,-12.9122,0.2,1
Oregon,Binders,Clear Mylar Reinforcing Strips,16.821,-12.8961,0.7,1
California,Bookcases,"Sauder Forest Hills Library with Doors, Woodland Oak Finish",273.666,-12.8784,0.15,1
Illinois,Chairs,Global Commerce Series Low-Back Swivel/Tilt Chairs,899.4300000000001,-12.849,0.3,2
Ohio,Chairs,Global Commerce Series Low-Back Swivel/Tilt Chairs,899.43,-12.849,0.3,1
Ohio,Chairs,Hon 4070 Series Pagoda Round Back Stacking Chairs,449.372,-12.8392,0.3,1
Illinois,Furnishings,"Executive Impressions 16-1/2"" Circular Wall Clock",32.064,-12.8256,0.6,1
Illinois,Storage,Fellowes Bankers Box Stor/Drawer Steel Plus,102.336,-12.792,0.2,1
California,Tables,"Lesro Round Back Collection Coffee Table, End Table",146.04,-12.7785,0.2,1
Illinois,Furnishings,"DAX Metal Frame, Desktop, Stepped-Edge",24.288,-12.7512,0.6,1
Tennessee,Accessories,SanDisk Ultra 16 GB MicroSDHC Class 10 Memory Card,72.744,-12.7302,0.2,1
California,Bookcases,"Bush Saratoga Collection 5-Shelf Bookcase, Hanover Cherry, *Special Order",119.833,-12.6882,0.15,1
North Carolina,Binders,Avery Durable Slant Ring Binders,19.008,-12.672,0.7,1
Pennsylvania,Binders,GBC Plasticlear Binding Covers,17.22,-12.628,0.7,2
North Carolina,Binders,GBC Plasticlear Binding Covers,17.22,-12.628,0.7,1
Texas,Storage,Rogers Deluxe File Chest,52.752,-12.5286,0.2,1
North Carolina,Binders,"Avery 3 1/2"" Diskette Storage Pages, 10/Pack",15.66,-12.528,0.7,1
Pennsylvania,Phones,Grandstream GXP1160 VoIP phone,68.238,-12.5103,0.4,1
Illinois,Binders,Storex Dura Pro Binders,7.128,-12.474,0.8,2
North Carolina,Binders,GBC Instant Index System for Binding Systems,18.648,-12.432,0.7,1
Texas,Phones,Motorola HK250 Universal Bluetooth Headset,55.176,-12.4146,0.2,1
Ohio,Binders,GBC VeloBind Cover Sets,18.528,-12.352,0.7,1
Ohio,Binders,GBC VeloBinder Strips,18.432,-12.288,0.7,1
Florida,Binders,Surelock Post Binders,18.336,-12.224,0.7,1
Oregon,Chairs,Novimex Fabric Task Chair,195.136,-12.196,0.2,1
Illinois,Chairs,"Global Value Steno Chair, Gray",170.072,-12.148,0.3,1
Florida,Chairs,"Global Geo Office Task Chair, Gray",64.784,-12.147,0.2,1
Illinois,Furnishings,DAX Cubicle Frames - 8x10,16.156,-12.117,0.6,1
Texas,Appliances,Acco 6 Outlet Guardian Standard Surge Suppressor,4.836,-12.09,0.8,1
Illinois,Chairs,"Global Manager's Adjustable Task Chair, Storm",845.488,-12.0784,0.3,1
Texas,Binders,Ibico Covers for Plastic or Wire Binding Elements,6.9,-12.075,0.8,1
Texas,Furnishings,"Eldon Expressions Punched Metal & Wood Desk Accessories, Black & Cherry",15.008,-12.0064,0.6,1
Ohio,Phones,Anker 36W 4-Port USB Wall Charger Travel Power Adapter for iPhone 5s 5c 5,59.97,-11.994,0.4,1
Ohio,Binders,Accohide Poly Flexible Ring Binders,17.952,-11.968,0.7,2
Colorado,Binders,GBC Standard Therm-A-Bind Covers,14.952,-11.9616,0.7,1
Florida,Binders,VariCap6 Expandable Binder,15.57,-11.937,0.7,1
Arizona,Fasteners,"Alliance Super-Size Bands, Assorted Sizes",49.792,-11.8256,0.2,1
Texas,Binders,Avery Reinforcements for Hole-Punch Pages,6.731999999999999,-11.780999999999999,0.8,2
Illinois,Appliances,Belkin 6 Outlet Metallic Surge Strip,4.356,-11.7612,0.8,1
Tennessee,Furnishings,Tenex Chairmats For Use with Hard Floors,77.952,-11.6928,0.2,1
Washington,Phones,Cyber Acoustics AC-202b Speech Recognition Stereo Headset,51.959999999999994,-11.690999999999999,0.2,2
Texas,Furnishings,"Executive Impressions 12"" Wall Clock",21.204,-11.6622,0.6,1
Texas,Bookcases,"Bush Westfield Collection Bookcases, Medium Cherry Finish",78.8528,-11.596,0.32,1
Texas,Binders,GBC Recycled VeloBinder Covers,6.816,-11.5872,0.8,1
Texas,Binders,GBC VeloBinder Strips,7.68,-11.52,0.8,1
Ohio,Phones,Vtech CS6719,57.594,-11.5188,0.4,1
Texas,Binders,Ibico Plastic and Wire Spiral Binding Combs,6.744,-11.4648,0.8,1
Texas,Accessories,Logitech Desktop MK120 Mouse and keyboard Combo,91.616,-11.452,0.2,2
Ohio,Chairs,"Padded Folding Chairs, Black, 4/Carton",396.802,-11.3372,0.3,1
Illinois,Furnishings,Eldon 100 Class Desk Accessories,16.176,-11.3232,0.6,2
Texas,Furnishings,"DAX Copper Panel Document Frame, 5 x 7 Size",25.16,-11.322,0.6,1
Texas,Storage,"Iris 3-Drawer Stacking Bin, Black",50.136,-11.2806,0.2,1
Tennessee,Binders,Recycled Easel Ring Binders,13.428,-11.19,0.7,1
Texas,Furnishings,"Executive Impressions 13"" Clairmont Wall Clock",23.076,-10.9611,0.6,1
Texas,Supplies,Martin-Yale Premier Letter Opener,51.52,-10.948,0.2,1
Tennessee,Chairs,Global Highback Leather Tilter in Burgundy,218.376,-10.9188,0.2,1
Arizona,Accessories,SanDisk Ultra 16 GB MicroSDHC Class 10 Memory Card,62.352,-10.9116,0.2,1
Ohio,Accessories,SanDisk Ultra 32 GB MicroSDHC Class 10 Memory Card,123.75999999999999,-10.829,0.2,2
Pennsylvania,Binders,"GBC Prepunched Paper, 19-Hole, for Binding Systems, 24-lb",13.509,-10.8072,0.7,2
Illinois,Accessories,SanDisk Ultra 64 GB MicroSDHC Class 10 Memory Card,95.976,-10.7973,0.2,1
Arizona,Accessories,SanDisk Ultra 64 GB MicroSDHC Class 10 Memory Card,95.976,-10.7973,0.2,1
Texas,Accessories,SanDisk Ultra 64 GB MicroSDHC Class 10 Memory Card,95.976,-10.7973,0.2,1
Pennsylvania,Phones,Nokia Lumia 521 (T-Mobile),53.982,-10.7964,0.4,1
Illinois,Binders,Avery Durable Binders,6.912,-10.7136,0.8000000000000002,3
Texas,Binders,"Acco Pressboard Covers with Storage Hooks, 14 7/8"" x 11"", Light Blue",6.874,-10.6547,0.8,1
North Carolina,Binders,Avery Durable Poly Binders,13.272,-10.6176,0.7,1
Florida,Storage,Tennsco 6- and 18-Compartment Lockers,424.272,-10.6068,0.2,1
Ohio,Binders,Avery Recycled Flexi-View Covers for Binding Systems,14.427,-10.5798,0.7,1
Oregon,Binders,Avery Self-Adhesive Photo Pockets for Polaroid Photos,14.301,-10.4874,0.7,1
North Carolina,Binders,Avery Self-Adhesive Photo Pockets for Polaroid Photos,14.301,-10.4874,0.7,1
Texas,Binders,Tuf-Vin Binders,6.316,-10.4214,0.8,1
Texas,Furnishings,Howard Miller Distant Time Traveler Alarm Clock,21.936,-10.4196,0.6,1
Ohio,Binders,Satellite Sectional Post Binders,13.023,-10.4184,0.7,1
Pennsylvania,Storage,Fellowes Neat Ideas Storage Cubes,51.968,-10.3936,0.2,1
Texas,Binders,Avery Binding System Hidden Tab Executive Style Index Sets,6.924,-10.386,0.8,1
Illinois,Furnishings,"Seth Thomas 13 1/2"" Wall Clock",14.224,-10.3124,0.6,1
Florida,Accessories,Logitech P710e Mobile Speakerphone,823.968,-10.2996,0.2,2
Pennsylvania,Chairs,Global Chrome Stack Chair,239.96,-10.284,0.3,1
Texas,Furnishings,Staple-based wall hangings,25.472,-10.1888,0.6,3
Texas,Binders,Wilson Jones Snap Scratch Pad Binder Tool for Ring Binders,5.8,-10.15,0.8,1
Pennsylvania,Phones,Motorola L804,55.188,-10.1178,0.4,1
Texas,Furnishings,DAX Clear Channel Poster Frame,17.496,-10.0602,0.6,1
Ohio,Binders,SpineVue Locking Slant-D Ring Binders by Cardinal,13.71,-10.054,0.7,1
Ohio,Storage,Eldon Shelf Savers Cubes and Bins,44.672,-10.0512,0.2,1
North Carolina,Binders,"Fellowes Twister Kit, Gray/Clear, 3/pkg",12.06,-10.05,0.7,1
Ohio,Phones,I Need's 3d Hello Kitty Hybrid Silicone Case Cover for HTC One X 4g with 3d Hello Kitty Stylus Pen Green/pink,50.232,-10.0464,0.4,1
Texas,Binders,UniKeep View Case Binders,5.868,-9.9756,0.8,2
Arizona,Binders,"Acco Recycled 2"" Capacity Laser Printer Hanging Data Binders",13.005,-9.9705,0.7,1
Texas,Furnishings,"Eldon Image Series Desk Accessories, Ebony",24.7,-9.88,0.6,1
Ohio,Phones,Cyber Acoustics AC-202b Speech Recognition Stereo Headset,15.588,-9.8724,0.4,1
North Carolina,Binders,"GBC Laser Imprintable Binding System Covers, Desert Sand",12.843,-9.8463,0.7,1
Florida,Binders,Avery Heavy-Duty EZD  Binder With Locking Rings,13.392,-9.8208,0.7,1
Pennsylvania,Phones,Speck Products Candyshell Flip Case,41.988,-9.7972,0.4,1
Ohio,Phones,Square Credit Card Reader,41.958,-9.7902,0.4,1
Texas,Chairs,"Padded Folding Chairs, Black, 4/Carton",340.116,-9.7176,0.3,1
California,Bookcases,"Sauder Camden County Barrister Bookcase, Planked Cherry Finish",822.664,-9.6784,0.15,2
Texas,Binders,Avery Hole Reinforcements,6.23,-9.6565,0.8,1
Pennsylvania,Storage,Fellowes Bankers Box Stor/Drawer Steel Plus,76.752,-9.594,0.2,1
Pennsylvania,Binders,"GBC Twin Loop Wire Binding Elements, 9/16"" Spine, Black",13.698,-9.5886,0.7,1
California,Phones,Macally Suction Cup Mount,38.24,-9.56,0.2,1
Texas,Binders,Presstex Flexible Ring Binders,6.37,-9.555,0.8,1
Texas,Furnishings,Stacking Trays by OIC,13.944,-9.4122,0.6,2
Pennsylvania,Binders,GBC Durable Plastic Covers,11.61,-9.288,0.7,1
Texas,Accessories,SanDisk Ultra 32 GB MicroSDHC Class 10 Memory Card,106.08,-9.282,0.2,1
Colorado,Binders,Insertable Tab Post Binder Dividers,12.03,-9.223,0.7,1
Florida,Binders,Insertable Tab Post Binder Dividers,12.030000000000001,-9.223,0.7,2
Ohio,Phones,Lunatik TT5L-002 Taktik Strike Impact Protection System for iPhone 5,36.738,-9.1845,0.4,1
Colorado,Binders,"Avery Framed View Binder, EZD Ring (Locking), Navy, 1 1/2""",11.976,-9.1816,0.7,1
Pennsylvania,Phones,Grandstream GXP2100 Mainstream Business Phone,45.894,-9.1788,0.4,1
Texas,Binders,Avery Poly Binder Pockets,5.728,-9.1648,0.8,1
Tennessee,Phones,ARKON Windshield Dashboard Air Vent Car Mount Holder,40.68,-9.153,0.2,1
Texas,Phones,ARKON Windshield Dashboard Air Vent Car Mount Holder,40.68,-9.153,0.2,1
Texas,Binders,GBC Plastic Binding Combs,5.904,-9.1512,0.8,2
Ohio,Chairs,"Global Value Steno Chair, Gray",127.554,-9.111,0.3,1
Pennsylvania,Chairs,"Leather Task Chair, Black",63.686,-9.098,0.3,1
Texas,Furnishings,"Stacking Tray, Side-Loading, Legal, Smoke",12.544,-9.0944,0.6,1
Texas,Chairs,"Global Stack Chair without Arms, Black",127.302,-9.093,0.3,1
Ohio,Furnishings,"Deflect-o EconoMat Studded, No Bevel Mat for Low Pile Carpeting",66.112,-9.0904,0.2,1
Ohio,Accessories,Anker Ultrathin Bluetooth Wireless Keyboard Aluminum Cover with Stand ,71.976,-8.997,0.2,1
Illinois,Phones,OtterBox Commuter Series Case - Samsung Galaxy S4,39.984,-8.9964,0.2,1
Florida,Binders,Acco D-Ring Binder w/DublLock,12.828,-8.9796,0.7,1
Illinois,Binders,Storex DuraTech Recycled Plastic Frosted Binders,5.936,-8.904,0.8,1
Tennessee,Storage,Tennsco Industrial Shelving,39.128,-8.8038,0.2,1
Tennessee,Binders,GBC ProClick Spines for 32-Hole Punch,11.277,-8.6457,0.7,1
Florida,Binders,"Avery Trapezoid Ring Binder, 3"" Capacity, Black, 1040 sheets",12.294,-8.6058,0.7,1
Pennsylvania,Binders,"Avery Trapezoid Ring Binder, 3"" Capacity, Black, 1040 sheets",12.294,-8.6058,0.7,1
Florida,Binders,Clear Mylar Reinforcing Strips,11.214,-8.5974,0.7,1
Illinois,Chairs,Global Deluxe High-Back Manager's Chair,600.558,-8.5794,0.3,1
Texas,Chairs,Harbour Creations 67200 Series Stacking Chairs,199.304,-8.5416,0.3,1
Illinois,Furnishings,"DAX Charcoal/Nickel-Tone Document Frame, 5 x 7",22.752,-8.532,0.6,1
Texas,Appliances,"Hoover Replacement Belts For Soft Guard & Commercial Ltweight Upright Vacs, 2/Pk",3.16,-8.532,0.8,1
Texas,Furnishings,"DAX Metal Frame, Desktop, Stepped-Edge",16.192,-8.5008,0.6,1
Texas,Binders,GBC Standard Therm-A-Bind Covers,4.984,-8.4728,0.8,1
Oregon,Accessories,Sony Micro Vault Click 8 GB USB 2.0 Flash Drive,112.776,-8.4582,0.2,1
California,Tables,Global Adaptabilities Conference Tables,674.352,-8.4294,0.2,1
Pennsylvania,Phones,Cisco SPA525G2 IP Phone - Wireless,35.91,-8.379,0.4,1
Arizona,Storage,Rogers Deluxe File Chest,35.168,-8.3524,0.2,1
Arizona,Binders,"Cardinal Slant-D Ring Binder, Heavy Gauge Vinyl",10.428,-8.3424,0.7,2
Florida,Furnishings,Tenex B1-RE Series Chair Mats for Low Pile Carpets,220.704,-8.2764,0.2,1
North Carolina,Binders,Acco Translucent Poly Ring Binders,11.232,-8.2368,0.7,1
Illinois,Storage,"Tennsco Lockers, Gray",50.352,-8.1822,0.2,1
Illinois,Accessories,Logitech Desktop MK120 Mouse and keyboard Combo,65.44,-8.18,0.2,2
Florida,Accessories,Logitech Keyboard K120,72.6,-8.1675,0.2,1
Colorado,Binders,"Wilson Jones 1"" Hanging DublLock Ring Binders",11.088,-8.1312,0.7,1
Ohio,Binders,"Wilson Jones 1"" Hanging DublLock Ring Binders",11.088,-8.1312,0.7,1
Pennsylvania,Binders,"Wilson Jones 1"" Hanging DublLock Ring Binders",11.088,-8.1312,0.7,1
Texas,Binders,Wilson Jones Four-Pocket Poly Binders,5.232,-8.1096,0.8,1
Illinois,Binders,"Pressboard Covers with Storage Hooks, 9 1/2"" x 11"", Light Blue",4.91,-8.1015,0.8,2
New York,Chairs,"Global Geo Office Task Chair, Gray",145.764,-8.098,0.1,1
North Carolina,Binders,Wilson Jones Turn Tabs Binder Tool for Ring Binders,10.122,-8.0976,0.7,2
New York,Chairs,Global Low Back Tilter Chair,181.764,-8.0784,0.1,1
California,Chairs,Hon Valutask Swivel Chairs,161.568,-8.0784,0.2,1
Illinois,Storage,Fellowes Super Stor/Drawer Files,646.2,-8.0775,0.2,1
Illinois,Binders,Wilson Jones Easy Flow II Sheet Lifters,5.04,-8.064,0.8,2
Illinois,Binders,Ibico Covers for Plastic or Wire Binding Elements,4.6,-8.05,0.8,1
Illinois,Furnishings,DAX Wood Document Frame.,10.984,-7.9634,0.6,1
Tennessee,Binders,Avery Durable Slant Ring Binders,11.88,-7.92,0.7,1
Ohio,Binders,GBC Personal VeloBind Strips,10.782,-7.9068,0.7,1
Illinois,Binders,Cardinal Hold-It CD Pocket,4.788,-7.9002,0.8,1
Ohio,Chairs,Global Italian Leather Office Chair,183.372,-7.8588,0.3,1
Pennsylvania,Binders,GBC Standard Plastic Binding Systems' Combs,9.42,-7.85,0.7,1
Ohio,Binders,XtraLife ClearVue Slant-D Ring Binders by Cardinal,11.76,-7.84,0.7,1
Texas,Furnishings,3M Polarizing Light Filter Sleeves,22.38,-7.833,0.6,1
Pennsylvania,Binders,"Mead 1st Gear 2"" Zipper Binder, Asst. Colors",11.673,-7.782,0.7,1
Tennessee,Binders,"Mead 1st Gear 2"" Zipper Binder, Asst. Colors",11.673,-7.782,0.7,1
Illinois,Furnishings,"Executive Impressions 12"" Wall Clock",14.136,-7.7748,0.6,1
Florida,Bookcases,O'Sullivan 2-Shelf Heavy-Duty Bookcases,155.456,-7.7728,0.2,1
Illinois,Binders,GBC Instant Report Kit,5.176,-7.764,0.8,1
Florida,Binders,GBC Instant Report Kit,11.646,-7.764,0.7,2
Illinois,Storage,"Rogers Jumbo File, Granite",32.592,-7.7406,0.2,1
Oregon,Accessories,SanDisk Ultra 32 GB MicroSDHC Class 10 Memory Card,88.4,-7.734999999999999,0.2,2
Pennsylvania,Accessories,Sony 16GB Class 10 Micro SDHC R40 Memory Card,61.872,-7.734,0.2,2
Pennsylvania,Storage,Tennsco Commercial Shelving,32.544,-7.7292,0.2,1
Pennsylvania,Accessories,Logitech P710e Mobile Speakerphone,617.976,-7.7247,0.2,1
Florida,Binders,GBC VeloBinder Strips,11.52,-7.68,0.7,1
Arizona,Binders,"Wilson Jones Clip & Carry Folder Binder Tool for Ring Binders, Clear",10.44,-7.656,0.7,1
Ohio,Binders,GBC Plasticlear Binding Covers,10.332,-7.5768,0.7,1
Pennsylvania,Binders,"Avery 3 1/2"" Diskette Storage Pages, 10/Pack",9.396,-7.5168,0.7,1
Texas,Furnishings,Dana Swing-Arm Lamps,8.544,-7.476,0.6,1
Ohio,Binders,Recycled Easel Ring Binders,8.952,-7.46,0.7,1
Ohio,Storage,Safco Commercial Shelving,37.208,-7.4416,0.2,1
Texas,Accessories,Logitech G19 Programmable Gaming Keyboard,297.576,-7.4394,0.2,1
Illinois,Furnishings,"Eldon Imàge Series Desk Accessories, Clear",17.496,-7.4358,0.6,1
Ohio,Phones,OtterBox Defender Series Case - iPhone 5c,44.376,-7.396,0.4,1
Texas,Appliances,Hoover Portapower Portable Vacuum,2.688,-7.392,0.8,1
Colorado,Binders,Wilson Jones 14 Line Acrylic Coated Pressboard Data Binders,9.612,-7.3692,0.7,1
North Carolina,Binders,Pressboard Data Binders by Wilson Jones,9.612,-7.369199999999999,0.7,2
Pennsylvania,Binders,"C-Line Peel & Stick Add-On Filing Pockets, 8-3/4 x 5-1/8, 10/Pack",9.555,-7.3255,0.7,1
Colorado,Binders,"Avery Durable Slant Ring Binders, No Labels",9.552,-7.3232,0.7,1
Illinois,Phones,Plantronics MX500i Earset,34.36,-7.3015,0.2,1
Pennsylvania,Storage,Eldon Gobal File Keepers,36.336,-7.2672,0.2,1
Pennsylvania,Phones,Cisco SPA508G,39.594,-7.2589,0.4,1
Florida,Machines,Lexmark 20R1285 X6650 Wireless All-in-One Printer,120.0,-7.2,0.5,1
California,Chairs,"Global Leather Task Chair, Black",575.936,-7.1992,0.20000000000000004,3
Texas,Accessories,Logitech G13 Programmable Gameboard with LCD Display,63.992,-7.1991,0.2,1
Oregon,Phones,Macally Suction Cup Mount,28.68,-7.17,0.2,1
Illinois,Accessories,Kingston Digital DataTraveler 32GB USB 2.0,40.68,-7.119,0.2,1
Ohio,Chairs,"Situations Contoured Folding Chairs, 4/Set",99.372,-7.098,0.3,1
Pennsylvania,Binders,Avery Recycled Flexi-View Covers for Binding Systems,9.618,-7.0532,0.7,1
Illinois,Phones,Shocksock Galaxy S4 Armband,35.04,-7.008,0.2,1
Pennsylvania,Binders,Cardinal Slant-D Ring Binders,10.428,-6.952,0.7,1
Oregon,Binders,Avery Reinforcements for Hole-Punch Pages,8.316,-6.93,0.7,2
Florida,Binders,Ibico Standard Transparent Covers,9.888,-6.9216,0.7,1
Texas,Furnishings,DAX Two-Tone Silver Metal Document Frame,16.192,-6.8816,0.6,1
Florida,Binders,Wilson Jones Four-Pocket Poly Binders,9.81,-6.867,0.7,1
Illinois,Furnishings,"Eldon Expressions Wood Desk Accessories, Oak",8.856,-6.8634,0.6,1
Pennsylvania,Binders,Wilson Jones Custom Binder Spines & Labels,9.792,-6.8544,0.7,2
Oregon,Binders,"Acco Flexible ACCOHIDE Square Ring Data Binder, Dark Blue, 11 1/2"" X 14"" 7/8""",9.762,-6.8334,0.7,1
Illinois,Furnishings,Dax Clear Box Frame,10.476,-6.8094,0.6,1
Florida,Binders,Avery Non-Stick Binders,8.082,-6.735,0.7,2
Texas,Binders,Accohide Poly Flexible Ring Binders,4.488,-6.732,0.8,1
Colorado,Binders,Cardinal Holdit Business Card Pockets,8.964,-6.5736,0.7,1
Illinois,Binders,Ibico Presentation Index for Binding Systems,3.98,-6.567,0.8,1
Pennsylvania,Binders,Angle-D Ring Binders,8.205,-6.564,0.7,2
Arizona,Binders,Avery Hole Reinforcements,9.345,-6.5415,0.7,1
Pennsylvania,Phones,"LF Elite 3D Dazzle Designer Hard Case Cover, Lf Stylus Pen and Wiper For Apple Iphone 5c Mini Lite",32.7,-6.54,0.4,1
Texas,Binders,Avery Self-Adhesive Photo Pockets for Polaroid Photos,4.086,-6.537599999999999,0.8,2
Colorado,Accessories,Logitech Keyboard K120,58.08,-6.534,0.2,1
Ohio,Binders,Wilson Jones Hanging Recycled Pressboard Data Binders,8.904,-6.5296,0.7,1
Ohio,Storage,Acco Perma 4000 Stacking Storage Drawers,103.93599999999999,-6.4959999999999996,0.2,2
Florida,Storage,Fellowes Super Stor/Drawer Files,516.96,-6.462,0.2,1
Ohio,Storage,Fellowes Bankers Box Stor/Drawer Steel Plus,51.168,-6.396,0.2,1
Arizona,Storage,Fellowes Bankers Box Stor/Drawer Steel Plus,51.168,-6.396,0.2,1
Ohio,Binders,"Wilson Jones Clip & Carry Folder Binder Tool for Ring Binders, Clear",8.7,-6.38,0.7,1
Illinois,Appliances,Staple holder,2.394,-6.3441,0.8,1
Texas,Storage,Akro Stacking Bins,31.560000000000002,-6.311999999999999,0.2,2
Pennsylvania,Binders,Avery Metallic Poly Binders,8.595,-6.303,0.7,1
Illinois,Appliances,"Commercial WindTunnel Clean Air Upright Vacuum, Replacement Belts, Filtration Bags",2.334,-6.3018,0.8,1
Texas,Furnishings,"Eldon 400 Class Desk Accessories, Black Carbon",14.0,-6.3,0.6,1
California,Tables,Hon 61000 Series Interactive Training Tables,248.808,-6.220199999999999,0.2,4
Colorado,Accessories,WD My Passport Ultra 1TB Portable External Hard Drive,165.6,-6.21,0.2,1
Illinois,Furnishings,"Master Caster Door Stop, Large Neon Orange",14.56,-6.188,0.6,1
Pennsylvania,Binders,"Acco Pressboard Covers with Storage Hooks, 14 7/8"" x 11"", Light Blue",8.838000000000001,-6.186599999999999,0.7,2
Pennsylvania,Binders,Avery Heavy-Duty EZD View Binder with Locking Rings,7.656,-6.1248,0.7,1
Arizona,Binders,Acco Expandable Hanging Binders,7.656,-6.1248,0.7,1
Colorado,Binders,Wilson Jones Active Use Binders,8.736,-6.1152,0.7,1
Colorado,Binders,Recycled Pressboard Report Cover with Reinforced Top Hinge,8.721,-6.1047,0.7,2
Arizona,Binders,Aluminum Screw Posts,9.156,-6.104,0.7,1
Washington,Chairs,Novimex Fabric Task Chair,97.568,-6.098,0.2,1
Illinois,Binders,Avery Hidden Tab Dividers for Binding Systems,3.576,-6.0792,0.8,2
Texas,Binders,Poly Designer Cover & Back,3.798,-6.0768,0.8,1
Florida,Binders,SpineVue Locking Slant-D Ring Binders by Cardinal,8.226,-6.0324,0.7,1
Arizona,Binders,SpineVue Locking Slant-D Ring Binders by Cardinal,8.226,-6.0324,0.7,1
Ohio,Binders,"Fellowes Twister Kit, Gray/Clear, 3/pkg",7.236,-6.03,0.7,1
Arizona,Binders,Wilson Jones Leather-Like Binders with DublLock Round Rings,7.857,-6.0237,0.7,1
Illinois,Chairs,"Global Leather and Oak Executive Chair, Black",421.372,-6.0196,0.3,1
Texas,Binders,Prestige Round Ring Binders,3.648,-6.0192,0.8,1
Florida,Binders,Acco Suede Grain Vinyl Round Ring Binder,7.506,-6.0048,0.7,1
Pennsylvania,Binders,GBC Standard Therm-A-Bind Covers,7.476,-5.9808,0.7,1
Texas,Furnishings,Contemporary Borderless Frame,10.332,-5.9409,0.6,1
Tennessee,Binders,3M Organizer Strips,8.1,-5.94,0.7,1
Florida,Binders,"Avery Triangle Shaped Sheet Lifters, Black, 2/Pack",8.856,-5.904,0.7,2
Florida,Binders,Zipper Ring Binder Pockets,8.424,-5.896800000000001,0.6999999999999998,3
Illinois,Binders,"Cardinal HOLDit! Binder Insert Strips,Extra Strips",3.798,-5.8869,0.8,1
North Carolina,Binders,"C-Line Peel & Stick Add-On Filing Pockets, 8-3/4 x 5-1/8, 10/Pack",7.644,-5.8604,0.7,1
Texas,Binders,Newell 3-Hole Punched Plastic Slotted Magazine Holders for Binders,3.656,-5.8496,0.8,1
Illinois,Chairs,Hon 4070 Series Pagoda Armless Upholstered Stacking Chairs,408.422,-5.8346,0.3,1
Texas,Chairs,Hon 4070 Series Pagoda Armless Upholstered Stacking Chairs,408.422,-5.8346,0.3,1
Texas,Furnishings,"6"" Cubicle Wall Clock, Black",9.708,-5.8248,0.6,1
Florida,Binders,Wilson Jones Turn Tabs Binder Tool for Ring Binders,7.23,-5.784,0.7,1
Pennsylvania,Binders,GBC ProClick Spines for 32-Hole Punch,7.518,-5.7638,0.7,1
California,Chairs,Global Super Steno Chair,153.568,-5.7588,0.2,1
Arizona,Binders,Wilson Jones Custom Binder Spines & Labels,8.16,-5.712,0.7,1
Florida,Binders,ACCOHIDE Binder by Acco,7.434,-5.6994,0.7,1
New Mexico,Phones,Mediabridge Sport Armband iPhone 5s,23.976,-5.6943,0.2,1
Texas,Furnishings,"DAX Two-Tone Rosewood/Black Document Frame, Desktop, 5 x 7",11.376,-5.688,0.6,1
Texas,Tables,Safco Drafting Table,397.488,-5.6784,0.3,2
Arizona,Furnishings,"Tenex V2T-RE Standard Weight Series Chair Mat, 45"" x 53"", Lip 25"" x 12""",113.568,-5.6784,0.2,1
Pennsylvania,Binders,"Pressboard Covers with Storage Hooks, 9 1/2"" x 11"", Light Blue",7.365,-5.6465,0.7,2
Pennsylvania,Binders,"Acco Pressboard Covers with Storage Hooks, 14 7/8"" x 11"", Dark Blue",8.001,-5.6007,0.7,1
Ohio,Binders,Insertable Tab Post Binder Dividers,7.218,-5.5338,0.7,1
Pennsylvania,Chairs,SAFCO Arco Folding Chair,386.68,-5.524,0.3,1
California,Chairs,"Global Armless Task Chair, Royal Blue",146.352,-5.4882,0.2,1
Illinois,Chairs,"Global Push Button Manager's Chair, Indigo",383.607,-5.4801,0.3,1
Pennsylvania,Accessories,SanDisk Ultra 16 GB MicroSDHC Class 10 Memory Card,31.176,-5.4558,0.2,1
Pennsylvania,Furnishings,36X48 HARDFLOOR CHAIRMAT,33.568,-5.4548,0.2,1
North Carolina,Binders,Pressboard Hanging Data Binders for Unburst Sheets,7.38,-5.412,0.7,1
Washington,Chairs,"Global Leather Task Chair, Black",431.952,-5.3994,0.2,2
Illinois,Binders,Insertable Tab Post Binder Dividers,3.208,-5.2932,0.8,1
Texas,Accessories,Imation Clip USB flash drive - 8 GB,30.08,-5.264,0.2,1
Ohio,Binders,Zipper Ring Binder Pockets,7.488,-5.2416,0.7,1
Florida,Binders,Avery Hole Reinforcements,7.476,-5.2332,0.7,2
Ohio,Binders,Acco Economy Flexible Poly Round Ring Binder,6.264,-5.22,0.7,2
Ohio,Binders,"Acco Data Flex Cable Posts For Top & Bottom Load Binders, 6"" Capacity",6.258,-5.215,0.7,1
Texas,Appliances,"Holmes Visible Mist Ultrasonic Humidifier with 2.3-Gallon Output per Day, Replacement Filter",2.264,-5.2072,0.8,1
North Carolina,Storage,Fellowes Bankers Box Staxonsteel Drawer File/Stacking System,51.984,-5.1984,0.2,1
Ohio,Storage,Fellowes Neat Ideas Storage Cubes,25.984,-5.1968,0.2,1
Texas,Binders,"Wilson Jones 1"" Hanging DublLock Ring Binders",3.168,-5.0688,0.8,1
Texas,Binders,Avery Hidden Tab Dividers for Binding Systems,2.98,-5.066000000000001,0.8,2
Pennsylvania,Binders,"Angle-D Binders with Locking Rings, Label Holders",6.57,-5.037,0.7,1
Illinois,Binders,Wilson Jones Standard D-Ring Binders,3.036,-5.0094,0.8,1
Ohio,Binders,"SlimView Poly Binder, 3/8""",6.216,-4.9728,0.7,1
Illinois,Binders,Wilson Jones Turn Tabs Binder Tool for Ring Binders,2.892,-4.9164,0.8,1
Illinois,Accessories,Logitech Keyboard K120,43.56,-4.9005,0.2,1
Pennsylvania,Chairs,"Padded Folding Chairs, Black, 4/Carton",170.058,-4.8588,0.3,1
New York,Bookcases,Sauder Barrister Bookcases,388.704,-4.8588,0.2,1
Pennsylvania,Accessories,Rosewill 107 Normal Keys USB Wired Standard Keyboard,64.704,-4.8528,0.2,1
Illinois,Furnishings,Nu-Dell Float Frame 11 x 14 1/2,10.776,-4.8492,0.6,1
Ohio,Storage,Eldon Gobal File Keepers,24.224,-4.8448,0.2,1
Illinois,Furnishings,"Master Caster Door Stop, Large Brown",8.736,-4.8048,0.6,1
Pennsylvania,Phones,Anker 36W 4-Port USB Wall Charger Travel Power Adapter for iPhone 5s 5c 5,23.988,-4.7976,0.4,1
Illinois,Binders,"Acco Recycled 2"" Capacity Laser Printer Hanging Data Binders",2.89,-4.7685,0.8,1
Tennessee,Storage,"Safco Wire Cube Shelving System, For Use as 4 or 5 14"" Cubes, Black",25.424,-4.767,0.2,1
Pennsylvania,Fasteners,Revere Boxed Rubber Bands by Revere,21.168,-4.7628,0.2,2
Ohio,Binders,"Acco Pressboard Covers with Storage Hooks, 14 7/8"" x 11"", Executive Red",5.715,-4.7625,0.7,1
Illinois,Binders,Avery Durable Slant Ring Binders,3.168,-4.752,0.8,1
Pennsylvania,Binders,3M Organizer Strips,6.48,-4.752,0.7,1
Ohio,Accessories,Kingston Digital DataTraveler 32GB USB 2.0,27.12,-4.746,0.2,1
Illinois,Binders,XtraLife ClearVue Slant-D Ring Binders by Cardinal,3.136,-4.704,0.8,1
Tennessee,Binders,"Wilson Jones 1"" Hanging DublLock Ring Binders",6.336,-4.6464,0.7,1
Arizona,Binders,Avery Durable Slant Ring Binders With Label Holder,6.27,-4.598,0.7,1
Ohio,Binders,Acco Expandable Hanging Binders,5.742,-4.5936,0.7,1
Illinois,Binders,Avery Poly Binder Pockets,2.864,-4.5824,0.8,1
Pennsylvania,Binders,"Avery Durable Slant Ring Binders, No Labels",5.97,-4.577,0.7,1
Tennessee,Binders,Ibico Presentation Index for Binding Systems,5.97,-4.577,0.7,1
Ohio,Binders,Wilson Jones Custom Binder Spines & Labels,6.528,-4.5696,0.7,1
Texas,Furnishings,Dax Clear Box Frame,6.984,-4.5396,0.6,1
Oregon,Binders,"Acco PRESSTEX Data Binder with Storage Hooks, Dark Blue, 9 1/2"" X 11""",6.456,-4.5192,0.7,1
Texas,Chairs,"Global Stack Chair with Arms, Black",104.93,-4.497,0.3,1
Tennessee,Binders,Avery Self-Adhesive Photo Pockets for Polaroid Photos,6.129,-4.4946,0.7,1
Illinois,Binders,Acco Translucent Poly Ring Binders,2.808,-4.4928,0.8,1
Illinois,Binders,Accohide Poly Flexible Ring Binders,2.992,-4.488,0.8,1
Texas,Appliances,Eureka Disposable Bags for Sanitaire Vibra Groomer I Upright Vac,1.624,-4.466,0.8,1
Pennsylvania,Storage,Acco Perma 2700 Stacking Storage Drawers,71.376,-4.461,0.2,1
Pennsylvania,Binders,Storex Dura Pro Binders,5.346,-4.455,0.7,1
Colorado,Binders,Storex Flexible Poly Binders with Double Pockets,5.5440000000000005,-4.4352,0.7,2
North Carolina,Supplies,Martin-Yale Premier Letter Opener,20.608,-4.3792,0.2,1
Pennsylvania,Binders,Clear Mylar Reinforcing Strips,5.607,-4.2987,0.7,1
North Carolina,Binders,Avery Durable Binders,6.048,-4.2336,0.7,1
Texas,Binders,"Avery Durable Plastic 1"" Binders",2.724,-4.2222,0.8,1
Texas,Appliances,"Commercial WindTunnel Clean Air Upright Vacuum, Replacement Belts, Filtration Bags",1.556,-4.2012,0.8,1
Pennsylvania,Binders,Avery Legal 4-Ring Binder,6.294,-4.196,0.7,1
Ohio,Binders,Prestige Round Ring Binders,5.472,-4.1952,0.7,2
Oregon,Supplies,Serrated Blade or Curved Handle Hand Letter Openers,17.584,-4.1762,0.2,1
Texas,Supplies,Acco Side-Punched Conventional Columnar Pads,22.208,-4.164,0.2,2
Ohio,Furnishings,"Tensor ""Hersey Kiss"" Styled Floor Lamp",41.568,-4.1568,0.2,1
Florida,Accessories,WD My Passport Ultra 1TB Portable External Hard Drive,110.4,-4.14,0.2,1
Tennessee,Binders,"Acco Pressboard Covers with Storage Hooks, 14 7/8"" x 11"", Light Blue",5.892,-4.1244,0.7,2
Texas,Chairs,Global Chrome Stack Chair,95.984,-4.1136,0.3,1
Texas,Furnishings,Longer-Life Soft White Bulbs,13.552,-4.0656,0.6,2
Illinois,Furnishings,Contemporary Wood/Metal Frame,6.464,-4.04,0.6,1
Connecticut,Tables,"Barricks 18"" x 48"" Non-Folding Utility Table with Bottom Storage Shelf",70.56,-4.032,0.3,1
Ohio,Binders,Newell 3-Hole Punched Plastic Slotted Magazine Holders for Binders,5.484,-4.0216,0.7,1
Florida,Binders,Wilson Jones Leather-Like Binders with DublLock Round Rings,5.238,-4.0158,0.7,1
Texas,Furnishings,"Eldon Image Series Desk Accessories, Burgundy",6.688,-4.0128,0.6,1
Texas,Furnishings,"Master Caster Door Stop, Brown",6.096,-3.9624,0.6,1
Texas,Furnishings,Nu-Dell EZ-Mount Plastic Wall Frames,7.88,-3.94,0.6,1
Illinois,Binders,Binder Posts,2.296,-3.9032,0.8,1
Texas,Binders,Binder Posts,2.296,-3.9032,0.8,1
Ohio,Furnishings,Tenex Chairmats For Use with Hard Floors,25.984,-3.8976,0.2,1
North Carolina,Bookcases,O'Sullivan 2-Shelf Heavy-Duty Bookcases,77.728,-3.8864,0.2,1
Pennsylvania,Binders,GBC Instant Report Kit,5.823,-3.882,0.7,2
North Carolina,Storage,Tennsco Commercial Shelving,16.272,-3.8646,0.2,1
Pennsylvania,Binders,DXL Angle-View Binders with Locking Rings by Samsill,4.626,-3.855,0.7,1
Florida,Furnishings,"Deflect-o DuraMat Lighweight, Studded, Beveled Mat for Low Pile Carpeting",102.36,-3.8385,0.2,1
Colorado,Furnishings,"Deflect-o DuraMat Lighweight, Studded, Beveled Mat for Low Pile Carpeting",102.36,-3.8385,0.2,1
North Carolina,Binders,"Acco Pressboard Covers with Storage Hooks, 14 7/8"" x 11"", Executive Red",4.572,-3.81,0.7,1
Pennsylvania,Binders,"ACCOHIDE 3-Ring Binder, Blue, 1""",4.956,-3.7996,0.7,1
Oregon,Binders,Flexible Leather- Look Classic Collection Ring Binder,5.682,-3.788,0.7,1
Ohio,Supplies,Acme Rosewood Handle Letter Opener,15.88,-3.7715,0.2,1
Texas,Fasteners,Sterling Rubber Bands by Alliance,15.072,-3.768,0.2,1
Texas,Appliances,Hoover Commercial Lightweight Upright Vacuum,1.392,-3.7584,0.8,1
Florida,Binders,"SlimView Poly Binder, 3/8""",4.662,-3.7296,0.7,1
Texas,Furnishings,Advantus Panel Wall Acrylic Frame,8.752,-3.7196,0.6,1
Texas,Binders,"Avery Triangle Shaped Sheet Lifters, Black, 2/Pack",2.46,-3.69,0.8,2
Ohio,Furnishings,"Deflect-o RollaMat Studded, Beveled Mat for Medium Pile Carpeting",147.568,-3.6892,0.2,1
Texas,Binders,Acco Hanging Data Binders,2.286,-3.6576,0.8,1
Illinois,Furnishings,"Executive Impressions 13"" Clairmont Wall Clock",7.692,-3.6537,0.6,1
Texas,Accessories,SanDisk Ultra 16 GB MicroSDHC Class 10 Memory Card,20.784,-3.6372,0.2,1
Florida,Binders,Avery Durable Binders,5.184,-3.6288,0.7,1
Arizona,Binders,Wilson Jones data.warehouse D-Ring Binders with DublLock,4.938,-3.6212,0.7,1
Illinois,Binders,Heavy-Duty E-Z-D Binders,2.182,-3.6003,0.8,1
Ohio,Binders,3M Organizer Strips,4.86,-3.564,0.7,1
Ohio,Accessories,Logitech G105 Gaming Keyboard,142.488,-3.5622,0.2,1
Florida,Binders,GBC Instant Index System for Binding Systems,5.328,-3.552,0.7,1
Florida,Binders,"Acco PRESSTEX Data Binder with Storage Hooks, Light Blue, 9 1/2"" X 11""",4.842,-3.5508,0.7,1
Texas,Fasteners,Plymouth Boxed Rubber Bands by Plymouth,18.84,-3.5325,0.2,1
Texas,Binders,"SlimView Poly Binder, 3/8""",2.072,-3.5224,0.8,1
Arizona,Binders,UniKeep View Case Binders,4.401,-3.5208,0.7,1
Oregon,Binders,GBC Poly Designer Binding Covers,5.022,-3.5154,0.7,1
California,Phones,Shocksock Galaxy S4 Armband,17.52,-3.504,0.2,1
Florida,Binders,Wilson Jones Standard D-Ring Binders,4.554,-3.4914,0.7,1
Illinois,Binders,Avery Binding System Hidden Tab Executive Style Index Sets,2.308,-3.462,0.8,1
Ohio,Binders,Avery Binding System Hidden Tab Executive Style Index Sets,5.193,-3.462,0.7,1
Texas,Binders,Round Ring Binders,2.08,-3.432,0.8,1
Colorado,Binders,Wilson Jones Custom Binder Spines & Labels,4.896,-3.4272,0.7,1
Pennsylvania,Binders,"Acco PRESSTEX Data Binder with Storage Hooks, Dark Blue, 9 1/2"" X 11""",4.842,-3.3894,0.7,1
Illinois,Binders,"Wilson Jones 1"" Hanging DublLock Ring Binders",2.112,-3.3792,0.8,1
California,Tables,Anderson Hickey Conga Table Tops & Accessories,24.368,-3.3506,0.2,1
Arizona,Binders,Round Ring Binders,4.368,-3.3488,0.7,1
Arizona,Binders,Peel & Stick Add-On Corner Pockets,4.536,-3.3264,0.7,1
Ohio,Supplies,Staple remover,14.72,-3.312,0.2,1
Texas,Binders,"Avery Framed View Binder, EZD Ring (Locking), Navy, 1 1/2""",1.996,-3.2934,0.8,1
Arizona,Supplies,Stiletto Hand Letter Openers,15.36,-3.264,0.2,1
Illinois,Binders,Insertable Tab Indexes For Data Binders,1.908,-3.2436,0.8,1
Illinois,Chairs,"Padded Folding Chairs, Black, 4/Carton",113.372,-3.2392,0.3,1
Tennessee,Storage,Fellowes Super Stor/Drawer Files,258.48,-3.231,0.2,1
Pennsylvania,Phones,Cush Cases Heavy Duty Rugged Cover Case for Samsung Galaxy S5 - Purple,14.85,-3.2175,0.4,1
Texas,Storage,Sterilite Show Offs Storage Containers,12.672,-3.168,0.2,1
Arizona,Binders,Avery Durable Slant Ring Binders,4.752,-3.168,0.7,1
Illinois,Storage,Sterilite Show Offs Storage Containers,12.672,-3.168,0.2,1
Florida,Binders,GBC Standard Plastic Binding Systems' Combs,3.768,-3.14,0.7,1
Pennsylvania,Accessories,SanDisk Ultra 32 GB MicroSDHC Class 10 Memory Card,35.36,-3.094,0.2,1
Florida,Binders,"Acco Pressboard Covers with Storage Hooks, 14 7/8"" x 11"", Light Blue",4.419,-3.0933,0.7,1
Ohio,Binders,Wilson Jones Active Use Binders,4.368,-3.0576,0.7,1
Tennessee,Binders,Tuff Stuff Recycled Round Ring Binders,4.338,-3.0366,0.7,1
Arizona,Furnishings,"Eldon Delta Triangular Chair Mat, 52"" x 58"", Clear",121.376,-3.0344,0.2,1
California,Phones,iOttie HLCRIO102 Car Mount,15.992,-2.9985,0.2,1
Colorado,Phones,iOttie HLCRIO102 Car Mount,15.992,-2.9985,0.2,1
Florida,Binders,Avery Self-Adhesive Photo Pockets for Polaroid Photos,4.086,-2.9964,0.7,1
Illinois,Binders,Tuff Stuff Recycled Round Ring Binders,1.928,-2.9884,0.8,1
Texas,Storage,Acco Perma 2700 Stacking Storage Drawers,47.584,-2.974,0.2,1
Tennessee,Binders,Storex Dura Pro Binders,3.564,-2.97,0.7,1
California,Tables,Hon 2111 Invitation Series Straight Table,236.528,-2.9566,0.2,1
Texas,Accessories,Belkin Standard 104 key USB Keyboard,46.688,-2.918,0.2,1
Colorado,Accessories,Belkin Standard 104 key USB Keyboard,46.688,-2.918,0.2,1
Pennsylvania,Binders,Avery Hidden Tab Dividers for Binding Systems,3.576,-2.8608,0.7,1
Texas,Binders,Avery Printable Repositionable Plastic Tabs,1.72,-2.838,0.8,1
Texas,Binders,Acco Suede Grain Vinyl Round Ring Binder,1.6680000000000001,-2.8356000000000003,0.8,2
Texas,Furnishings,Eldon Wave Desk Accessories,7.068,-2.8272,0.6,1
Pennsylvania,Binders,Fellowes Black Plastic Comb Bindings,3.486,-2.7888,0.7,1
Illinois,Binders,Peel & Stick Add-On Corner Pockets,1.728,-2.7648,0.8,1
Florida,Binders,Avery Durable Slant Ring Binders With Label Holder,3.762,-2.7588,0.7,1
Pennsylvania,Binders,Avery Durable Slant Ring Binders With Label Holder,3.762,-2.7588,0.7,1
Pennsylvania,Binders,Binder Posts,3.444,-2.7552,0.7,1
North Carolina,Binders,Presstex Flexible Ring Binders,4.095,-2.73,0.7,1
North Carolina,Accessories,Imation 8gb Micro Traveldrive Usb 2.0 Flash Drive,24.0,-2.7,0.2,1
Texas,Accessories,Imation 8gb Micro Traveldrive Usb 2.0 Flash Drive,24.0,-2.7,0.2,1
Ohio,Accessories,Imation 8gb Micro Traveldrive Usb 2.0 Flash Drive,24.0,-2.7,0.2,1
Illinois,Chairs,"Global Stack Chair with Arms, Black",62.958,-2.6982,0.3,1
Pennsylvania,Chairs,"Safco Chair Connectors, 6/Carton",188.552,-2.6936,0.3,1
Illinois,Binders,Computer Printout Index Tabs,1.68,-2.688,0.8,1
Texas,Binders,"Acco Pressboard Covers with Storage Hooks, 14 7/8"" x 11"", Executive Red",1.524,-2.667,0.8,1
Ohio,Binders,"Cardinal HOLDit! Binder Insert Strips,Extra Strips",3.798,-2.6586,0.7,1
Ohio,Binders,Avery Durable Poly Binders,3.318,-2.6544,0.7,1
Illinois,Binders,"Avery Durable Slant Ring Binders, No Labels",1.592,-2.6268,0.8,1
North Carolina,Binders,Angle-D Ring Binders,3.282,-2.6256,0.7,1
Oregon,Supplies,Acco Side-Punched Conventional Columnar Pads,13.88,-2.6025,0.2,1
Illinois,Chairs,SAFCO Folding Chair Trolley,89.768,-2.5648,0.3,1
Tennessee,Binders,"Pressboard Data Binder, Crimson, 12"" X 8 1/2""",3.204,-2.5632,0.7,1
Florida,Binders,GBC Plasticlear Binding Covers,3.444,-2.5256,0.7,1
Arizona,Storage,Akro Stacking Bins,12.624,-2.5248,0.2,1
Ohio,Binders,Avery Metallic Poly Binders,3.438,-2.5212,0.7,1
Pennsylvania,Storage,Eldon Shelf Savers Cubes and Bins,11.168,-2.5128,0.2,1
Pennsylvania,Binders,Heavy-Duty E-Z-D Binders,3.273,-2.5093,0.7,1
North Carolina,Accessories,Imation 30456 USB Flash Drive 8GB,16.56,-2.484,0.2,1
Pennsylvania,Storage,Acco Perma 4000 Stacking Storage Drawers,38.976,-2.436,0.2,1
Pennsylvania,Binders,Self-Adhesive Ring Binder Labels,3.168,-2.4288,0.7,1
Illinois,Furnishings,G.E. Longer-Life Indoor Recessed Floodlight Bulbs,7.968,-2.3904,0.6,1
Pennsylvania,Binders,Avery Round Ring Poly Binders,3.408,-2.3856,0.7,2
Texas,Accessories,Logitech G105 Gaming Keyboard,94.992,-2.3748,0.2,1
Pennsylvania,Binders,Wilson Jones Standard D-Ring Binders,3.036,-2.3276,0.7,1
Texas,Binders,Self-Adhesive Ring Binder Labels,1.408,-2.3232,0.8,1
Ohio,Binders,Insertable Tab Indexes For Data Binders,2.862,-2.2896,0.7,1
Tennessee,Binders,Wilson Jones Custom Binder Spines & Labels,3.264,-2.2848,0.7,1
Florida,Furnishings,"Eldon Delta Triangular Chair Mat, 52"" x 58"", Clear",91.032,-2.2758,0.2,1
Pennsylvania,Phones,Griffin GC36547 PowerJolt SE Lightning Charger,13.494,-2.249,0.4,1
Arizona,Binders,Accohide Poly Flexible Ring Binders,3.366,-2.244,0.7,1
Texas,Storage,Fellowes Super Stor/Drawer,88.8,-2.22,0.2,1
Ohio,Fasteners,"Super Bands, 12/Pack",10.416,-2.2134,0.2,1
Pennsylvania,Supplies,Martin-Yale Premier Letter Opener,10.304,-2.1896,0.2,1
Illinois,Accessories,Belkin Standard 104 key USB Keyboard,35.016,-2.1885,0.2,1
Colorado,Binders,Wilson Jones Impact Binders,3.108,-2.1756,0.7,1
Florida,Binders,Pressboard Hanging Data Binders for Unburst Sheets,2.952,-2.1648,0.7,1
Texas,Binders,Insertable Tab Indexes For Data Binders,1.272,-2.1624,0.8,1
Texas,Binders,Computer Printout Index Tabs,1.344,-2.1504,0.8,1
Texas,Furnishings,OIC Stacking Trays,5.344,-2.1376,0.6,1
Illinois,Furnishings,"Floodlight Indoor Halogen Bulbs, 1 Bulb per Pack, 60 Watts",7.76,-2.134,0.6,1
Texas,Chairs,SAFCO Optional Arm Kit for Workspace Cribbage Stacking Chair,74.592,-2.1312,0.3,1
Oregon,Fasteners,Plymouth Boxed Rubber Bands by Plymouth,11.304,-2.1195,0.2,1
Florida,Furnishings,"Tenex ""The Solids"" Textured Chair Mats",55.968,-2.0988,0.2,1
Ohio,Phones,PNY Rapid USB Car Charger - Black,9.588,-2.0774,0.4,1
Illinois,Chairs,Global Chrome Stack Chair,47.992,-2.0568,0.3,1
Ohio,Chairs,Global Chrome Stack Chair,47.992,-2.0568,0.3,1
Texas,Chairs,"Metal Folding Chairs, Beige, 4/Carton",47.516,-2.0364,0.3,1
Ohio,Binders,Recycled Pressboard Report Cover with Reinforced Top Hinge,2.907,-2.0349,0.7,1
Tennessee,Binders,Newell 3-Hole Punched Plastic Slotted Magazine Holders for Binders,2.742,-2.0108,0.7,1
Pennsylvania,Binders,"Fellowes Twister Kit, Gray/Clear, 3/pkg",2.412,-2.01,0.7,1
Pennsylvania,Binders,Acco Suede Grain Vinyl Round Ring Binder,2.502,-2.0016,0.7,1
Ohio,Binders,Acco Suede Grain Vinyl Round Ring Binder,2.502,-2.0016,0.7,1
Tennessee,Supplies,Staple remover,8.832,-1.9872,0.2,1
Florida,Machines,Texas Instruments TI-34 Scientific Calculator,32.985,-1.9791,0.5,1
Texas,Binders,"Universal Recycled Hanging Pressboard Report Binders, Letter Size",1.234,-1.9744,0.8,1
Tennessee,Binders,Zipper Ring Binder Pockets,2.808,-1.9656,0.7,1
Texas,Binders,Zipper Ring Binder Pockets,1.248,-1.9344,0.8,1
Texas,Binders,Economy Binders,1.248,-1.9344,0.8,1
Ohio,Binders,DXL Angle-View Binders with Locking Rings by Samsill,2.313,-1.9275,0.7,1
Ohio,Binders,Acco 3-Hole Punch,2.628,-1.9272,0.7,1
Pennsylvania,Binders,"Avery Durable Plastic 1"" Binders",2.724,-1.9068,0.7,1
Illinois,Furnishings,Eldon Wave Desk Accessories,4.712,-1.8848,0.6,1
Pennsylvania,Binders,GBC Standard Plastic Binding Systems Combs,2.655,-1.8585,0.7,1
Tennessee,Binders,Avery Durable Slant Ring Binders With Label Holder,2.508,-1.8392,0.7,1
Arizona,Binders,"Avery Durable Slant Ring Binders, No Labels",2.388,-1.8308,0.7,1
Tennessee,Machines,Penpower WorldCard Pro Card Scanner,91.475,-1.8295,0.5,1
Texas,Binders,Acco Economy Flexible Poly Round Ring Binder,1.044,-1.827,0.8,1
Florida,Supplies,Acme Serrated Blade Letter Opener,7.632,-1.8126,0.2,1
Tennessee,Binders,Wilson Jones data.warehouse D-Ring Binders with DublLock,2.469,-1.8106,0.7,1
Pennsylvania,Binders,Wilson Jones Suede Grain Vinyl Binders,2.502,-1.7514,0.7,1
Ohio,Accessories,Logitech Media Keyboard K200,139.96,-1.7495,0.2,1
Illinois,Supplies,Staple remover,8.72,-1.744,0.2,1
Texas,Binders,Wilson Jones Easy Flow II Sheet Lifters,1.08,-1.728,0.8,1
Ohio,Binders,Acco Hanging Data Binders,2.286,-1.6764,0.7,1
Illinois,Furnishings,G.E. Halogen Desk Lamp Bulbs,5.584,-1.6752,0.6,1
North Carolina,Storage,Acco Perma 4000 Stacking Storage Drawers,25.984,-1.624,0.2,1
Texas,Furnishings,G.E. Longer-Life Indoor Recessed Floodlight Bulbs,5.312,-1.5936,0.6,1
Pennsylvania,Binders,"Black Avery Memo-Size 3-Ring Binder, 5 1/2"" x 8 1/2""",2.202,-1.5414,0.7,1
Pennsylvania,Binders,Insertable Tab Indexes For Data Binders,1.908,-1.5264,0.7,1
Texas,Furnishings,"GE General Purpose, Extra Long Life, Showcase & Floodlight Incandescent Bulbs",4.656,-1.5132,0.6,2
Texas,Accessories,Logitech Wireless Touch Keyboard K400,39.984,-1.4994,0.2,1
Arizona,Storage,2300 Heavy-Duty Transfer File Systems by Perma,119.904,-1.4988,0.2,1
Pennsylvania,Binders,Avery Self-Adhesive Photo Pockets for Polaroid Photos,2.043,-1.4982,0.7,1
Ohio,Binders,"Avery Triangle Shaped Sheet Lifters, Black, 2/Pack",2.214,-1.476,0.7,1
Arizona,Accessories,Belkin Standard 104 key USB Keyboard,23.344,-1.459,0.2,1
Texas,Furnishings,"DAX Value U-Channel Document Frames, Easel Back",1.988,-1.4413,0.6,1
Colorado,Binders,Round Ring Binders,1.872,-1.4352,0.7,1
Pennsylvania,Accessories,Kingston Digital DataTraveler 8GB USB 2.0,19.04,-1.428,0.2,1
Illinois,Accessories,Kingston Digital DataTraveler 8GB USB 2.0,19.04,-1.428,0.2,1
Pennsylvania,Binders,Peel & Stick Add-On Corner Pockets,1.944,-1.4256,0.7,1
Illinois,Furnishings,3M Hangers With Command Adhesive,2.96,-1.406,0.6,1
Texas,Binders,Acco 3-Hole Punch,0.876,-1.4016,0.8,1
Florida,Accessories,Maxell LTO Ultrium - 800 GB,111.96,-1.3995,0.2,1
Texas,Fasteners,Revere Boxed Rubber Bands by Revere,6.048,-1.3608,0.2,1
Texas,Accessories,SanDisk Cruzer 8 GB USB Flash Drive,27.168,-1.3584,0.2,1
Arizona,Binders,Wilson Jones DublLock D-Ring Binders,2.025,-1.35,0.7,1
Pennsylvania,Fasteners,Rubber Band Ball,5.984,-1.3464,0.2,1
Illinois,Binders,Avery Durable Slant Ring Binders With Label Holder,0.836,-1.3376,0.8,1
Illinois,Furnishings,"Master Caster Door Stop, Gray",2.032,-1.3208,0.6,1
Ohio,Binders,Angle-D Ring Binders,1.641,-1.3128,0.7,1
Arizona,Storage,Acco Perma 3000 Stacking Storage Drawers,100.704,-1.2588,0.2,1
Texas,Storage,"Perma STOR-ALL Hanging File Box, 13 1/8""W x 12 1/4""D x 10 1/2""H",33.488,-1.2558,0.2,1
Colorado,Storage,"Perma STOR-ALL Hanging File Box, 13 1/8""W x 12 1/4""D x 10 1/2""H",33.488,-1.2558,0.2,1
Tennessee,Storage,2300 Heavy-Duty Transfer File Systems by Perma,99.92,-1.249,0.2,1
Ohio,Chairs,"Global Push Button Manager's Chair, Indigo",85.246,-1.2178,0.3,1
Texas,Chairs,"Global Push Button Manager's Chair, Indigo",85.246,-1.2178,0.3,1
Pennsylvania,Accessories,Micro Innovations Wireless Classic Keyboard with Mouse,47.984,-1.1996,0.2,1
Pennsylvania,Accessories,Logitech G105 Gaming Keyboard,47.496,-1.1874,0.2,1
Tennessee,Accessories,Maxell LTO Ultrium - 800 GB,89.568,-1.1196,0.2,1
Texas,Appliances,Hoover Replacement Belt for Commercial Guardsman Heavy-Duty Upright Vacuum,0.444,-1.11,0.8,1
Illinois,Chairs,SAFCO Optional Arm Kit for Workspace Cribbage Stacking Chair,37.296,-1.0656,0.3,1
Florida,Accessories,Logitech Media Keyboard K200,83.976,-1.0497,0.2,1
Florida,Storage,Acco Perma 3000 Stacking Storage Drawers,83.92,-1.049,0.2,1
Florida,Supplies,Acco Side-Punched Conventional Columnar Pads,5.552,-1.041,0.2,1
Pennsylvania,Chairs,"Global Deluxe Stacking Chair, Gray",71.372,-1.0196,0.3,1
Illinois,Furnishings,C-Line Cubicle Keepers Polyproplyene Holder With Velcro Backings,1.892,-0.9933,0.6,1
Pennsylvania,Binders,Avery Reinforcements for Hole-Punch Pages,1.188,-0.99,0.7,1
Colorado,Binders,Avery Reinforcements for Hole-Punch Pages,1.188,-0.99,0.7,1
Arizona,Fasteners,"Super Bands, 12/Pack",4.464,-0.9486,0.2,1
Florida,Binders,Presstex Flexible Ring Binders,1.365,-0.91,0.7,1
Pennsylvania,Accessories,KeyTronic KT800P2 - Keyboard - Black,36.048,-0.9012,0.2,1
Texas,Accessories,Kingston Digital DataTraveler 16GB USB 2.0,71.6,-0.895,0.2,2
Florida,Binders,Avery Binder Labels,1.167,-0.8558,0.7,1
Tennessee,Storage,Acco Perma 3000 Stacking Storage Drawers,67.136,-0.8392,0.2,1
Texas,Storage,Acco Perma 4000 Stacking Storage Drawers,12.992,-0.812,0.2,1
Colorado,Binders,Wilson Jones Easy Flow II Sheet Lifters,1.08,-0.792,0.7,1
Oregon,Binders,Wilson Jones Easy Flow II Sheet Lifters,1.08,-0.792,0.7,1
Florida,Storage,Woodgrain Magazine Files by Perma,4.768,-0.7748,0.2,1
North Carolina,Storage,Woodgrain Magazine Files by Perma,4.768,-0.7748,0.2,1
Florida,Accessories,Belkin Standard 104 key USB Keyboard,11.672,-0.7295,0.2,1
Pennsylvania,Fasteners,"Brites Rubber Bands, 1 1/2 oz. Box",3.168,-0.7128,0.2,1
Pennsylvania,Supplies,Staple remover,3.488,-0.6976,0.2,1
Florida,Supplies,Staple remover,2.944,-0.6624,0.2,1
Ohio,Phones,Cush Cases Heavy Duty Rugged Cover Case for Samsung Galaxy S5 - Purple,2.97,-0.6435,0.4,1
Illinois,Accessories,Kingston Digital DataTraveler 16GB USB 2.0,50.12,-0.6265,0.2,1
Colorado,Fasteners,Bagged Rubber Bands,3.024,-0.6048,0.2,1
Texas,Accessories,KeyTronic KT800P2 - Keyboard - Black,24.032,-0.6008,0.2,1
Texas,Accessories,Maxell LTO Ultrium - 800 GB,44.784,-0.5598,0.2,1
Pennsylvania,Accessories,SanDisk Cruzer 16 GB USB Flash Drive,27.552,-0.3444,0.2,1
Oregon,Furnishings,Tensor Brushed Steel Torchiere Floor Lamp,13.592,-0.3398,0.2,1
Texas,Storage,Acco Perma 3000 Stacking Storage Drawers,16.784,-0.2098,0.2,1
Arizona,Accessories,Kingston Digital DataTraveler 16GB USB 2.0,7.16,-0.0895,0.2,1
California,Chairs,"Leather Task Chair, Black",436.704,0.0,0.20000000000000004,3
Pennsylvania,Chairs,Harbour Creations Steel Folding Chair,422.625,0.0,0.3,1
Pennsylvania,Chairs,"Hon Deluxe Fabric Upholstered Stacking Chairs, Rounded Back",1024.716,0.0,0.3,2
California,Chairs,Hon Every-Day Series Multi-Task Chairs,1052.6879999999999,0.0,0.2,2
Arizona,Furnishings,"Tenex 46"" x 60"" Computer Anti-Static Chairmat, Rectangular Shaped",169.568,0.0,0.2,1
New Jersey,Storage,"Contico 72""H Heavy-Duty Storage System",81.96,0.0,0.0,1
Pennsylvania,Furnishings,"Tenex 46"" x 60"" Computer Anti-Static Chairmat, Rectangular Shaped",508.704,0.0,0.2,2
Maryland,Storage,Safco Industrial Wire Shelving System,636.86,0.0,0.0,1
California,Chairs,HON 5400 Series Task Chairs for Big and Tall,3925.4880000000003,0.0,0.2,2
Texas,Tables,Hon Non-Folding Utility Tables,557.585,0.0,0.3,1
Minnesota,Storage,Office Impressions Heavy Duty Welded Shelving & Multimedia Storage Drawers,501.81,0.0,0.0,1
Florida,Furnishings,"Tenex Contemporary Contur Chairmats for Low and Medium Pile Carpet, Computer, 39"" x 49""",258.072,0.0,0.2,1
Washington,Storage,Office Impressions Heavy Duty Welded Shelving & Multimedia Storage Drawers,1003.62,0.0,0.0,1
Florida,Furnishings,"Tenex 46"" x 60"" Computer Anti-Static Chairmat, Rectangular Shaped",339.136,0.0,0.2,1
Washington,Fasteners,"Alliance Big Bands Rubber Bands, 12/Pack",3.96,0.0,0.0,1
Texas,Accessories,KeyTronic KT400U2 - Keyboard - Black,24.672,0.0,0.2,1
Pennsylvania,Chairs,Global Leather Executive Chair,1228.465,0.0,0.3,1
Ohio,Furnishings,"Deflect-o EconoMat Nonstudded, No Bevel Mat",82.64,0.0,0.2,1
Texas,Chairs,"Hon Deluxe Fabric Upholstered Stacking Chairs, Squared Back",683.144,0.0,0.3,1
Ohio,Chairs,"Hon Deluxe Fabric Upholstered Stacking Chairs, Rounded Back",1537.074,0.0,0.3,1
Connecticut,Storage,"SAFCO Commercial Wire Shelving, Black",552.56,0.0,0.0,1
Colorado,Furnishings,"Tenex 46"" x 60"" Computer Anti-Static Chairmat, Rectangular Shaped",508.704,0.0,0.2,1
Texas,Chairs,Harbour Creations Steel Folding Chair,603.75,0.0,0.3,2
Illinois,Chairs,"Global Airflow Leather Mesh Back Chair, Black",528.43,0.0,0.3,1
Mississippi,Storage,"SAFCO Commercial Wire Shelving, 72h",306.2,0.0,0.0,1
Nevada,Fasteners,Sterling Rubber Bands by Alliance,4.71,0.0,0.0,1
California,Storage,"SAFCO Commercial Wire Shelving, Black",276.28,0.0,0.0,1
California,Fasteners,"Alliance Big Bands Rubber Bands, 12/Pack",19.8,0.0,0.0,2
Tennessee,Furnishings,Eldon Radial Chair Mat for Low to Medium Pile Carpets,31.984,0.0,0.2,1
Kentucky,Storage,"SAFCO Commercial Wire Shelving, Black",828.84,0.0,0.0,1
Virginia,Storage,"SAFCO Commercial Wire Shelving, 72h",612.4,0.0,0.0,2
California,Storage,Sterilite Show Offs Storage Containers,36.96,0.0,0.0,2
Illinois,Bookcases,"Safco Value Mate Steel Bookcase, Baked Enamel Finish on Steel, Black",198.744,0.0,0.3,1
Massachusetts,Tables,Hon Non-Folding Utility Tables,446.068,0.0,0.3,1
Texas,Chairs,"Global Airflow Leather Mesh Back Chair, Black",528.43,0.0,0.3,1
Florida,Furnishings,Eldon Radial Chair Mat for Low to Medium Pile Carpets,63.968,0.0,0.2,1
Indiana,Fasteners,"Alliance Big Bands Rubber Bands, 12/Pack",5.94,0.0,0.0,1
North Carolina,Chairs,"Leather Task Chair, Black",363.92,0.0,0.2,1
Washington,Storage,Sterilite Show Offs Storage Containers,15.84,0.0,0.0,1
Washington,Storage,"Contico 72""H Heavy-Duty Storage System",286.86,0.0,0.0,2
Florida,Bookcases,Bush Mission Pointe Library,241.568,0.0,0.2,1
Florida,Chairs,HON 5400 Series Task Chairs for Big and Tall,2803.92,0.0,0.2,1
Alabama,Phones,Anker Astro Mini 3000mAh Ultra-Compact Portable Charger,59.97,0.0,0.0,1
Colorado,Storage,"Sauder Facets Collection Locker/File Cabinet, Sky Alder Finish",593.568,0.0,0.2,1
New York,Storage,Safco Industrial Wire Shelving System,1000.78,0.0,0.0,3
New York,Storage,"SAFCO Commercial Wire Shelving, 72h",428.68,0.0,0.0,1
New York,Storage,Office Impressions Heavy Duty Welded Shelving & Multimedia Storage Drawers,501.81,0.0,0.0,1
Washington,Chairs,Hon Every-Day Series Multi-Task Chairs,451.152,0.0,0.2,1
New York,Storage,Belkin OmniView SE Rackmount Kit,248.35999999999999,0.0,0.0,2
Virginia,Phones,Macally Suction Cup Mount,155.35,0.0,0.0,1
Michigan,Storage,Office Impressions Heavy Duty Welded Shelving & Multimedia Storage Drawers,501.81,0.0,0.0,1
California,Supplies,Serrated Blade or Curved Handle Hand Letter Openers,6.28,0.0628,0.0,1
New York,Supplies,Acme Serrated Blade Letter Opener,6.36,0.0636,0.0,1
Indiana,Fasteners,Bagged Rubber Bands,2.52,0.1008,0.0,1
California,Fasteners,Revere Boxed Rubber Bands by Revere,5.67,0.1134,0.0,1
California,Supplies,Acme Rosewood Handle Letter Opener,11.91,0.1191,0.0,1
Connecticut,Supplies,Staple remover,7.36,0.1472,0.0,1
New York,Supplies,Letter Slitter,5.04,0.1512,0.0,1
Georgia,Supplies,Letter Slitter,5.04,0.1512,0.0,1
Florida,Art,DIXON Oriole Pencils,2.064,0.1548,0.2,1
Arizona,Art,Newell 310,1.408,0.1584,0.2,1
Washington,Supplies,Acme Rosewood Handle Letter Opener,15.88,0.1588,0.0,1
California,Fasteners,"Super Bands, 12/Pack",5.58,0.1674,0.0,1
Pennsylvania,Art,"OIC #2 Pencils, Medium Soft",1.504,0.1692,0.2,1
Massachusetts,Supplies,Staple remover,4.36,0.1744,0.0,1
Michigan,Supplies,Staple remover,4.36,0.1744,0.0,1
California,Fasteners,"Brites Rubber Bands, 1 1/2 oz. Box",9.9,0.198,0.0,2
Nebraska,Fasteners,Bagged Rubber Bands,5.04,0.2016,0.0,1
Utah,Fasteners,Alliance Rubber Bands,5.04,0.2016,0.0,1
Michigan,Storage,Rogers Deluxe File Chest,21.98,0.2198,0.0,1
Washington,Fasteners,Rubber Band Ball,11.22,0.2244,0.0,1
Mississippi,Fasteners,"Alliance Super-Size Bands, Assorted Sizes",23.34,0.2334,0.0,1
Ohio,Fasteners,Assorted Color Push Pins,1.448,0.2353,0.2,1
Arizona,Art,Newell 346,2.304,0.2592,0.2,1
Wisconsin,Phones,Cyber Acoustics AC-202b Speech Recognition Stereo Headset,12.99,0.2598,0.0,1
New York,Storage,Eldon Shelf Savers Cubes and Bins,13.96,0.2792,0.0,1
Colorado,Appliances,"Bravo II Megaboss 12-Amp Hard Body Upright, Replacement Belts, 2 Belts per Pack",2.6,0.2925,0.2,1
New Jersey,Fasteners,Rubber Band Ball,14.96,0.2992,0.0,1
Kentucky,Phones,Mediabridge Sport Armband iPhone 5s,29.97,0.2997,0.0,1
Nebraska,Phones,Mediabridge Sport Armband iPhone 5s,29.97,0.2997,0.0,1
New Jersey,Fasteners,Bagged Rubber Bands,7.56,0.3024,0.0,1
Georgia,Fasteners,Revere Boxed Rubber Bands by Revere,15.12,0.3024,0.0,2
New York,Fasteners,Bagged Rubber Bands,7.56,0.3024,0.0,1
Ohio,Art,"Dixon Ticonderoga Maple Cedar Pencil, #2",4.912,0.307,0.2,1
Kentucky,Fasteners,"Alliance Super-Size Bands, Assorted Sizes",31.12,0.3112,0.0,1
Mississippi,Storage,Akro Stacking Bins,7.89,0.3156,0.0,1
Texas,Art,Newell 339,4.448,0.3336,0.2,1
Texas,Art,Newell 333,4.448,0.3336,0.2,1
Tennessee,Art,Newell 333,4.448,0.3336,0.2,1
Florida,Art,Newell 344,4.448,0.3336,0.2,1
Florida,Storage,Plastic Stacking Crates & Casters,4.464,0.3348,0.2,1
Washington,Fasteners,Alliance Rubber Bands,8.4,0.336,0.0,1
Ohio,Art,"OIC #2 Pencils, Medium Soft",3.008,0.3384,0.2,1
North Carolina,Accessories,Sony 8GB Class 10 Micro SDHC R40 Memory Card,27.192,0.3399,0.2,1
North Carolina,Supplies,Acme Kleen Earth Office Shears,3.104,0.3492,0.2,1
Pennsylvania,Art,12 Colored Short Pencils,4.16,0.364,0.2,1
Texas,Supplies,Acme Value Line Scissors,2.92,0.365,0.2,1
Ohio,Art,"Eldon Spacemaker Box, Quick-Snap Lid, Clear",2.672,0.3674,0.2,1
Texas,Art,"Eberhard Faber 3 1/2"" Golf Pencils",5.952,0.372,0.2,1
Tennessee,Art,Newell 322,4.368,0.3822,0.2,1
North Carolina,Art,Newell 322,4.368,0.3822,0.2,1
New Mexico,Supplies,Martin-Yale Premier Letter Opener,12.88,0.3864,0.0,1
Washington,Fasteners,"Super Bands, 12/Pack",13.02,0.3906,0.0,1
New Jersey,Storage,"Rogers Jumbo File, Granite",40.74,0.4074,0.0,1
New York,Storage,"Rogers Jumbo File, Granite",40.74,0.4074,0.0,1
Washington,Storage,"Rogers Jumbo File, Granite",40.74,0.4074,0.0,1
Nebraska,Storage,"Rogers Jumbo File, Granite",40.74,0.4074,0.0,1
Tennessee,Art,Newell 343,4.704,0.4116,0.2,1
Florida,Supplies,Kleencut Forged Office Shears by Acme United Corporation,3.328,0.416,0.2,1
Florida,Art,Dixon Ticonderoga Pencils,4.768,0.4172,0.2,1
Florida,Furnishings,"Eldon Regeneration Recycled Desk Accessories, Smoke",2.784,0.4176,0.2,1
Pennsylvania,Art,Crayola Colored Pencils,2.624,0.4264,0.2,1
Michigan,Phones,Shocksock Galaxy S4 Armband,10.95,0.438,0.0,1
Oregon,Art,Newell 313,5.248,0.4592,0.2,1
North Carolina,Art,DIXON Oriole Pencils,6.192,0.4644,0.2,1
Washington,Binders,Computer Printout Index Tabs,1.344,0.4704,0.2,1
Texas,Fasteners,Assorted Color Push Pins,2.896,0.4706,0.2,1
Illinois,Fasteners,Assorted Color Push Pins,2.896,0.4706,0.2,1
Washington,Fasteners,Plymouth Boxed Rubber Bands by Plymouth,9.42,0.471,0.0,1
Ohio,Accessories,Maxell CD-R Discs,3.152,0.4728,0.2,1
Colorado,Art,Newell 326,4.224,0.4752,0.2,1
Tennessee,Accessories,Maxell 4.7GB DVD-R 5/Pack,1.584,0.4752,0.2,1
Pennsylvania,Art,"Premium Writing Pencils, Soft, #2 by Central Association for the Blind",4.768,0.4768,0.2,1
Georgia,Art,Staples in misc. colors,1.78,0.4984,0.0,1
Ohio,Accessories,Micro Innovations USB RF Wireless Keyboard with Mouse,40.0,0.5,0.2,1
Texas,Art,Design Ebony Sketching Pencil,6.672,0.5004,0.2,1
Pennsylvania,Furnishings,Westinghouse Clip-On Gooseneck Lamps,6.696,0.5022,0.2,1
Florida,Art,Prang Dustless Chalk Sticks,1.344,0.504,0.2,1
Colorado,Supplies,Acme Titanium Bonded Scissors,6.8,0.51,0.2,1
Delaware,Fasteners,Rubber Band Ball,26.18,0.5236,0.0,1
New York,Phones,i.Sound Portable Power - 8000 mAh,52.99,0.5299,0.0,1
California,Storage,"Rogers Jumbo File, Granite",54.32,0.5432,0.0,1
Texas,Art,12 Colored Short Pencils,6.24,0.546,0.2,1
Oklahoma,Accessories,Imation 30456 USB Flash Drive 8GB,6.9,0.552,0.0,1
Oregon,Art,Prang Drawing Pencil Set,2.224,0.556,0.2,1
South Carolina,Storage,Eldon Shelf Savers Cubes and Bins,27.92,0.5584,0.0,1
Texas,Art,"Binney & Smith inkTank Desk Highlighter, Chisel Tip, Yellow, 12/Box",3.44,0.559,0.2,1
Florida,Art,Rogers Handheld Barrel Pencil Sharpener,6.576,0.5754,0.2,1
New York,Fasteners,"OIC Binder Clips, Mini, 1/4"" Capacity, Black",1.24,0.5828,0.0,1
Pennsylvania,Art,Newell 312,4.672,0.584,0.2,1
Florida,Appliances,"Bravo II Megaboss 12-Amp Hard Body Upright, Replacement Belts, 2 Belts per Pack",5.2,0.585,0.2,1
Florida,Art,Newell 337,5.248,0.5904,0.2,1
Pennsylvania,Art,Newell 337,5.248,0.5904,0.2,1
Oregon,Art,Newell 321,5.248,0.5904,0.2,1
Pennsylvania,Art,Newell 329,7.872,0.5904,0.2,1
Texas,Art,Newell 350,5.248,0.5904,0.2,1
California,Art,Newell 311,2.21,0.5967,0.0,1
Pennsylvania,Art,Newell 320,6.848,0.5992,0.2,1
Colorado,Art,Newell 320,6.848,0.5992,0.2,1
Texas,Phones,Square Credit Card Reader,7.992,0.5994,0.2,1
Ohio,Accessories,Microsoft Natural Ergonomic Keyboard 4000,47.984,0.5998,0.2,1
Colorado,Accessories,Belkin F8E887 USB Wired Ergonomic Keyboard,47.984,0.5998,0.2,1
Pennsylvania,Accessories,Belkin F8E887 USB Wired Ergonomic Keyboard,47.984,0.5998,0.2,1
New York,Binders,Peel & Stick Add-On Corner Pockets,1.728,0.6048,0.2,1
Ohio,Art,DIXON Oriole Pencils,8.256,0.6192,0.2,1
California,Storage,Woodgrain Magazine Files by Perma,8.94,0.6258,0.0,1
Illinois,Art,Blackstonian Pencils,6.408,0.6408,0.2,1
Pennsylvania,Furnishings,Stacking Trays by OIC,3.984,0.6474,0.2,1
California,Fasteners,Colored Push Pins,1.81,0.6516,0.0,1
Wisconsin,Fasteners,Colored Push Pins,1.81,0.6516,0.0,1
Texas,Storage,Crate-A-Files,8.72,0.654,0.2,1
Pennsylvania,Furnishings,Eldon Image Series Black Desk Accessories,3.312,0.6624,0.2,1
Rhode Island,Appliances,Hoover Replacement Belt for Commercial Guardsman Heavy-Duty Upright Vacuum,2.22,0.666,0.0,1
Arizona,Art,Newell 318,8.896,0.6672,0.2,1
Texas,Storage,Plastic Stacking Crates & Casters,8.928,0.6696,0.2,1
Florida,Fasteners,"OIC Binder Clips, Mini, 1/4"" Capacity, Black",1.984,0.6696,0.2,1
Texas,Labels,Avery 494,2.088,0.6786,0.2,1
Virginia,Storage,"Rogers Jumbo File, Granite",67.9,0.679,0.0,1
Illinois,Art,Newell 32,6.912,0.6912,0.2,1
North Carolina,Phones,Sannysis Cute Owl Design Soft Skin Case Cover for Samsung Galaxy S4,7.92,0.693,0.2,1
Arizona,Phones,Cush Cases Heavy Duty Rugged Cover Case for Samsung Galaxy S5 - Purple,7.92,0.693,0.2,1
Oregon,Supplies,Acme Kleen Earth Office Shears,6.208,0.6984,0.2,1
Oklahoma,Phones,Mediabridge Sport Armband iPhone 5s,69.93,0.6993,0.0,1
Texas,Phones,PayAnywhere Card Reader,7.992,0.6993,0.2,1
Pennsylvania,Art,Newell 323,9.408,0.7056,0.2,1
New York,Fasteners,Plymouth Boxed Rubber Bands by Plymouth,14.13,0.7065,0.0,1
Tennessee,Accessories,Maxell CD-R Discs,4.728,0.7092,0.2,1
Pennsylvania,Appliances,"Hoover Replacement Belts For Soft Guard & Commercial Ltweight Upright Vacs, 2/Pk",9.48,0.711,0.2,1
Texas,Art,Staples in misc. colors,7.12,0.712,0.2,1
Oregon,Art,"Premium Writing Pencils, Soft, #2 by Central Association for the Blind",7.152,0.7152,0.2,1
Ohio,Art,"Premium Writing Pencils, Soft, #2 by Central Association for the Blind",7.152,0.7152,0.2,1
New York,Art,Design Ebony Sketching Pencil,2.78,0.7228,0.0,1
Washington,Art,Newell 333,2.78,0.7228,0.0,1
Colorado,Supplies,Acme Value Line Scissors,5.84,0.73,0.2,1
Pennsylvania,Supplies,Acme Value Line Scissors,5.84,0.73,0.2,1
Pennsylvania,Storage,Sterilite Officeware Hinged File Box,8.384,0.7336,0.2,1
Texas,Art,"Eldon Spacemaker Box, Quick-Snap Lid, Clear",5.344,0.7348,0.2,1
Oregon,Art,"Eldon Spacemaker Box, Quick-Snap Lid, Clear",5.344,0.7348,0.2,1
Maryland,Art,BIC Brite Liner Grip Highlighters,1.64,0.738,0.0,1
Georgia,Art,Rogers Handheld Barrel Pencil Sharpener,2.74,0.7398,0.0,1
Illinois,Accessories,Maxell 4.7GB DVD+R 5/Pack,2.376,0.7425,0.2,1
Florida,Accessories,Maxell 4.7GB DVD+R 5/Pack,2.376,0.7425,0.2,1
Pennsylvania,Art,Newell 341,6.848,0.7704,0.2,1
Kentucky,Supplies,Martin-Yale Premier Letter Opener,25.76,0.7728,0.0,1
Illinois,Art,Newell 311,8.84,0.7735000000000001,0.2,2
Pennsylvania,Furnishings,3M Hangers With Command Adhesive,2.96,0.777,0.2,1
Texas,Fasteners,"Acco Banker's Clasps, 5 3/4""-Long",2.304,0.7776,0.2,1
Mississippi,Phones,Cyber Acoustics AC-202b Speech Recognition Stereo Headset,38.97,0.7794,0.0,1
California,Accessories,SanDisk Ultra 16 GB MicroSDHC Class 10 Memory Card,12.99,0.7794,0.0,1
Tennessee,Art,Newell 310,7.04,0.792,0.2,2
Texas,Art,Newell 317,7.056,0.7938,0.2,1
Colorado,Art,"BIC Brite Liner Grip Highlighters, Assorted, 5/Pack",3.392,0.8056,0.2,1
Pennsylvania,Art,"Binney & Smith Crayola Metallic Crayons, 16-Color Pack",2.696,0.8088,0.2,1
Texas,Storage,"Tenex Personal Project File with Scoop Front Design, Black",10.784,0.8088,0.2,1
Oregon,Art,"Hunt BOSTON Vista Battery-Operated Pencil Sharpener, Black",9.328,0.8162,0.2,1
Texas,Art,"Hunt BOSTON Vista Battery-Operated Pencil Sharpener, Black",9.328,0.8162,0.2,1
Arizona,Fasteners,Binder Clips by OIC,2.368,0.8288,0.2,1
Georgia,Accessories,Kingston Digital DataTraveler 8GB USB 2.0,5.95,0.833,0.0,1
Pennsylvania,Art,Newell 333,11.12,0.834,0.2,1
Oregon,Appliances,Belkin 7-Outlet SurgeMaster Home Series,11.176,0.8382,0.2,1
Tennessee,Art,"Binney & Smith inkTank Desk Highlighter, Chisel Tip, Yellow, 12/Box",5.16,0.8385,0.2,1
Colorado,Accessories,"Memorex 25GB 6X Branded Blu-Ray Recordable Disc, 15/Pack",67.96,0.8495,0.2,1
Texas,Labels,Avery 497,2.464,0.8624,0.2,1
Illinois,Art,"Sanford Colorific Colored Pencils, 12/Box",6.912,0.864,0.2,1
Washington,Supplies,Stiletto Hand Letter Openers,28.8,0.864,0.0,1
North Dakota,Art,Staples in misc. colors,2.48,0.868,0.0,1
California,Art,Newell 323,3.36,0.8736,0.0,1
Mississippi,Storage,Rogers Deluxe File Chest,87.92,0.8792,0.0,1
Virginia,Art,SANFORD Liquid Accent Tank-Style Highlighters,2.84,0.8804,0.0,1
Texas,Labels,Avery 520,2.52,0.882,0.2,1
Illinois,Art,Newell 348,7.872,0.8856,0.2,1
North Carolina,Art,Newell 350,7.872,0.8856,0.2,1
Ohio,Art,Newell 35,7.872,0.8856,0.2,2
Pennsylvania,Art,Newell 348,7.872,0.8856,0.2,1
Pennsylvania,Appliances,Hoover Replacement Belt for Commercial Guardsman Heavy-Duty Upright Vacuum,7.104,0.888,0.2,2
Indiana,Accessories,Maxell 4.7GB DVD+R 5/Pack,1.98,0.891,0.0,1
Wisconsin,Accessories,Maxell 4.7GB DVD+R 5/Pack,1.98,0.891,0.0,1
Colorado,Art,"Dixon Prang Watercolor Pencils, 10-Color Set with Brush",3.408,0.8946,0.2,1
Ohio,Art,Newell 315,14.352,0.897,0.2,1
Texas,Art,Newell 320,10.272,0.8988,0.2,1
North Carolina,Art,Newell 320,10.272,0.8988,0.2,1
Illinois,Phones,Belkin iPhone and iPad Lightning Cable,11.992,0.8994,0.2,1
Ohio,Accessories,Belkin F8E887 USB Wired Ergonomic Keyboard,71.976,0.8997,0.2,1
Illinois,Art,"Crayola Anti Dust Chalk, 12/Pack",2.912,0.91,0.2,1
Arizona,Art,"Crayola Anti Dust Chalk, 12/Pack",2.912,0.91,0.2,1
North Carolina,Art,Pencil and Crayon Sharpener,10.512,0.9198,0.2,2
Arizona,Art,Newell 324,9.24,0.924,0.2,1
Ohio,Art,Newell 311,10.608,0.9282,0.2,1
Washington,Fasteners,"Alliance Super-Size Bands, Assorted Sizes",93.36,0.9336,0.0,1
Michigan,Art,Newell 351,3.28,0.9512,0.0,1
Colorado,Supplies,"Acme Design Line 8"" Stainless Steel Bent Scissors w/Champagne Handles, 3-1/8"" Cut",10.944,0.9576,0.2,1
Texas,Storage,Iris Project Case,12.768,0.9576,0.2,1
Vermont,Envelopes,Poly String Tie Envelopes,2.04,0.9588,0.0,1
Michigan,Art,"Sanford Uni-Blazer View Highlighters, Chisel Tip, Yellow",2.2,0.968,0.0,1
Pennsylvania,Furnishings,"Stacking Tray, Side-Loading, Legal, Smoke",7.168,0.9856,0.2,1
Florida,Art,Nontoxic Chalk,2.816,0.9856,0.2,1
California,Binders,Avery Reinforcements for Hole-Punch Pages,3.168,0.99,0.2,1
Florida,Storage,Eldon Simplefile Box Office,9.952,0.9952,0.2,1
Tennessee,Furnishings,Telescoping Adjustable Floor Lamp,15.992,0.9995,0.2,1
Colorado,Art,Newell 344,13.344,1.0008,0.2,1
Florida,Art,Avery Fluorescent Highlighter Four-Color Set,8.016,1.002,0.2,1
Washington,Appliances,"Commercial WindTunnel Clean Air Upright Vacuum, Replacement Belts, Filtration Bags",3.89,1.0114,0.0,1
Pennsylvania,Supplies,Acme Stainless Steel Office Snips,11.632,1.0178,0.2,1
Illinois,Art,Newell 307,10.192,1.0192,0.2,1
Michigan,Art,Newell 307,3.64,1.0192,0.0,1
Pennsylvania,Accessories,"Memorex 25GB 6X Branded Blu-Ray Recordable Disc, 15/Pack",81.552,1.0194,0.2,2
Connecticut,Art,Newell 326,3.52,1.0208,0.0,1
California,Art,Newell 310,3.52,1.0208,0.0,1
Pennsylvania,Art,Newell 331,11.736,1.0269,0.2,1
Texas,Art,Faber Castell Col-Erase Pencils,3.912,1.0269,0.2,1
Ohio,Art,Faber Castell Col-Erase Pencils,3.912,1.0269,0.2,1
Ohio,Supplies,Acme Office Executive Series Stainless Steel Trimmers,13.712,1.0284,0.2,1
Washington,Storage,"Belkin 19"" Vented Equipment Shelf, Black",102.96,1.0296,0.0,1
Wisconsin,Art,Manco Dry-Lighter Erasable Highlighter,3.04,1.0336,0.0,1
Florida,Phones,"SKILCRAFT Telephone Shoulder Rest, 2"" x 6.5"" x 2.5"", Black",11.824,1.0346,0.2,1
Texas,Art,4009 Highlighters by Sanford,6.368,1.0348,0.2,1
New York,Storage,Woodgrain Magazine Files by Perma,14.9,1.043,0.0,1
Rhode Island,Storage,Woodgrain Magazine Files by Perma,14.9,1.043,0.0,1
Tennessee,Labels,Avery 496,3.0,1.05,0.2,1
Florida,Labels,Avery 480,3.0,1.05,0.2,1
Florida,Art,"Binney & Smith inkTank Erasable Desk Highlighter, Chisel Tip, Yellow, 12/Box",4.032,1.0584,0.2,1
Rhode Island,Phones,i.Sound Portable Power - 8000 mAh,105.98,1.0598,0.0,1
Texas,Storage,Portfile Personal File Boxes,14.16,1.062,0.2,1
Florida,Furnishings,Dana Swing-Arm Lamps,17.088,1.068,0.2,1
Pennsylvania,Paper,Xerox 1971,3.424,1.07,0.2,1
Tennessee,Paper,Xerox 199,3.424,1.07,0.2,1
Tennessee,Art,Pencil and Crayon Sharpener,12.264,1.0731,0.2,1
Pennsylvania,Labels,Avery 491,3.304,1.0738,0.2,1
North Carolina,Art,Newell Chalk Holder,3.304,1.0738,0.2,1
Pennsylvania,Accessories,Sony 64GB Class 10 Micro SDHC R40 Memory Card,86.376,1.0797,0.2,1
New Mexico,Art,Design Ebony Sketching Pencil,4.17,1.0842,0.0,1
Maryland,Art,"OIC #2 Pencils, Medium Soft",3.76,1.0904,0.0,1
Alabama,Art,"OIC #2 Pencils, Medium Soft",3.76,1.0904,0.0,1
New Jersey,Art,"OIC #2 Pencils, Medium Soft",3.76,1.0904,0.0,1
Florida,Art,Prang Drawing Pencil Set,4.448,1.112,0.2,1
Idaho,Binders,"ACCOHIDE 3-Ring Binder, Blue, 1""",3.304,1.1151,0.2,1
Pennsylvania,Art,Newell 314,17.856,1.116,0.2,1
Washington,Binders,Avery Non-Stick Binders,3.592,1.1225,0.2,1
Texas,Fasteners,Stockwell Push Pins,6.976,1.1336,0.2,2
Texas,Paper,"Ampad Gold Fibre Wirebound Steno Books, 6"" x 9"", Gregg Ruled",3.528,1.1466,0.2,1
Pennsylvania,Supplies,Acme Kleencut Forged Steel Scissors,9.184,1.148,0.2,1
Colorado,Art,Newell 313,13.12,1.148,0.2,1
Ohio,Supplies,Acme Kleencut Forged Steel Scissors,9.184,1.148,0.2,1
Arizona,Art,Newell 336,10.272,1.1556,0.2,1
North Carolina,Art,Newell 347,10.272,1.1556,0.2,1
New York,Bookcases,"Bush Westfield Collection Bookcases, Medium Cherry Finish",46.384,1.1596,0.2,1
North Carolina,Art,Newell 312,9.344,1.168,0.2,1
Washington,Art,"Sanford EarthWrite Recycled Pencils, Medium Soft, #2",4.2,1.176,0.0,1
Tennessee,Fasteners,Assorted Color Push Pins,7.24,1.1765,0.2,1
Tennessee,Paper,"Ampad Evidence Wirebond Steno Books, 6"" x 9""",3.488,1.1772,0.2,1
Nebraska,Fasteners,Plymouth Boxed Rubber Bands by Plymouth,23.55,1.1775,0.0,1
Arizona,Art,Newell 351,10.496,1.1808,0.2,1
Texas,Art,Newell 334,15.872,1.1904,0.2,1
Ohio,Paper,"Wirebound Message Books, Four 2 3/4 x 5 Forms per Page, 200 Sets per Book",3.816,1.1925,0.2,1
Alabama,Fasteners,Assorted Color Push Pins,3.62,1.1946,0.0,1
Pennsylvania,Accessories,Anker Ultra-Slim Mini Bluetooth 3.0 Wireless Keyboard,31.984,1.1994,0.2,1
Illinois,Accessories,Belkin F8E887 USB Wired Ergonomic Keyboard,95.968,1.1996,0.2,1
Texas,Storage,Advantus Rolling Storage Box,13.72,1.2005,0.2,1
Washington,Labels,Avery 509,2.61,1.2006,0.0,1
Kentucky,Labels,Avery 479,2.61,1.2006,0.0,1
Michigan,Labels,Permanent Self-Adhesive File Folder Labels for Typewriters by Universal,2.61,1.2006,0.0,1
Ohio,Art,"Binney & Smith Crayola Metallic Colored Pencils, 8-Color Set",7.408,1.2038,0.2,1
Illinois,Art,"Binney & Smith Crayola Metallic Colored Pencils, 8-Color Set",7.408,1.2038,0.2,1
New York,Binders,Economy Binders,3.328,1.2064,0.2,1
Tennessee,Furnishings,"Tenex Traditional Chairmats for Medium Pile Carpet, Standard Lip, 36"" x 48""",97.04,1.213,0.2,1
Florida,Art,50 Colored Long Pencils,16.256,1.2192,0.2,1
Illinois,Art,Newell 332,14.112,1.2348,0.2,1
Ohio,Art,Newell 325,9.912,1.239,0.2,1
Ohio,Appliances,Hoover Commercial Lightweight Upright Vacuum,16.704,1.2528,0.2,1
Ohio,Furnishings,"Eldon Regeneration Recycled Desk Accessories, Smoke",8.352,1.2528,0.2,1
Pennsylvania,Appliances,Black & Decker Filter for Double Action Dustbuster Cordless Vac BLDV7210,20.136,1.2585,0.2,1
Pennsylvania,Art,Newell 326,11.264,1.2672,0.2,1
Colorado,Furnishings,Regeneration Desk Collection,4.224,1.2672,0.2,1
California,Binders,UniKeep View Case Binders,3.912,1.2714,0.2,1
Tennessee,Labels,Avery 499,3.984,1.2948,0.2,1
Florida,Appliances,"Sanitaire Vibra Groomer IR Commercial Upright Vacuum, Replacement Belts",13.0,1.3,0.2,1
California,Binders,Acco Economy Flexible Poly Round Ring Binder,4.176,1.305,0.2,1
South Dakota,Accessories,Maxell 4.7GB DVD-R 5/Pack,2.97,1.3068,0.0,1
New York,Chairs,Office Star - Mesh Screen back chair with Vinyl seat,117.882,1.3098,0.1,1
New York,Binders,Acco Translucent Poly Ring Binders,3.744,1.3104,0.2,1
Ohio,Appliances,"Eureka Sanitaire  Multi-Pro Heavy-Duty Upright, Disposable Bags",17.48,1.311,0.2,1
Florida,Art,Newell 317,11.76,1.323,0.2,1
Tennessee,Furnishings,"Eldon Expressions Wood Desk Accessories, Oak",11.808,1.3284,0.2,1
Texas,Storage,Fellowes Bases and Tops For Staxonsteel/High-Stak Systems,26.632,1.3316,0.2,1
Texas,Art,Avery Fluorescent Highlighter Four-Color Set,10.688,1.336,0.2,2
New York,Accessories,Maxell 4.7GB DVD+R 5/Pack,2.97,1.3365,0.0,1
New York,Storage,Rogers Profile Extra Capacity Storage Tub,33.48,1.3392,0.0,1
New Jersey,Art,American Pencil,4.66,1.3514,0.0,1
California,Fasteners,"Acco Banker's Clasps, 5 3/4""-Long",2.88,1.3536,0.0,1
Indiana,Phones,ARKON Windshield Dashboard Air Vent Car Mount Holder,67.8,1.356,0.0,1
New York,Phones,ARKON Windshield Dashboard Air Vent Car Mount Holder,67.8,1.356,0.0,1
Virginia,Labels,Avery 482,2.89,1.3583,0.0,1
Florida,Art,Stanley Bostitch Contemporary Electric Pencil Sharpeners,13.584,1.3584,0.2,1
Pennsylvania,Accessories,Lenovo 17-Key USB Numeric Keypad,54.384,1.3596,0.2,1
Colorado,Accessories,Lenovo 17-Key USB Numeric Keypad,54.384,1.3596,0.2,1
Georgia,Binders,Wilson Jones Suede Grain Vinyl Binders,2.78,1.3622,0.0,1
New York,Binders,Presstex Flexible Ring Binders,3.64,1.365,0.2,1
Indiana,Furnishings,"GE General Purpose, Extra Long Life, Showcase & Floodlight Incandescent Bulbs",2.91,1.3677,0.0,1
Ohio,Paper,"RSVP Cards & Envelopes, Blank White, 8-1/2"" X 11"", 24 Cards/25 Envelopes/Set",4.064,1.3716,0.2,1
Florida,Furnishings,Eldon Wave Desk Accessories,4.992,1.3728,0.2,1
California,Phones,Samsung Replacement EH64AVFWE Premium Headset,22.0,1.375,0.2,1
North Carolina,Phones,Samsung Replacement EH64AVFWE Premium Headset,22.0,1.375,0.2,1
Oklahoma,Phones,Samsung Replacement EH64AVFWE Premium Headset,5.5,1.375,0.0,1
New York,Binders,Cardinal Holdit Business Card Pockets,3.984,1.3944,0.2,1
Washington,Binders,Tuff Stuff Recycled Round Ring Binders,3.856,1.3978,0.2,1
North Carolina,Phones,PayAnywhere Card Reader,15.984,1.3986,0.2,1
Ohio,Art,Boston 16765 Mini Stand Up Battery Pencil Sharpener,18.656,1.3992,0.2,1
New York,Art,"Sanford Colorific Eraseable Coloring Pencils, 12 Count",3.28,1.4104,0.0,1
Kentucky,Binders,Avery Durable Binders,2.88,1.4112,0.0,1
North Carolina,Furnishings,Eldon Wave Desk Accessories,4.712,1.4136,0.2,1
Arkansas,Art,"Binney & Smith inkTank Desk Highlighter, Chisel Tip, Yellow, 12/Box",4.3,1.419,0.0,1
Washington,Fasteners,Binder Clips by OIC,2.96,1.4208,0.0,1
Ohio,Furnishings,"Master Caster Door Stop, Brown",8.128,1.4224,0.2,1
North Carolina,Art,Newell 310,12.672,1.4256,0.2,1
North Carolina,Supplies,Staple remover,12.768,1.4364,0.2,1
Texas,Art,Newell 343,16.464,1.4406,0.2,1
Florida,Furnishings,Acrylic Self-Standing Desk Frames,6.408,1.4418,0.2,1
California,Art,Newell 344,5.56,1.4456,0.0,1
Virginia,Art,Newell 318,5.56,1.4456,0.0,1
New York,Art,Newell 333,5.56,1.4456,0.0,1
Wisconsin,Art,Newell 333,5.56,1.4456,0.0,1
Washington,Art,Newell 344,5.56,1.4456,0.0,1
Virginia,Art,Newell 333,5.56,1.4456,0.0,1
Arizona,Accessories,HP Standard 104 key PS/2 Keyboard,23.2,1.45,0.2,1
Michigan,Storage,Woodgrain Magazine Files by Perma,20.86,1.4602,0.0,1
New York,Fasteners,Translucent Push Pins by OIC,3.96,1.4652,0.0,1
Ohio,Storage,Sterilite Officeware Hinged File Box,16.768,1.4672,0.2,1
Arizona,Storage,Sterilite Officeware Hinged File Box,16.768,1.4672,0.2,1
Kentucky,Art,Newell 322,5.46,1.4742,0.0,1
Illinois,Art,Newell 35,13.12,1.476,0.2,1
North Carolina,Art,Newell 349,13.12,1.476,0.2,1
North Carolina,Furnishings,Stackable Trays,9.856,1.4784,0.2,2
Pennsylvania,Art,Nontoxic Chalk,4.224,1.4784,0.2,1
California,Labels,Avery 511,3.08,1.4784,0.0,1
Kentucky,Art,Rogers Handheld Barrel Pencil Sharpener,5.48,1.4796,0.0,1
Maryland,Art,Blackstonian Pencils,5.34,1.4952,0.0,1
Florida,Labels,Avery 492,4.608,1.4976,0.2,1
Pennsylvania,Storage,Staple magnet,15.008,1.5008,0.2,1
Texas,Supplies,Acme Elite Stainless Steel Scissors,20.016,1.5011999999999999,0.2,2
Washington,Furnishings,"Eldon Image Series Desk Accessories, Burgundy",4.18,1.5048,0.0,1
Illinois,Art,Newell 33,13.392,1.5066,0.2,1
Massachusetts,Labels,Avery 518,3.15,1.512,0.0,1
Texas,Art,Prang Dustless Chalk Sticks,4.032,1.512,0.2,2
Maryland,Labels,Avery 488,3.15,1.512,0.0,1
California,Art,Newell 307,5.46,1.5288,0.0,1
Ohio,Accessories,"Memorex 25GB 6X Branded Blu-Ray Recordable Disc, 15/Pack",122.328,1.5291,0.2,1
Washington,Art,Newell 310,5.28,1.5312,0.0,1
Illinois,Supplies,Acme Office Executive Series Stainless Steel Trimmers,20.568,1.5426,0.2,1
Georgia,Storage,"Belkin 19"" Vented Equipment Shelf, Black",154.44,1.5444,0.0,1
California,Supplies,Martin-Yale Premier Letter Opener,51.52,1.5456,0.0,1
Illinois,Storage,"Tenex Personal Filing Tote With Secure Closure Lid, Black/Frost",24.816,1.551,0.2,1
North Carolina,Art,4009 Highlighters by Sanford,9.552,1.5522,0.2,1
Delaware,Paper,Avoid Verbal Orders Carbonless Minifold Book,3.38,1.5548,0.0,1
California,Art,Newell 330,5.98,1.5548,0.0,1
Alabama,Accessories,SanDisk Ultra 16 GB MicroSDHC Class 10 Memory Card,25.98,1.5588,0.0,1
New Jersey,Furnishings,"Tensor ""Hersey Kiss"" Styled Floor Lamp",12.99,1.5588,0.0,1
Tennessee,Furnishings,Eldon 500 Class Desk Accessories,9.656,1.5691,0.2,1
Ohio,Storage,Hanging Personal Folder File,25.12,1.57,0.2,1
Ohio,Furnishings,"GE General Purpose, Extra Long Life, Showcase & Floodlight Incandescent Bulbs",4.656,1.5714,0.2,1
New York,Storage,Space Solutions Industrial Galvanized Steel Shelving.,78.8,1.576,0.0,1
Pennsylvania,Art,"Quartet Omega Colored Chalk, 12/Pack",4.672,1.5768,0.2,1
California,Storage,Akro Stacking Bins,39.45,1.5779999999999998,0.0,2
Colorado,Art,"Dixon My First Ticonderoga Pencil, #2",14.04,1.5795,0.2,1
Texas,Art,"Dixon My First Ticonderoga Pencil, #2",14.04,1.5795,0.2,1
Texas,Phones,Belkin Grip Candy Sheer Case / Cover for iPhone 5 and 5S,21.072,1.5804,0.2,1
Ohio,Art,"Binney & Smith inkTank Erasable Desk Highlighter, Chisel Tip, Yellow, 12/Box",6.048,1.5876,0.2,1
Pennsylvania,Fasteners,Stockwell Gold Paper Clips,4.416,1.6008,0.2,1
New York,Phones,Sannysis Cute Owl Design Soft Skin Case Cover for Samsung Galaxy S4,5.94,1.6038,0.0,1
Ohio,Furnishings,Eldon Pizzaz Desk Accessories,5.352,1.6056,0.2,1
Arizona,Storage,"Neat Ideas Personal Hanging Folder Files, Black",21.488,1.6116,0.2,2
Illinois,Storage,"Neat Ideas Personal Hanging Folder Files, Black",21.488,1.6116,0.2,1
Georgia,Storage,"Carina 42""Hx23 3/4""W Media Storage Unit",80.98,1.6196,0.0,1
California,Storage,Tennsco Commercial Shelving,162.72,1.6272,0.0,4
Texas,Paper,"Adams Telephone Message Books, 5 1/4 x 11",4.832,1.6308,0.2,1
Ohio,Art,"Hunt BOSTON Vista Battery-Operated Pencil Sharpener, Black",18.656,1.6324,0.2,1
Kentucky,Art,"OIC #2 Pencils, Medium Soft",5.64,1.6356,0.0,1
California,Accessories,Logitech Desktop MK120 Mouse and keyboard Combo,16.36,1.636,0.0,1
Nevada,Art,"Crayola Anti Dust Chalk, 12/Pack",3.64,1.638,0.0,1
North Carolina,Labels,"Permanent Self-Adhesive File Folder Labels for Typewriters, 1 1/8 x 3 1/2, White",5.04,1.638,0.2,1
Illinois,Art,BIC Brite Liner Grip Highlighters,5.248,1.64,0.2,1
Pennsylvania,Art,"Binney & Smith inkTank Erasable Pocket Highlighter, Chisel Tip, Yellow",5.472,1.6416,0.2,1
California,Binders,Avery Round Ring Poly Binders,4.544,1.6472,0.2,1
Florida,Paper,"Telephone Message Books with Fax/Mobile Section, 5 1/2"" x 3 3/16""",5.08,1.651,0.2,1
Ohio,Envelopes,"Redi-Strip #10 Envelopes, 4 1/8 x 9 1/2",4.72,1.652,0.2,1
Pennsylvania,Art,Newell 31,16.52,1.652,0.2,1
Texas,Envelopes,Poly String Tie Envelopes,4.896,1.6523999999999999,0.2,2
Virginia,Accessories,Imation 30456 USB Flash Drive 8GB,20.7,1.656,0.0,1
California,Binders,Avery Heavy-Duty EZD View Binder with Locking Rings,5.104,1.6588,0.2,1
Texas,Accessories,Maxell 4.7GB DVD-R 5/Pack,5.544,1.6632,0.2,1
Tennessee,Art,Prang Drawing Pencil Set,6.672,1.668,0.2,1
New York,Art,"Premium Writing Pencils, Soft, #2 by Central Association for the Blind",5.96,1.6688,0.0,1
Illinois,Art,Avery Fluorescent Highlighter Four-Color Set,13.36,1.67,0.2,2
California,Art,Newell 335,5.76,1.6704,0.0,1
North Carolina,Labels,Avery 514,4.608,1.6704,0.2,1
Texas,Labels,Avery File Folder Labels,4.608,1.6704,0.2,1
Florida,Labels,Avery 474,4.608,1.6704,0.2,1
New York,Storage,"Iris 3-Drawer Stacking Bin, Black",83.56,1.6712,0.0,1
Pennsylvania,Storage,Plastic Stacking Crates & Casters,22.32,1.674,0.2,2
North Carolina,Paper,Xerox 1924,4.624,1.6762,0.2,1
Texas,Paper,Xerox 196,4.624,1.6762,0.2,1
Utah,Phones,"SmartStand Mobile Device Holder, Assorted Colors",16.776,1.6776,0.2,1
Ohio,Storage,"Tennsco Lockers, Sand",33.568,1.6784,0.2,1
Pennsylvania,Storage,"Tennsco Lockers, Sand",33.568,1.6784,0.2,1
New York,Binders,Round Ring Binders,4.992,1.6848,0.2,1
Oklahoma,Art,Nontoxic Chalk,3.52,1.6896,0.0,1
New York,Art,Nontoxic Chalk,3.52,1.6896,0.0,1
Ohio,Supplies,"Elite 5"" Scissors",13.52,1.69,0.2,1
Ohio,Fasteners,Stockwell Push Pins,10.464,1.7004,0.2,1
Tennessee,Art,Zebra Zazzle Fluorescent Highlighters,9.728,1.7024,0.2,1
Ohio,Accessories,Imation Swivel Flash Drive USB flash drive - 8 GB,9.096,1.7055,0.2,1
Illinois,Art,Newell 331,19.56,1.7115,0.2,1
Colorado,Furnishings,"Eldon Expressions Desk Accessory, Wood Photo Frame, Mahogany",15.232,1.7136,0.2,1
Ohio,Fasteners,Advantus T-Pin Paper Clips,7.216,1.7138,0.2,1
Pennsylvania,Labels,Avery 511,4.928,1.7248,0.2,1
Texas,Labels,Smead Alpha-Z Color-Coded Second Alphabetical Labels and Starter Set,4.928,1.7248,0.2,1
Tennessee,Labels,Avery 481,4.928,1.7248,0.2,1
Ohio,Art,Rogers Handheld Barrel Pencil Sharpener,19.728,1.7262,0.2,1
Kansas,Art,"Sanford Colorific Colored Pencils, 12/Box",5.76,1.728,0.0,1
Wisconsin,Binders,Wilson Jones Easy Flow II Sheet Lifters,3.6,1.728,0.0,1
California,Phones,Cush Cases Heavy Duty Rugged Cover Case for Samsung Galaxy S5 - Purple,19.8,1.7325,0.2,1
Indiana,Labels,Avery 487,3.69,1.7343,0.0,1
Massachusetts,Labels,Avery 517,3.69,1.7343,0.0,1
Arizona,Furnishings,Magna Visual Magnetic Picture Hangers,7.712,1.7352,0.2,1
Ohio,Furnishings,Magna Visual Magnetic Picture Hangers,7.712,1.7352,0.2,1
California,Phones,QVS USB Car Charger 2-Port 2.1Amp for iPod/iPhone/iPad/iPad 2/iPad 3,5.56,1.7375,0.2,1
Texas,Fasteners,Colored Push Pins,8.688,1.7376,0.2,2
Ohio,Art,Turquoise Lead Holder with Pocket Clip,10.72,1.742,0.2,1
California,Art,"Dixon Prang Watercolor Pencils, 10-Color Set with Brush",4.26,1.7466,0.0,1
North Carolina,Art,Prang Drawing Pencil Set,20.016,1.7514,0.2,1
California,Storage,Rogers Deluxe File Chest,175.84,1.7584,0.0,2
Delaware,Art,SANFORD Liquid Accent Tank-Style Highlighters,5.68,1.7608,0.0,1
California,Art,SANFORD Liquid Accent Tank-Style Highlighters,5.68,1.7608,0.0,1
Ohio,Labels,Avery 502,5.04,1.764,0.2,1
Arizona,Labels,Avery 488,5.04,1.764,0.2,1
Pennsylvania,Labels,Avery 488,5.04,1.764,0.2,1
Texas,Labels,Avery 502,5.04,1.764,0.2,1
North Carolina,Labels,Avery 518,5.04,1.764,0.2,1
Oregon,Art,Lumber Crayons,7.88,1.773,0.2,1
California,Art,Pencil and Crayon Sharpener,6.57,1.7739,0.0,1
California,Fasteners,Advantus Push Pins,4.36,1.7876,0.0,1
Ohio,Art,Newell 330,23.92,1.794,0.2,1
North Carolina,Art,Staples in misc. colors,28.728,1.7955,0.2,1
Texas,Accessories,Anker Ultra-Slim Mini Bluetooth 3.0 Wireless Keyboard,47.976,1.7991,0.2,1
Minnesota,Labels,Avery 480,3.75,1.8,0.0,1
California,Labels,Avery 510,3.75,1.8,0.0,1
Kansas,Fasteners,"Advantus Push Pins, Aluminum Head",5.81,1.8011,0.0,1
New York,Fasteners,Stockwell Gold Paper Clips,3.68,1.8032,0.0,1
Texas,Paper,Xerox 231,5.184,1.8144,0.2,1
Texas,Paper,Xerox 218,5.184,1.8144,0.2,1
Oregon,Paper,Xerox 218,5.184,1.8144,0.2,1
Tennessee,Paper,Xerox 217,5.184,1.8144,0.2,1
California,Binders,Peel & Stick Add-On Corner Pockets,5.184,1.8144,0.2,1
Illinois,Paper,Xerox 2,5.184,1.8144,0.2,1
Texas,Paper,Xerox 2000,5.184,1.8144,0.2,1
Florida,Appliances,Staple holder,20.808,1.8207,0.2,1
Connecticut,Binders,Acco Hanging Data Binders,3.81,1.8288,0.0,1
Illinois,Fasteners,Advantus Push Pins,6.976,1.8312,0.2,1
New York,Supplies,"Acme Design Line 8"" Stainless Steel Bent Scissors w/Champagne Handles, 3-1/8"" Cut",6.84,1.8468,0.0,1
Florida,Furnishings,Stackable Trays,12.32,1.848,0.2,1
Arizona,Art,Newell 317,16.464,1.8522,0.2,1
Illinois,Art,"Eberhard Faber 3 1/2"" Golf Pencils",29.76,1.86,0.2,1
Washington,Storage,Safco Commercial Shelving,46.51,1.8604,0.0,1
Louisiana,Binders,Avery Binder Labels,3.89,1.8672,0.0,1
Arizona,Art,Avery Hi-Liter Smear-Safe Highlighters,9.344,1.8688,0.2,1
Pennsylvania,Paper,Xerox 1968,5.344,1.8704,0.2,1
Ohio,Paper,Xerox 195,5.344,1.8704,0.2,1
Texas,Paper,Xerox 1986,5.344,1.8704,0.2,1
California,Supplies,Kleencut Forged Office Shears by Acme United Corporation,6.24,1.872,0.0,1
Wisconsin,Accessories,Rosewill 107 Normal Keys USB Wired Standard Keyboard,13.48,1.8872,0.0,1
Virginia,Labels,Avery 476,4.13,1.8998,0.0,1
New York,Art,Newell 349,6.56,1.9024,0.0,1
Kentucky,Art,Newell 350,6.56,1.9024,0.0,1
Oklahoma,Art,Newell 351,6.56,1.9024,0.0,1
Texas,Phones,I Need's 3d Hello Kitty Hybrid Silicone Case Cover for HTC One X 4g with 3d Hello Kitty Stylus Pen Green/pink,19.136,1.9136,0.2,1
Pennsylvania,Fasteners,"Acco Clips to Go Binder Clips, 24 Clips in Two Sizes",5.68,1.917,0.2,1
New Mexico,Paper,Xerox 1953,4.28,1.926,0.0,1
Ohio,Storage,"Letter/Legal File Tote with Clear Snap-On Lid, Black Granite",25.696,1.9272,0.2,1
Washington,Supplies,Martin-Yale Premier Letter Opener,64.4,1.932,0.0,1
Texas,Supplies,Staple remover,59.29600000000001,1.9586000000000001,0.2,4
Ohio,Appliances,Belkin 6 Outlet Metallic Surge Strip,26.136,1.9602,0.2,1
Tennessee,Storage,Crate-A-Files,26.16,1.962,0.2,1
Alabama,Supplies,Acme Stainless Steel Office Snips,7.27,1.9629,0.0,1
California,Art,Newell 322,7.28,1.9656,0.0,1
Mississippi,Furnishings,Stackable Trays,6.16,1.9712,0.0,1
Arizona,Art,Newell 319,15.872,1.984,0.2,1
Pennsylvania,Paper,"1/4 Fold Party Design Invitations & White Envelopes, 24 8-1/2"" X 11"" Cards, 25 Env./Pack",5.88,1.9845,0.2,1
Illinois,Labels,Avery 501,5.904,1.9926,0.2,1
Texas,Labels,Avery 52,5.904,1.9926,0.2,1
Arizona,Labels,Avery 501,5.904,1.9926,0.2,1
Ohio,Labels,Avery 487,5.904,1.9926,0.2,1
North Carolina,Furnishings,Telescoping Adjustable Floor Lamp,31.984,1.999,0.2,1
Florida,Furnishings,Telescoping Adjustable Floor Lamp,31.984,1.999,0.2,1
Arizona,Accessories,Micropad Numeric Keypads,31.984,1.999,0.2,1
Massachusetts,Art,Avery Fluorescent Highlighter Four-Color Set,6.68,2.004,0.0,1
Nevada,Binders,Avery Poly Binder Pockets,5.728,2.0048,0.2,1
Virginia,Art,Faber Castell Col-Erase Pencils,4.89,2.0049,0.0,1
Connecticut,Art,"Binney & Smith inkTank Erasable Pocket Highlighter, Chisel Tip, Yellow",4.56,2.0064,0.0,1
Florida,Art,Newell 33,17.856,2.0088,0.2,1
Florida,Appliances,Hoover Portapower Portable Vacuum,32.256,2.016,0.2,2
California,Binders,Wilson Jones Easy Flow II Sheet Lifters,5.76,2.016,0.2,2
Indiana,Paper,"Ampad Gold Fibre Wirebound Steno Books, 6"" x 9"", Gregg Ruled",4.41,2.0286,0.0,1
Ohio,Storage,X-Rack File for Hanging Folders,27.096,2.0322,0.2,1
Washington,Accessories,Kingston Digital DataTraveler 32GB USB 2.0,33.9,2.034,0.0,1
Florida,Labels,Avery 494,6.264,2.0358,0.2,1
Colorado,Labels,Avery 509,6.264,2.0358,0.2,1
Texas,Labels,Avery 479,6.264,2.0358,0.2,1
North Carolina,Labels,Avery 494,6.264,2.0358,0.2,1
Illinois,Phones,Spigen Samsung Galaxy S5 Case Wallet,27.184,2.0388,0.2,1
Ohio,Supplies,Acme Titanium Bonded Scissors,27.2,2.04,0.2,1
California,Art,Newell 326,7.04,2.0416,0.0,1
Michigan,Paper,"Ampad Poly Cover Wirebound Steno Book, 6"" x 9"" Assorted Colors, Gregg Ruled",4.54,2.043,0.0,1
Pennsylvania,Appliances,"Bravo II Megaboss 12-Amp Hard Body Upright, Replacement Belts, 2 Belts per Pack",18.2,2.0475,0.2,1
Georgia,Paper,"Ampad Evidence Wirebond Steno Books, 6"" x 9""",4.36,2.0492,0.0,1
Illinois,Art,Newell 325,16.52,2.065,0.2,1
New York,Art,Manco Dry-Lighter Erasable Highlighter,6.08,2.0672,0.0,1
Texas,Fasteners,Binder Clips by OIC,5.92,2.072,0.2,2
Maryland,Art,Economy #2 Pencils,7.98,2.0748,0.0,1
Kentucky,Art,Economy #2 Pencils,7.98,2.0748,0.0,1
Texas,Supplies,Acme Tagit Stainless Steel Antibacterial Scissors,23.76,2.079,0.2,1
Colorado,Paper,Southworth 25% Cotton Antique Laid Paper & Envelopes,6.672,2.085,0.2,1
California,Appliances,Hoover Commercial Soft Guard Upright Vacuum And Disposable Filtration Bags,7.77,2.0979,0.0,1
North Carolina,Phones,Speck Products Candyshell Flip Case,27.992,2.0994,0.2,1
Illinois,Labels,Smead Alpha-Z Color-Coded Name Labels First Letter Starter Set,6.0,2.1,0.2,1
California,Art,Newell 308,8.4,2.1,0.0,2
Texas,Labels,Avery 510,6.0,2.1,0.2,1
Ohio,Labels,Avery 496,6.0,2.1,0.2,1
California,Art,12 Colored Short Pencils,7.8,2.106,0.0,1
Texas,Art,Manco Dry-Lighter Erasable Highlighter,12.16,2.128,0.2,1
California,Binders,"Black Avery Memo-Size 3-Ring Binder, 5 1/2"" x 8 1/2""",5.872,2.1286,0.2,1
Washington,Binders,Acco Hanging Data Binders,6.096,2.1336,0.2,1
North Carolina,Furnishings,Dana Swing-Arm Lamps,34.176,2.136,0.2,2
Pennsylvania,Paper,Xerox 1900,6.848,2.14,0.2,1
Texas,Paper,Xerox 1927,6.848,2.14,0.2,1
New York,Furnishings,"Eldon Expressions Wood Desk Accessories, Oak",7.38,2.1402,0.0,1
Maryland,Paper,"Wirebound Message Books, Four 2 3/4 x 5 Forms per Page, 200 Sets per Book",4.77,2.1465,0.0,1
Texas,Envelopes,"#10 Gummed Flap White Envelopes, 100/Box",6.608,2.1476,0.2,1
California,Binders,"Avery Durable Slant Ring Binders, No Labels",6.368,2.1492,0.2,1
New Jersey,Fasteners,Stockwell Push Pins,6.54,2.1582,0.0,1
Georgia,Art,Newell 344,8.34,2.1684,0.0,1
Mississippi,Art,Newell 344,8.34,2.1684,0.0,1
California,Art,Newell 339,8.34,2.1684,0.0,1
Pennsylvania,Envelopes,Peel & Seel Envelopes,6.208,2.1728,0.2,1
Florida,Furnishings,"C-Line Magnetic Cubicle Keepers, Clear Polypropylene",7.904,2.1736,0.2,1
Pennsylvania,Accessories,HP Standard 104 key PS/2 Keyboard,34.8,2.175,0.2,1
New Jersey,Art,DIXON Ticonderoga Erasable Checking Pencils,5.58,2.1762,0.0,1
California,Furnishings,"Eldon 300 Class Desk Accessories, Black",4.95,2.178,0.0,1
New Mexico,Art,Newell 323,8.4,2.184,0.0,1
Illinois,Art,Col-Erase Pencils with Erasers,19.456,2.1888,0.2,1
Washington,Supplies,Acme Value Line Scissors,7.3,2.19,0.0,1
Ohio,Accessories,SanDisk Cruzer 4 GB USB Flash Drive,10.384,2.2066,0.2,1
Washington,Accessories,Imation 30456 USB Flash Drive 8GB,27.6,2.208,0.0,1
Montana,Binders,"Acco Pressboard Covers with Storage Hooks, 14 7/8"" x 11"", Dark Blue",6.096,2.2098,0.2,1
Connecticut,Art,Turquoise Lead Holder with Pocket Clip,6.7,2.211,0.0,1
Massachusetts,Storage,Safco Industrial Shelving,73.85,2.2155,0.0,1
Maryland,Art,Rogers Handheld Barrel Pencil Sharpener,8.22,2.2194,0.0,1
New York,Art,Prang Drawing Pencil Set,5.56,2.224,0.0,1
California,Supplies,Acme Office Executive Series Stainless Steel Trimmers,8.57,2.2282,0.0,1
New York,Accessories,"Memorex 25GB 6X Branded Blu-Ray Recordable Disc, 30/Pack",31.95,2.2365,0.0,1
New York,Binders,Accohide Poly Flexible Ring Binders,5.984,2.244,0.2,1
New York,Supplies,Acme Kleen Earth Office Shears,7.76,2.2504,0.0,1
Tennessee,Storage,Staple magnet,22.512,2.2512,0.2,1
New York,Accessories,Imation Clip USB flash drive - 8 GB,37.6,2.256,0.0,1
Florida,Art,Sanford Liquid Accent Highlighters,10.688,2.2712,0.2,1
New Jersey,Appliances,Disposable Triple-Filter Dust Bags,8.74,2.2724,0.0,1
Washington,Storage,SAFCO Boltless Steel Shelving,227.28,2.2728,0.0,1
North Carolina,Accessories,SanDisk Cruzer 32 GB USB Flash Drive,15.216,2.2824,0.2,1
Michigan,Phones,Belkin Grip Candy Sheer Case / Cover for iPhone 5 and 5S,8.78,2.2828,0.0,1
Ohio,Furnishings,Eldon Wave Desk Accessories,8.32,2.288,0.2,1
Oregon,Fasteners,Advantus Push Pins,8.72,2.289,0.2,1
Missouri,Phones,Motorola HK250 Universal Bluetooth Headset,114.95,2.299,0.0,1
Minnesota,Phones,Motorola HK250 Universal Bluetooth Headset,114.95,2.299,0.0,1
New Jersey,Art,"Dixon Ticonderoga Maple Cedar Pencil, #2",9.21,2.3025,0.0,1
Washington,Art,"Dixon Ticonderoga Maple Cedar Pencil, #2",9.21,2.3025,0.0,1
Indiana,Binders,"Pressboard Covers with Storage Hooks, 9 1/2"" x 11"", Light Blue",4.91,2.3077,0.0,1
Florida,Accessories,"Verbatim Slim CD and DVD Storage Cases, 50/Pack",18.464,2.308,0.2,1
California,Paper,"While You Were Out Pads, 50 per Pad, 4 x 5 1/4, Green Cycle",4.73,2.3177,0.0,1
Texas,Art,Colorific Watercolor Pencils,20.64,2.322,0.2,1
Washington,Binders,Avery Printable Repositionable Plastic Tabs,6.88,2.322,0.2,1
California,Furnishings,Regeneration Desk Collection,5.28,2.3232,0.0,1
New York,Binders,Avery Hidden Tab Dividers for Binding Systems,7.152,2.3244,0.2,1
Utah,Fasteners,"OIC Binder Clips, Mini, 1/4"" Capacity, Black",4.96,2.3312,0.0,1
Florida,Fasteners,"Acco Banker's Clasps, 5 3/4""-Long",6.912,2.3328,0.2,1
Florida,Art,"BIC Brite Liner Highlighters, Chisel Tip",15.552,2.3328,0.2,1
Oregon,Art,Newell 312,18.688,2.336,0.2,1
Tennessee,Appliances,Fellowes Basic Home/Office Series Surge Protectors,20.768,2.3364,0.2,1
Pennsylvania,Storage,Personal File Boxes with Fold-Down Carry Handle,37.392,2.337,0.2,1
Washington,Paper,Xerox 190,4.98,2.3406,0.0,1
New York,Binders,Avery Durable Slant Ring Binders With Label Holder,6.688,2.3408,0.2,1
Texas,Labels,Staple-on labels,6.936,2.3409,0.2,1
California,Binders,Computer Printout Index Tabs,6.72,2.352,0.2,1
Michigan,Furnishings,Advantus Panel Wall Acrylic Frame,5.47,2.3521,0.0,1
Oregon,Storage,Hanging Personal Folder File,37.68,2.355,0.2,1
New York,Binders,Wilson Jones Leather-Like Binders with DublLock Round Rings,6.984,2.3571,0.2,1
Florida,Appliances,"Eureka Sanitaire  Multi-Pro Heavy-Duty Upright, Disposable Bags",31.464000000000002,2.3598,0.2,2
North Carolina,Art,Newell 321,20.992,2.3616,0.2,1
Texas,Storage,"Tenex Personal Self-Stacking Standard File Box, Black/Gray",27.056,2.3674,0.2,1
Arizona,Art,Dixon Ticonderoga Core-Lock Colored Pencils,14.576,2.3686,0.2,1
Colorado,Art,Dixon Ticonderoga Core-Lock Colored Pencils,14.576,2.3686,0.2,1
Pennsylvania,Fasteners,Advantus Map Pennant Flags and Round Head Tacks,15.8,2.37,0.2,1
Georgia,Paper,Xerox 4200 Series MultiUse Premium Copy Paper (20Lb. and 84 Bright),5.28,2.376,0.0,1
Washington,Paper,Xerox 4200 Series MultiUse Premium Copy Paper (20Lb. and 84 Bright),5.28,2.376,0.0,1
Texas,Art,Newell 34,31.744,2.3808,0.2,1
Pennsylvania,Art,Newell 317,21.168,2.3814,0.2,1
Washington,Art,Newell 332,8.82,2.3814,0.0,1
Illinois,Envelopes,Grip Seal Envelopes,7.072,2.3868,0.2,1
Arizona,Paper,Unpadded Memo Slips,6.368,2.388,0.2,1
New York,Fasteners,Assorted Color Push Pins,7.24,2.3892,0.0,1
Texas,Phones,Cisco SPA525G2 IP Phone - Wireless,31.92,2.394,0.2,1
Illinois,Storage,Pizazz Global Quick File,23.952,2.3952,0.2,1
New York,Phones,RCA H5401RE1 DECT 6.0 4-Line Cordless Handset With Caller ID/Call Waiting,239.97,2.3997,0.0,1
Ohio,Storage,Advantus Rolling Storage Box,27.44,2.401,0.2,1
New York,Labels,Permanent Self-Adhesive File Folder Labels for Typewriters by Universal,5.22,2.4012,0.0,1
California,Labels,Permanent Self-Adhesive File Folder Labels for Typewriters by Universal,5.22,2.4012,0.0,1
New Jersey,Labels,Color-Coded Legal Exhibit Labels,4.91,2.4059,0.0,1
New Jersey,Art,Dixon Ticonderoga Pencils,8.94,2.4138,0.0,1
Texas,Storage,"Neat Ideas Personal Hanging Folder Files, Black",32.232,2.4174,0.2,1
New York,Art,Newell 32,8.64,2.4192,0.0,2
Michigan,Binders,Storex Flexible Poly Binders with Double Pockets,5.28,2.4288,0.0,1
Pennsylvania,Paper,"Important Message Pads, 50 4-1/4 x 5-1/2 Forms per Pad",6.72,2.436,0.2,1
Connecticut,Storage,Acco Perma 4000 Stacking Storage Drawers,16.24,2.436,0.0,1
Alabama,Paper,Xerox 1949,4.98,2.4402,0.0,1
New York,Art,Newell 322,9.1,2.457,0.0,2
North Carolina,Art,Sanford 52201 APSCO Electric Pencil Sharpener,32.776,2.4582,0.2,1
Florida,Accessories,"Verbatim 25 GB 6x Blu-ray Single Layer Recordable Disc, 1/Pack",17.88,2.4585,0.2,1
New York,Chairs,"Global High-Back Leather Tilter, Burgundy",221.382,2.4598,0.1,1
Texas,Fasteners,OIC Thumb-Tacks,7.296,2.4624,0.2,2
Ohio,Furnishings,"Stacking Tray, Side-Loading, Legal, Smoke",17.92,2.464,0.2,1
Arizona,Envelopes,"Redi-Strip #10 Envelopes, 4 1/8 x 9 1/2",7.08,2.478,0.2,1
Texas,Envelopes,"Redi-Strip #10 Envelopes, 4 1/8 x 9 1/2",7.08,2.478,0.2,1
Illinois,Fasteners,Binder Clips by OIC,7.104,2.4864,0.2,1
New York,Phones,OtterBox Commuter Series Case - Samsung Galaxy S4,124.95,2.499,0.0,1
Florida,Paper,"REDIFORM Incoming/Outgoing Call Register, 11"" X 8 1/2"", 100 Messages",6.672,2.502,0.2,1
Illinois,Supplies,"Acme Hot Forged Carbon Steel Scissors with Nickel-Plated Handles, 3 7/8"" Cut, 8""L",22.24,2.502,0.2,1
Minnesota,Art,Newell 346,8.64,2.5056,0.0,1
Ohio,Labels,Avery 474,6.912,2.5056,0.2,1
Massachusetts,Art,Newell 335,8.64,2.5056,0.0,1
Delaware,Art,Newell 340,8.64,2.5056,0.0,1
Michigan,Art,Newell 335,8.64,2.5056,0.0,1
Pennsylvania,Labels,Avery 474,6.912,2.5056,0.2,1
Illinois,Supplies,Acme Forged Steel Scissors with Black Enamel Handles,22.344,2.5137,0.2,1
Pennsylvania,Appliances,Belkin 7-Outlet SurgeMaster Home Series,33.528,2.5146,0.2,1
Texas,Supplies,Fiskars Spring-Action Scissors,33.552,2.5164,0.2,2
Florida,Storage,Eldon Fold 'N Roll Cart System,22.368,2.5164,0.2,1
Texas,Accessories,Sony 64GB Class 10 Micro SDHC R40 Memory Card,201.544,2.5193000000000003,0.2,2
New York,Accessories,Maxell CD-R Discs,7.88,2.5216,0.0,1
California,Fasteners,Advantus Map Pennant Flags and Round Head Tacks,7.9,2.528,0.0,1
Minnesota,Fasteners,Advantus Map Pennant Flags and Round Head Tacks,7.9,2.528,0.0,1
Kentucky,Art,Nontoxic Chalk,5.28,2.5344,0.0,1
Indiana,Accessories,Imation USB 2.0 Swivel Flash Drive USB flash drive - 4 GB - Pink,12.12,2.5452,0.0,1
Colorado,Art,SANFORD Major Accent Highlighters,11.328,2.5488,0.2,1
Minnesota,Art,Newell 310,8.8,2.552,0.0,1
Florida,Furnishings,Ultra Door Push Plate,15.712,2.5532,0.2,1
Washington,Art,Newell 317,8.82,2.5578,0.0,1
Florida,Art,Crayola Colored Pencils,15.744,2.5584000000000002,0.2,2
Washington,Binders,Newell 3-Hole Punched Plastic Slotted Magazine Holders for Binders,7.312,2.5592,0.2,1
Oregon,Storage,Portable Personal File Box,29.304,2.5641,0.2,1
Washington,Accessories,Sony 16GB Class 10 Micro SDHC R40 Memory Card,25.78,2.578,0.0,1
Arizona,Phones,"Logitech B530 USB Headset - headset - Full size, Binaural",29.592,2.5893,0.2,1
Maryland,Binders,Wilson Jones Easy Flow II Sheet Lifters,5.4,2.592,0.0,1
Iowa,Binders,Wilson Jones Easy Flow II Sheet Lifters,5.4,2.592,0.0,1
Illinois,Phones,PowerGen Dual USB Car Charger,7.992,2.5974,0.2,1
California,Chairs,"Global Stack Chair without Arms, Black",41.568,2.598,0.2,1
Missouri,Storage,Fellowes Neat Ideas Storage Cubes,64.96,2.5984,0.0,1
California,Storage,Fellowes Neat Ideas Storage Cubes,64.96,2.5984,0.0,1
New York,Storage,Fellowes Neat Ideas Storage Cubes,64.96,2.5984,0.0,1
Florida,Furnishings,Magna Visual Magnetic Picture Hangers,11.568,2.6028,0.2,1
Kentucky,Envelopes,Letter or Legal Size Expandable Poly String Tie Envelopes,5.32,2.6068,0.0,1
Kentucky,Binders,Wilson Jones Snap Scratch Pad Binder Tool for Ring Binders,5.8,2.61,0.0,1
Indiana,Furnishings,Eldon Wave Desk Accessories,6.24,2.6208,0.0,1
Kentucky,Art,Boston 16750 Black Compact Battery Pencil Sharpener,8.75,2.625,0.0,1
California,Tables,Hon Racetrack Conference Tables,210.008,2.6251,0.2,1
Ohio,Phones,Anker 24W Portable Micro USB Car Charger,26.376,2.6376,0.4,1
Arizona,Paper,Xerox 1954,8.448,2.64,0.2,1
Ohio,Paper,Xerox 1928,8.448,2.64,0.2,1
Illinois,Paper,Xerox 1963,8.448,2.64,0.2,1
Texas,Paper,Xerox 1972,8.448,2.64,0.2,1
Oregon,Appliances,Acco Smartsocket Color-Coded Six-Outlet AC Adapter Model Surge Protectors,35.208,2.6406,0.2,1
Florida,Art,Boston 16801 Nautilus Battery Pencil Sharpener,35.216,2.6412,0.2,1
Indiana,Art,50 Colored Long Pencils,10.16,2.6416,0.0,1
Pennsylvania,Labels,Avery 502,7.56,2.646,0.2,1
Washington,Art,Prang Colored Pencils,5.88,2.646,0.0,1
California,Labels,Avery 507,5.76,2.6496,0.0,1
Kentucky,Labels,Avery 492,5.76,2.6496,0.0,1
Georgia,Art,"Sanford Colorific Scented Colored Pencils, 12/Pack",8.56,2.6536,0.0,1
Delaware,Art,Newell 313,9.84,2.6568,0.0,1
Massachusetts,Storage,Rogers Profile Extra Capacity Storage Tub,66.96,2.6784,0.0,1
Washington,Fasteners,OIC Thumb-Tacks,5.7,2.679,0.0,1
Texas,Storage,Akro-Mils 12-Gallon Tote,23.832,2.6811,0.2,1
South Dakota,Fasteners,Advantus Push Pins,6.54,2.6814,0.0,1
California,Art,DIXON Oriole Pencils,10.32,2.6832,0.0,2
North Carolina,Paper,Xerox 1989,7.968,2.6892,0.2,1
Pennsylvania,Paper,Xerox 1952,7.968,2.6892,0.2,1
Montana,Binders,"SlimView Poly Binder, 3/8""",8.288,2.6936,0.2,1
Pennsylvania,Furnishings,C-Line Cubicle Keepers Polyproplyene Holder With Velcro Backings,11.352,2.6961,0.2,1
North Carolina,Art,Newell 336,23.968,2.6964,0.2,1
Washington,Phones,"Square Credit Card Reader, 4 1/2"" x 4 1/2"" x 1"", White",7.992,2.6973,0.2,1
Virginia,Art,American Pencil,9.32,2.7028,0.0,1
California,Art,American Pencil,9.32,2.7028,0.0,1
New York,Accessories,KeyTronic KT800P2 - Keyboard - Black,15.02,2.7036,0.0,1
Louisiana,Binders,3-ring staple pack,5.64,2.7072,0.0,1
North Carolina,Phones,AT&T 17929 Lendline Telephone,36.192,2.7144,0.2,1
California,Labels,Avery 498,5.78,2.7166,0.0,1
Ohio,Art,Stanley Bostitch Contemporary Electric Pencil Sharpeners,27.168,2.7168,0.2,1
Texas,Art,Stanley Bostitch Contemporary Electric Pencil Sharpeners,27.168,2.7168,0.2,1
Arizona,Fasteners,OIC Bulk Pack Metal Binder Clips,8.376,2.7222,0.2,1
North Carolina,Fasteners,OIC Bulk Pack Metal Binder Clips,8.376,2.7222,0.2,1
California,Art,"OIC #2 Pencils, Medium Soft",9.4,2.726,0.0,1
Texas,Art,BIC Brite Liner Highlighters,9.936,2.7324,0.2,1
California,Binders,Wilson Jones Standard D-Ring Binders,8.096,2.7324,0.2,1
Vermont,Art,4009 Highlighters,8.04,2.7336,0.0,1
Wisconsin,Furnishings,"GE General Purpose, Extra Long Life, Showcase & Floodlight Incandescent Bulbs",5.82,2.7354,0.0,1
Illinois,Art,Newell 316,27.384,2.7384,0.2,1
Pennsylvania,Envelopes,Poly String Tie Envelopes,8.16,2.754,0.2,2
Arizona,Envelopes,#6 3/4 Gummed Flap White Envelopes,7.92,2.772,0.2,1
Alabama,Furnishings,"Stacking Tray, Side-Loading, Legal, Smoke",8.96,2.7776,0.0,1
Maryland,Art,Barrel Sharpener,10.71,2.7846,0.0,1
North Carolina,Art,Fluorescent Highlighters by Dixon,15.92,2.786,0.2,1
Texas,Art,Newell 314,44.64,2.79,0.2,2
Delaware,Art,Newell 314,11.16,2.79,0.0,1
New York,Binders,Tuff Stuff Recycled Round Ring Binders,7.712,2.7956,0.2,1
Pennsylvania,Art,Boston 16765 Mini Stand Up Battery Pencil Sharpener,37.312,2.7984,0.2,1
Pennsylvania,Fasteners,Advantus Plastic Paper Clips,8.0,2.8,0.2,1
Washington,Binders,Round Ring Binders,8.32,2.808,0.2,1
California,Binders,Round Ring Binders,8.32,2.808,0.2,1
New York,Binders,Recycled Pressboard Report Cover with Reinforced Top Hinge,7.752,2.8101,0.2,1
New Jersey,Binders,Avery Durable Binders,5.76,2.8224,0.0,1
Connecticut,Labels,Avery 5,5.76,2.8224,0.0,1
New York,Labels,Avery 474,5.76,2.8224,0.0,1
Kentucky,Paper,Xerox 1987,5.78,2.8322,0.0,1
Indiana,Paper,Xerox 196,5.78,2.8322,0.0,1
Connecticut,Storage,Crate-A-Files,10.9,2.834,0.0,1
Texas,Art,Boston Home & Office Model 2000 Electric Pencil Sharpeners,37.84,2.838,0.2,1
New York,Fasteners,Binder Clips by OIC,5.92,2.8416,0.0,1
New York,Binders,"Acco Pressboard Covers with Storage Hooks, 14 7/8"" x 11"", Light Blue",7.856,2.8478,0.2,1
Michigan,Art,Newell 350,9.84,2.8536,0.0,1
Connecticut,Art,Newell 35,9.84,2.8536,0.0,1
Delaware,Art,Newell 351,9.84,2.8536,0.0,1
New York,Art,Newell 342,9.84,2.8536,0.0,1
Texas,Art,BIC Brite Liner Grip Highlighters,9.184,2.87,0.2,1
Iowa,Envelopes,Poly String Tie Envelopes,6.12,2.8764,0.0,1
New York,Paper,"Adams Telephone Message Book W/Dividers/Space For Phone Numbers, 5 1/4""X8 1/2"", 300/Messages",5.88,2.8812,0.0,1
California,Storage,Staple magnet,10.68,2.8836,0.0,1
California,Binders,Pressboard Data Binders by Wilson Jones,8.544,2.8836,0.2,1
Arizona,Furnishings,Acrylic Self-Standing Desk Frames,12.816,2.8836000000000004,0.2,2
Pennsylvania,Paper,Xerox 1897,7.968,2.8884,0.2,1
Pennsylvania,Paper,Xerox 1949,7.968,2.8884,0.2,1
Ohio,Paper,Xerox 1897,7.968,2.8884,0.2,1
Colorado,Paper,Hammermill CopyPlus Copy Paper (20Lb. and 84 Bright),7.968,2.8884,0.2,1
Tennessee,Art,Newell 325,23.128,2.891,0.2,1
New Jersey,Art,Newell 333,11.12,2.8912,0.0,1
Connecticut,Art,Newell 318,11.12,2.8912,0.0,1
New York,Art,"Sanford Uni-Blazer View Highlighters, Chisel Tip, Yellow",6.6,2.904,0.0,1
Texas,Fasteners,Ideal Clamps,8.04,2.9145,0.2,1
California,Paper,Xerox 1983,5.98,2.9302,0.0,1
Oregon,Storage,Adjustable Personal File Tote,39.072,2.9304,0.2,1
Virginia,Storage,Tennsco Industrial Shelving,146.73,2.9346,0.0,1
Washington,Storage,Tennsco Industrial Shelving,146.73,2.9346,0.0,1
Oklahoma,Binders,Avery Heavy-Duty EZD View Binder with Locking Rings,6.38,2.9348,0.0,1
California,Storage,"Tennsco Lockers, Gray",41.96,2.9372,0.0,1
Idaho,Furnishings,36X48 HARDFLOOR CHAIRMAT,41.96,2.9372,0.0,1
New York,Storage,"Tennsco Lockers, Gray",41.96,2.9372,0.0,1
New York,Art,"Sanford EarthWrite Recycled Pencils, Medium Soft, #2",10.5,2.94,0.0,1
Florida,Paper,"Ampad Evidence Wirebond Steno Books, 6"" x 9""",8.72,2.943,0.2,1
Minnesota,Labels,Avery 511,6.16,2.9568,0.0,1
Washington,Binders,"Wilson Jones 1"" Hanging DublLock Ring Binders",8.448,2.9568,0.2,1
New Jersey,Labels,Smead Alpha-Z Color-Coded Second Alphabetical Labels and Starter Set,6.16,2.9568,0.0,1
New York,Furnishings,Longer-Life Soft White Bulbs,6.16,2.9568,0.0,1
Illinois,Paper,Astroparche Fine Business Paper,8.448,2.9568,0.2,1
Washington,Furnishings,Longer-Life Soft White Bulbs,6.16,2.9568,0.0,1
Minnesota,Furnishings,Longer-Life Soft White Bulbs,6.16,2.9568,0.0,1
Indiana,Furnishings,Longer-Life Soft White Bulbs,6.16,2.9568,0.0,1
Virginia,Art,Rogers Handheld Barrel Pencil Sharpener,10.96,2.9592,0.0,1
New Jersey,Furnishings,Eldon Image Series Black Desk Accessories,8.28,2.9808,0.0,1
Illinois,Art,"Quartet Alpha White Chalk, 12/Pack",8.84,2.9835,0.2,1
New York,Art,Newell 311,11.05,2.9835,0.0,1
California,Fasteners,Assorted Color Push Pins,9.05,2.9865000000000004,0.0,2
Texas,Labels,Avery 501,8.856,2.9889,0.2,1
Arizona,Paper,Xerox 1895,9.568,2.99,0.2,1
Michigan,Art,Newell 315,11.96,2.99,0.0,1
Arizona,Paper,Great White Multi-Use Recycled Paper (20Lb. and 84 Bright),9.568,2.99,0.2,1
Ohio,Art,Newell 320,34.24,2.996,0.2,2
Arkansas,Accessories,Anker Ultrathin Bluetooth Wireless Keyboard Aluminum Cover with Stand ,29.99,2.999,0.0,1
Illinois,Storage,Staple magnet,30.016,3.0016,0.2,1
Texas,Paper,Array Memo Cubes,8.288,3.0044,0.2,1
Kentucky,Paper,Southworth 25% Cotton Granite Paper & Envelopes,6.54,3.0084,0.0,1
Ohio,Accessories,"Verbatim 25 GB 6x Blu-ray Single Layer Recordable Disc, 10/Pack",18.544,3.0134,0.2,1
Pennsylvania,Furnishings,Eldon 200 Class Desk Accessories,20.096,3.0144,0.2,1
Arizona,Appliances,Belkin F9H710-06 7 Outlet SurgeMaster Surge Protector,30.144,3.0144,0.2,1
Washington,Binders,Fellowes Black Plastic Comb Bindings,9.296,3.0212,0.2,1
Massachusetts,Paper,Tops Wirebound Message Log Books,6.58,3.0268,0.0,1
Oregon,Furnishings,9-3/4 Diameter Round Wall Clock,11.032,3.0338,0.2,1
New Jersey,Appliances,"Commercial WindTunnel Clean Air Upright Vacuum, Replacement Belts, Filtration Bags",11.67,3.0342,0.0,1
Michigan,Art,"Avery Hi-Liter Comfort Grip Fluorescent Highlighter, Yellow Ink",7.8,3.042,0.0,2
Louisiana,Furnishings,Acrylic Self-Standing Desk Frames,8.01,3.0438,0.0,1
Michigan,Phones,"LF Elite 3D Dazzle Designer Hard Case Cover, Lf Stylus Pen and Wiper For Apple Iphone 5c Mini Lite",10.9,3.052,0.0,1
New York,Art,"Binney & Smith Crayola Metallic Colored Pencils, 8-Color Set",9.26,3.0558,0.0,1
Washington,Art,"Binney & Smith Crayola Metallic Colored Pencils, 8-Color Set",9.26,3.0558,0.0,1
Massachusetts,Binders,Zipper Ring Binder Pockets,6.24,3.0576,0.0,1
West Virginia,Binders,Zipper Ring Binder Pockets,6.24,3.0576,0.0,1
Arkansas,Binders,Zipper Ring Binder Pockets,6.24,3.0576,0.0,1
New York,Art,Newell 326,10.56,3.0624,0.0,2
Illinois,Supplies,Acme Box Cutter Scissors,40.92,3.069,0.2,1
New York,Paper,"Wirebound Message Books, Four 2 3/4 x 5 White Forms per Page",6.69,3.0774,0.0,1
Delaware,Furnishings,"DAX Value U-Channel Document Frames, Easel Back",9.94,3.0814,0.0,1
Ohio,Art,Newell 347,27.392000000000003,3.0816,0.2,2
Georgia,Furnishings,Regeneration Desk Collection,7.04,3.0976,0.0,1
Massachusetts,Art,"Binney & Smith inkTank Erasable Desk Highlighter, Chisel Tip, Yellow, 12/Box",7.56,3.0996,0.0,1
Pennsylvania,Appliances,"Acco Six-Outlet Power Strip, 4' Cord Length",41.376,3.1032,0.2,1
Oregon,Furnishings,3M Hangers With Command Adhesive,11.84,3.108,0.2,1
New York,Art,Newell 330,11.96,3.1096,0.0,1
Nebraska,Paper,Xerox 224,6.48,3.1104,0.0,1
New Jersey,Paper,Xerox 217,6.48,3.1104,0.0,1
Washington,Paper,Xerox 214,6.48,3.1104,0.0,1
Massachusetts,Paper,Weyerhaeuser First Choice Laser/Copy Paper (20Lb. and 88 Bright),6.48,3.1104,0.0,1
Nevada,Paper,Xerox 20,6.48,3.1104,0.0,1
California,Paper,Xerox 1995,6.48,3.1104,0.0,1
California,Paper,Xerox 231,6.48,3.1104,0.0,1
Oklahoma,Paper,Xerox 232,6.48,3.1104,0.0,1
New York,Paper,Xerox 227,6.48,3.1104,0.0,1
Washington,Paper,Xerox 1931,6.48,3.1104,0.0,1
Iowa,Paper,Xerox 224,6.48,3.1104,0.0,1
Georgia,Paper,Xerox 202,6.48,3.1104,0.0,1
Washington,Paper,Xerox 192,6.48,3.1104,0.0,1
New York,Paper,Xerox 221,6.48,3.1104,0.0,1
New York,Paper,Xerox 217,6.48,3.1104,0.0,1
New York,Art,"Quartet Alpha White Chalk, 12/Pack",6.63,3.1161,0.0,1
Illinois,Labels,Avery 498,9.248,3.1212,0.2,1
Pennsylvania,Furnishings,Eldon 500 Class Desk Accessories,19.312,3.1382,0.2,1
Pennsylvania,Paper,"Adams ""While You Were Out"" Message Pads",10.048,3.14,0.2,1
Florida,Labels,Smead Alpha-Z Color-Coded Name Labels First Letter Starter Set,9.0,3.15,0.2,1
Illinois,Art,"Quartet Omega Colored Chalk, 12/Pack",9.344,3.1536,0.2,1
California,Binders,Wilson Jones Custom Binder Spines & Labels,8.704,3.1552,0.2,1
Virginia,Art,Avery Hi-Liter Pen Style Six-Color Fluorescent Set,7.7,3.157,0.0,1
South Carolina,Binders,Recycled Pressboard Report Cover with Reinforced Top Hinge,6.46,3.1654,0.0,1
New Jersey,Paper,Xerox 1993,6.48,3.1752,0.0,1
Illinois,Art,DIXON Ticonderoga Erasable Checking Pencils,13.392,3.1806,0.2,1
Colorado,Envelopes,"Manila Recycled Extra-Heavyweight Clasp Envelopes, 6"" x 9""",8.784,3.1842,0.2,1
Texas,Art,"Crayola Anti Dust Chalk, 12/Pack",10.192,3.185,0.2,1
Washington,Paper,Xerox 1986,6.68,3.2064,0.0,1
Pennsylvania,Paper,Xerox 199,10.272,3.21,0.2,1
Tennessee,Paper,Xerox 1971,10.272,3.21,0.2,1
Illinois,Paper,Xerox 1971,10.272,3.21,0.2,1
Ohio,Envelopes,#10 Self-Seal White Envelopes,8.872,3.2161,0.2,1
New York,Phones,Motorola HK250 Universal Bluetooth Headset,160.93,3.2186,0.0,1
Illinois,Envelopes,"#10 Gummed Flap White Envelopes, 100/Box",9.912,3.2214,0.2,1
Florida,Labels,Avery 476,9.912,3.2214,0.2,1
Texas,Art,Newell Chalk Holder,9.912,3.2214,0.2,1
Illinois,Art,"BIC Brite Liner Grip Highlighters, Assorted, 5/Pack",13.568,3.2224,0.2,1
Washington,Art,Newell 32,11.52,3.2256,0.0,1
Washington,Furnishings,Eldon 100 Class Desk Accessories,10.11,3.2352,0.0,1
California,Furnishings,Eldon 100 Class Desk Accessories,10.11,3.2352,0.0,1
Utah,Storage,Carina Double Wide Media Storage Towers in Natural & Black,80.98,3.2392,0.0,1
Kentucky,Accessories,KeyTronic E03601U1 - Keyboard - Beige,18.0,3.24,0.0,1
New York,Furnishings,Ultra Door Push Plate,9.82,3.2406,0.0,1
Massachusetts,Furnishings,Ultra Door Push Plate,9.82,3.2406,0.0,1
Colorado,Appliances,Fellowes Mighty 8 Compact Surge Protector,32.432,3.2432,0.2,1
Pennsylvania,Storage,Desktop 3-Pocket Hot File,43.28,3.246,0.2,1
Tennessee,Paper,"Adams Telephone Message Books, 5 1/4 x 11",9.664,3.2616,0.2,1
Illinois,Paper,"Adams Telephone Message Books, 5 1/4 x 11",9.664,3.2616,0.2,1
California,Binders,Avery Binder Labels,9.336,3.2676,0.2,1
Florida,Storage,Crate-A-Files,43.6,3.27,0.2,2
Illinois,Accessories,"Verbatim 25 GB 6x Blu-ray Single Layer Recordable Disc, 1/Pack",23.84,3.278,0.2,1
New York,Binders,Prestige Round Ring Binders,9.728,3.2832,0.2,1
New Jersey,Furnishings,Stacking Trays by OIC,9.96,3.2868,0.0,1
North Carolina,Paper,Things To Do Today Pad,9.392,3.2872,0.2,1
New York,Binders,Avery Round Ring Poly Binders,9.088,3.2944,0.2,1
Pennsylvania,Art,"Eldon Spacemaker Box, Quick-Snap Lid, Clear",24.048000000000002,3.3066000000000004,0.2,2
Nebraska,Binders,Self-Adhesive Ring Binder Labels,7.04,3.3088,0.0,1
Texas,Accessories,SanDisk Cruzer 4 GB USB Flash Drive,15.576,3.3099,0.2,1
Pennsylvania,Art,BIC Liqua Brite Liner,16.656,3.3312,0.2,1
Illinois,Paper,"""While you Were Out"" Message Book, One Form per Page",8.904,3.339,0.2,1
Tennessee,Paper,"""While you Were Out"" Message Book, One Form per Page",8.904,3.339,0.2,1
Pennsylvania,Art,Avery Fluorescent Highlighter Four-Color Set,26.72,3.34,0.2,2
California,Furnishings,"Eldon Regeneration Recycled Desk Accessories, Smoke",10.44,3.3407999999999998,0.0,2
North Carolina,Labels,Avery 49,9.216,3.3408,0.2,1
New York,Art,Newell 335,11.52,3.3408,0.0,1
Florida,Labels,Avery 484,9.216,3.3408,0.2,1
Florida,Labels,Avery File Folder Labels,9.216,3.3408,0.2,2
Colorado,Furnishings,"Eldon Image Series Desk Accessories, Burgundy",16.72,3.344,0.2,1
Tennessee,Furnishings,"Eldon Image Series Desk Accessories, Burgundy",16.72,3.344,0.2,1
California,Furnishings,G.E. Halogen Desk Lamp Bulbs,6.98,3.3504,0.0,1
Pennsylvania,Storage,Iris Project Case,44.688,3.3516,0.2,1
California,Phones,"iKross Bluetooth Portable Keyboard + Cell Phone Stand Holder + Brush for Apple iPhone 5S 5C 5, 4S 4",33.52,3.352,0.2,1
Illinois,Paper,Xerox 196,9.248,3.3524,0.2,1
Ohio,Paper,Xerox 1950,9.248,3.3524,0.2,1
Texas,Paper,Xerox 1899,9.248,3.3524,0.2,1
Colorado,Furnishings,"Eldon Imàge Series Desk Accessories, Clear",11.664,3.3534,0.2,1
Idaho,Binders,GBC Personal VeloBind Strips,9.584,3.3544,0.2,1
Massachusetts,Storage,"Personal Folder Holder, Ebony",11.21,3.363,0.0,1
California,Binders,Accohide Poly Flexible Ring Binders,8.975999999999999,3.3660000000000005,0.2,2
New Mexico,Binders,Avery Non-Stick Binders,10.776,3.3675,0.2,1
Pennsylvania,Accessories,Memorex Froggy Flash Drive 8 GB,14.2,3.3725,0.2,1
Connecticut,Supplies,Acme Kleen Earth Office Shears,11.64,3.3756,0.0,1
Massachusetts,Art,American Pencil,11.65,3.3785,0.0,1
Pennsylvania,Storage,"File Shuttle II and Handi-File, Black",54.224,3.389,0.2,1
Ohio,Storage,"File Shuttle II and Handi-File, Black",54.224,3.389,0.2,1
Texas,Labels,Permanent Self-Adhesive File Folder Labels for Typewriters by Universal,10.44,3.393,0.2,1
Alabama,Envelopes,Colored Envelopes,7.38,3.3948,0.0,1
Illinois,Paper,"Ampad Poly Cover Wirebound Steno Book, 6"" x 9"" Assorted Colors, Gregg Ruled",10.896,3.405,0.2,1
Oklahoma,Appliances,Disposable Triple-Filter Dust Bags,13.11,3.4086,0.0,1
Arizona,Paper,"Adams Telephone Message Book W/Dividers/Space For Phone Numbers, 5 1/4""X8 1/2"", 300/Messages",9.408,3.4104,0.2,1
Florida,Paper,Tops Wirebound Message Log Books,10.528,3.4216,0.2,1
Delaware,Paper,Loose Memo Sheets,7.3,3.431,0.0,1
Arkansas,Labels,Self-Adhesive Address Labels for Typewriters by Universal,7.31,3.4357,0.0,1
Connecticut,Binders,Avery Poly Binder Pockets,7.16,3.4368,0.0,1
Alabama,Binders,Avery Poly Binder Pockets,7.16,3.4368,0.0,1
Georgia,Binders,Avery Poly Binder Pockets,7.16,3.4368,0.0,1
Ohio,Paper,"Ampad Gold Fibre Wirebound Steno Books, 6"" x 9"", Gregg Ruled",10.584,3.4398,0.2,1
Alabama,Furnishings,"Master Caster Door Stop, Gray",10.16,3.4544,0.0,1
California,Binders,"Universal Recycled Hanging Pressboard Report Binders, Letter Size",9.872,3.4552,0.2,1
Texas,Accessories,"Verbatim Slim CD and DVD Storage Cases, 50/Pack",27.696,3.462,0.2,1
New York,Furnishings,DAX Cubicle Frames - 8x10,11.54,3.462,0.0,1
Washington,Accessories,"Verbatim Slim CD and DVD Storage Cases, 50/Pack",11.54,3.462,0.0,1
Illinois,Art,Newell 309,27.72,3.465,0.2,1
California,Art,Newell 320,12.84,3.4668,0.0,1
North Carolina,Paper,"TOPS ""Important Message"" Pads, Canary, 4-1/4 x 5-1/2, 50 Sheets per Pad",10.272,3.4668,0.2,1
Florida,Paper,Xerox 1974,9.568,3.4684,0.2,1
Washington,Labels,Avery 501,7.38,3.4686,0.0,1
California,Labels,Avery 52,7.38,3.4686,0.0,1
Wisconsin,Labels,Avery 487,7.38,3.4686,0.0,1
California,Labels,Avery 517,7.38,3.4686,0.0,1
Oklahoma,Art,Newell 31,12.39,3.4692,0.0,1
Iowa,Binders,DXL Angle-View Binders with Locking Rings by Samsill,7.71,3.4695,0.0,1
New Mexico,Art,BIC Brite Liner Highlighters,8.28,3.4776,0.0,1
North Dakota,Fasteners,Staples,7.41,3.4827,0.0,1
Pennsylvania,Furnishings,"Master Big Foot Doorstop, Beige",25.344,3.4848,0.2,1
Iowa,Envelopes,Pastel Pink Envelopes,7.28,3.4944,0.0,1
California,Phones,PayAnywhere Card Reader,39.96,3.4965,0.2,1
California,Fasteners,"OIC Binder Clips, Mini, 1/4"" Capacity, Black",7.4399999999999995,3.4968,0.0,2
Pennsylvania,Fasteners,Ideal Clamps,9.648,3.4974,0.2,1
Arizona,Phones,iHome FM Clock Radio with Lightning Dock,55.992,3.4995,0.2,1
Connecticut,Paper,"Southworth 100% Résumé Paper, 24lb.",7.78,3.501,0.0,1
Utah,Binders,Avery Non-Stick Binders,10.776,3.5022,0.2,1
Illinois,Art,Newell 312,28.032,3.504,0.2,1
Michigan,Art,Newell 312,11.68,3.504,0.0,1
Colorado,Appliances,Fellowes Basic Home/Office Series Surge Protectors,31.152,3.5046,0.2,1
Iowa,Storage,"Tenex Personal Project File with Scoop Front Design, Black",13.48,3.5048,0.0,1
North Carolina,Supplies,"Acme 10"" Easy Grip Assistive Scissors",28.048,3.506,0.2,1
New York,Phones,Gear Head AU3700S Headset,116.91000000000001,3.5073,0.0,2
Colorado,Appliances,Harmony HEPA Quiet Air Purifiers,18.72,3.51,0.2,1
North Carolina,Paper,Avoid Verbal Orders Carbonless Minifold Book,10.816,3.5152,0.2,1
Arizona,Furnishings,Westinghouse Clip-On Gooseneck Lamps,46.872,3.5154,0.2,1
Ohio,Paper,Strathmore Photo Mount Cards,10.848,3.5256,0.2,1
Florida,Labels,Avery 518,10.08,3.528,0.2,1
New Mexico,Binders,Wilson Jones Easy Flow II Sheet Lifters,10.08,3.528,0.2,1
Illinois,Art,Lumber Crayons,15.76,3.546,0.2,1
Pennsylvania,Art,Lumber Crayons,15.76,3.546,0.2,1
California,Art,"Binney & Smith inkTank Desk Highlighter, Chisel Tip, Yellow, 12/Box",10.75,3.5475,0.0,1
New York,Storage,Sensible Storage WireTech Storage Systems,70.98,3.549,0.0,1
Texas,Art,Dixon Ticonderoga Core-Lock Colored Pencils,21.864,3.5529,0.2,1
Tennessee,Furnishings,"Master Caster Door Stop, Brown",20.32,3.556,0.2,1
Texas,Supplies,Acme Stainless Steel Office Snips,40.712,3.5623,0.2,1
Delaware,Binders,Avery Reinforcements for Hole-Punch Pages,7.92,3.564,0.0,1
Florida,Art,Newell 345,47.616,3.5712,0.2,1
Texas,Accessories,Memorex Mini Travel Drive 4 GB USB 2.0 Flash Drive,13.616,3.5742,0.2,1
New Jersey,Paper,"Wirebound Message Books, Two 4 1/4"" x 5"" Forms per Page",7.61,3.5767,0.0,1
Florida,Art,"Dixon Prang Watercolor Pencils, 10-Color Set with Brush",13.632,3.5784,0.2,1
New Jersey,Fasteners,OIC Binder Clips,7.16,3.58,0.0,1
California,Art,Newell 327,13.26,3.5802,0.0,2
Washington,Art,Newell 311,13.26,3.5802,0.0,2
California,Tables,Bevis Round Conference Room Tables and Bases,143.432,3.5858,0.2,1
Colorado,Furnishings,C-Line Cubicle Keepers Polyproplyene Holder With Velcro Backings,15.136,3.5948,0.2,1
North Carolina,Phones,Plantronics Encore H101 Dual Earpieces Headset,35.96,3.596,0.2,1
Arizona,Supplies,Acme Office Executive Series Stainless Steel Trimmers,47.992,3.5994,0.2,1
Michigan,Labels,Smead Alpha-Z Color-Coded Name Labels First Letter Starter Set,7.5,3.6,0.0,1
New York,Labels,Avery 509,7.83,3.6018,0.0,1
Maryland,Labels,Avery 479,7.83,3.6018,0.0,1
Virginia,Labels,Permanent Self-Adhesive File Folder Labels for Typewriters by Universal,7.83,3.6018,0.0,1
California,Fasteners,"Advantus Push Pins, Aluminum Head",11.62,3.6022,0.0,1
California,Storage,"Belkin 19"" Vented Equipment Shelf, Black",360.36,3.6036,0.0,2
Minnesota,Art,Newell 339,13.9,3.614,0.0,1
Michigan,Art,Newell 333,13.9,3.614,0.0,1
Maryland,Binders,GBC Plastic Binding Combs,7.38,3.6162,0.0,1
California,Binders,Zipper Ring Binder Pockets,9.984,3.6192,0.2,1
Oregon,Paper,Xerox 232,10.368,3.6288,0.2,1
North Carolina,Paper,Xerox 2,10.368,3.6288,0.2,1
Oregon,Paper,Xerox 1894,10.368,3.6288,0.2,1
Texas,Paper,Xerox 213,10.368,3.6288,0.2,1
Florida,Paper,Xerox 213,10.368,3.6288,0.2,1
Texas,Paper,Xerox 1985,10.368,3.6288,0.2,1
Florida,Paper,Xerox 210,10.368,3.6288,0.2,1
Illinois,Paper,Xerox 21,10.368,3.6288,0.2,1
Tennessee,Paper,Xerox 227,10.368,3.6288,0.2,1
Florida,Paper,Xerox 220,10.368,3.6288,0.2,1
Florida,Paper,Xerox 224,10.368,3.6288,0.2,1
Texas,Paper,Xerox 1905,10.368,3.6288,0.2,1
Illinois,Paper,Xerox 212,10.368,3.6288,0.2,1
Texas,Paper,Xerox 1894,10.368,3.6288,0.2,1
Pennsylvania,Paper,Xerox 227,10.368,3.6288,0.2,1
Texas,Paper,Xerox 200,10.368,3.6288,0.2,1
Texas,Paper,Xerox 206,10.368,3.6288,0.2,1
Pennsylvania,Paper,Xerox 224,10.368,3.6288,0.2,1
Texas,Fasteners,OIC Bulk Pack Metal Binder Clips,11.168,3.6296,0.2,1
California,Appliances,Belkin 7-Outlet SurgeMaster Home Series,13.97,3.6322,0.0,1
Ohio,Art,BIC Brite Liner Highlighters,13.248,3.6432,0.2,1
Pennsylvania,Art,BIC Brite Liner Highlighters,13.248,3.6432,0.2,1
North Carolina,Appliances,Euro Pro Shark Stick Mini Vacuum,48.784,3.6588,0.2,1
New York,Storage,Carina Media Storage Towers in Natural & Black,182.94,3.6588,0.0,1
Washington,Furnishings,Magna Visual Magnetic Picture Hangers,9.64,3.6632,0.0,1
Michigan,Furnishings,Aluminum Document Frame,12.22,3.666,0.0,1
Texas,Storage,Sterilite Officeware Hinged File Box,41.92,3.668,0.2,1
Pennsylvania,Storage,Eldon Jumbo ProFile Portable File Boxes Graphite/Black,36.744,3.6744,0.2,1
Colorado,Furnishings,"Eldon Regeneration Recycled Desk Accessories, Black",15.488,3.6784,0.2,1
Michigan,Storage,"Gould Plastics 18-Pocket Panel Bin, 34w x 5-1/4d x 20-1/2h",91.99,3.6796,0.0,1
New York,Binders,3-ring staple pack,10.528,3.6848,0.2,1
Ohio,Art,"Dixon My First Ticonderoga Pencil, #2",32.76,3.6855,0.2,1
New York,Art,BIC Brite Liner Grip Highlighters,8.2,3.69,0.0,2
Washington,Supplies,Acme Design Stainless Steel Bent Scissors,13.68,3.6936,0.0,1
California,Paper,"""While you Were Out"" Message Book, One Form per Page",7.42,3.71,0.0,1
Georgia,Art,Barrel Sharpener,14.28,3.7128,0.0,1
New York,Binders,Avery Premier Heavy-Duty Binder with Round Locking Rings,11.424,3.7128,0.2,1
Massachusetts,Art,"Eberhard Faber 3 1/2"" Golf Pencils",14.88,3.72,0.0,1
California,Storage,Safco Commercial Shelving,93.02,3.7208,0.0,1
Georgia,Art,Newell 347,12.84,3.7236,0.0,1
Georgia,Art,Newell 341,12.84,3.7236,0.0,1
Ohio,Furnishings,Deflect-o Glass Clear Studded Chair Mats,149.232,3.7308,0.2,1
Texas,Art,Avery Hi-Liter Smear-Safe Highlighters,18.688,3.7376,0.2,1
Ohio,Paper,Xerox 1898,10.688,3.7408,0.2,1
North Carolina,Paper,Xerox 195,10.688,3.7408,0.2,1
Texas,Paper,Xerox 1977,10.688,3.7408,0.2,1
Illinois,Paper,Xerox 1959,10.688,3.7408,0.2,1
Florida,Paper,Xerox 1923,10.688,3.7408,0.2,1
New Jersey,Binders,Ibico Presentation Index for Binding Systems,7.96,3.7412,0.0,1
Connecticut,Binders,Ibico Presentation Index for Binding Systems,7.96,3.7412,0.0,1
Missouri,Paper,"Rediform Wirebound ""Phone Memo"" Message Book, 11 x 5-3/4",7.64,3.7436,0.0,1
Oregon,Labels,Avery 492,11.52,3.744,0.2,1
Ohio,Paper,"Telephone Message Books with Fax/Mobile Section, 4 1/4"" x 6""",11.52,3.744,0.2,1
Ohio,Storage,Staple magnet,37.52,3.752,0.2,1
Pennsylvania,Furnishings,"Eldon Expressions Punched Metal & Wood Desk Accessories, Black & Cherry",37.519999999999996,3.752,0.2,2
Michigan,Art,Prang Drawing Pencil Set,13.9,3.753,0.0,1
Washington,Machines,Texas Instrument TI-15 Fraction Calculator,11.56,3.757,0.2,1
Ohio,Paper,Xerox 1966,10.368,3.7584,0.2,1
New York,Binders,Wilson Jones Turn Tabs Binder Tool for Ring Binders,11.568,3.7596,0.2,1
New York,Appliances,Fellowes Basic Home/Office Series Surge Protectors,12.98,3.7642,0.0,1
Illinois,Paper,"Adams Phone Message Book, Professional, 400 Message Capacity, 5 3/6 x 11",11.168,3.7692,0.2,1
Michigan,Binders,Insertable Tab Post Binder Dividers,8.02,3.7694,0.0,1
Texas,Art,"Sanford Colorific Eraseable Coloring Pencils, 12 Count",13.12,3.772,0.2,1
Florida,Furnishings,Advantus Panel Wall Acrylic Frame,13.128,3.7743,0.2,1
California,Accessories,Rosewill 107 Normal Keys USB Wired Standard Keyboard,26.96,3.7744,0.0,1
Missouri,Furnishings,"Eldon Regeneration Recycled Desk Accessories, Black",9.68,3.7752,0.0,1
Oregon,Paper,"Black Print Carbonless 8 1/2"" x 8 1/4"" Rapid Memo Book",11.648,3.7856,0.2,1
Ohio,Furnishings,"DAX Two-Tone Rosewood/Black Document Frame, Desktop, 5 x 7",15.168,3.792,0.2,1
South Carolina,Fasteners,Advantus Map Pennant Flags and Round Head Tacks,11.85,3.792,0.0,1
Massachusetts,Furnishings,"DAX Two-Tone Rosewood/Black Document Frame, Desktop, 5 x 7",9.48,3.792,0.0,1
Texas,Art,"Hunt PowerHouse Electric Pencil Sharpener, Blue",30.384,3.798,0.2,1
Tennessee,Paper,Advantus Motivational Note Cards,10.48,3.799,0.2,1
Virginia,Labels,"Avery 05222 Permanent Self-Adhesive File Folder Labels for Typewriters, on Rolls, White, 250/Roll",8.26,3.7996,0.0,1
Washington,Binders,Self-Adhesive Ring Binder Labels,11.264,3.8016,0.2,1
Pennsylvania,Accessories,Sabrent 4-Port USB 2.0 Hub,21.728,3.8024,0.2,1
California,Art,Newell 348,13.12,3.8048,0.0,1
Tennessee,Appliances,Hoover Commercial Soft Guard Upright Vacuum And Disposable Filtration Bags,43.512,3.8073,0.2,1
New York,Binders,Avery Self-Adhesive Photo Pockets for Polaroid Photos,10.896,3.8136,0.2,1
Illinois,Phones,I Need's 3d Hello Kitty Hybrid Silicone Case Cover for HTC One X 4g with 3d Hello Kitty Stylus Pen Green/pink,38.272,3.8272,0.2,1
Ohio,Art,Crayola Colored Pencils,23.616,3.8376,0.20000000000000004,3
California,Paper,EcoTones Memo Sheets,8.0,3.84,0.0,1
Pennsylvania,Furnishings,Nu-Dell Oak Frame,25.632,3.8448,0.2,1
Minnesota,Paper,Xerox 1971,8.56,3.852,0.0,1
New Mexico,Binders,"GBC Laser Imprintable Binding System Covers, Desert Sand",11.416,3.8529,0.2,1
Florida,Furnishings,"Eldon Expressions Desk Accessory, Wood Pencil Holder, Oak",30.88,3.86,0.2,1
Massachusetts,Phones,Plantronics MX500i Earset,128.85,3.8655,0.0,1
Rhode Island,Phones,Plantronics MX500i Earset,128.85,3.8655,0.0,1
Pennsylvania,Appliances,Belkin F9M820V08 8 Outlet Surge,34.384,3.8682,0.2,1
Virginia,Furnishings,Regeneration Desk Collection,8.8,3.872,0.0,1
California,Storage,"Tenex Personal Filing Tote With Secure Closure Lid, Black/Frost",15.51,3.8775,0.0,1
Georgia,Storage,"Tenex Personal Filing Tote With Secure Closure Lid, Black/Frost",15.51,3.8775,0.0,1
Maine,Binders,"ACCOHIDE 3-Ring Binder, Blue, 1""",8.26,3.8822,0.0,1
Minnesota,Binders,ACCOHIDE Binder by Acco,8.26,3.8822,0.0,1
Georgia,Binders,"ACCOHIDE 3-Ring Binder, Blue, 1""",8.26,3.8822,0.0,1
Illinois,Labels,Avery 483,11.952,3.8844,0.2,1
Florida,Labels,Avery 499,11.952,3.8844,0.2,1
Pennsylvania,Paper,"Southworth 100% Résumé Paper, 24lb.",12.448,3.89,0.2,1
Washington,Furnishings,"Eldon Regeneration Recycled Desk Accessories, Smoke",12.18,3.8976,0.0,1
Illinois,Storage,Adjustable Personal File Tote,52.096,3.9072,0.2,1
Florida,Envelopes,Convenience Packs of Business Envelopes,11.584,3.9096,0.2,2
New York,Envelopes,Letter or Legal Size Expandable Poly String Tie Envelopes,7.98,3.9102,0.0,1
Colorado,Fasteners,Staples,13.943999999999999,3.9114,0.2,2
Texas,Art,"Avery Hi-Liter GlideStik Fluorescent Highlighter, Yellow Ink",13.04,3.912,0.2,1
Connecticut,Storage,Tennsco Industrial Shelving,195.64,3.9128,0.0,1
New York,Phones,"SmartStand Mobile Device Holder, Assorted Colors",13.98,3.9144,0.0,1
California,Accessories,Maxell 4.7GB DVD-R 5/Pack,8.91,3.9204,0.0,2
New Jersey,Furnishings,Eldon Pizzaz Desk Accessories,8.92,3.9248,0.0,1
Arkansas,Furnishings,Eldon Pizzaz Desk Accessories,8.92,3.9248,0.0,1
Pennsylvania,Storage,Recycled Eldon Regeneration Jumbo File,39.296,3.9296,0.2,1
California,Fasteners,Ideal Clamps,8.04,3.9396,0.0,2
Texas,Art,Nontoxic Chalk,11.264,3.9424,0.2,1
Texas,Labels,Self-Adhesive Address Labels for Typewriters by Universal,11.696,3.9474,0.2,1
Colorado,Labels,Avery 519,11.696,3.9474,0.2,1
Florida,Labels,Avery 486,11.696,3.9474,0.2,1
New York,Binders,"Avery Durable Plastic 1"" Binders",10.896,3.9498,0.2,1
Pennsylvania,Furnishings,Nu-Dell Float Frame 11 x 14 1/2,14.368,3.9512,0.2,1
Illinois,Storage,Eldon Portable Mobile Manager,45.248,3.9592,0.2,1
North Carolina,Storage,Eldon Portable Mobile Manager,45.248,3.9592,0.2,1
Pennsylvania,Paper,Xerox 1981,12.672,3.96,0.2,1
Alabama,Art,Newell 331,14.67,3.9609,0.0,1
Texas,Art,Newell 319,31.744,3.968,0.2,1
Wisconsin,Art,Newell 343,14.7,3.969,0.0,1
Arizona,Storage,Eldon Simplefile Box Office,39.808,3.9808,0.2,1
Indiana,Paper,"Adams Telephone Message Book w/Frequently-Called Numbers Space, 400 Messages per Book",7.98,3.99,0.0,1
Michigan,Phones,"SKILCRAFT Telephone Shoulder Rest, 2"" x 6.5"" x 2.5"", Black",14.78,3.9906,0.0,1
California,Furnishings,Tenex Chairmats For Use With Carpeted Floors,79.9,3.995,0.0,2
New York,Phones,Anker Astro 15000mAh USB Portable Charger,99.98,3.9992,0.0,1
Colorado,Furnishings,Deflect-O Glasstique Clear Desk Accessories,24.64,4.004,0.2,1
Colorado,Furnishings,OIC Stacking Trays,13.36,4.008,0.2,1
California,Art,Faber Castell Col-Erase Pencils,9.78,4.0098,0.0,1
Ohio,Paper,Xerox 1970,11.952,4.0338,0.2,1
Mississippi,Binders,Avery Printable Repositionable Plastic Tabs,8.6,4.042,0.0,1
New York,Appliances,"Commercial WindTunnel Clean Air Upright Vacuum, Replacement Belts, Filtration Bags",15.56,4.0456,0.0,1
California,Appliances,"Commercial WindTunnel Clean Air Upright Vacuum, Replacement Belts, Filtration Bags",15.56,4.0456,0.0,2
Ohio,Phones,"Belkin SportFit Armband For iPhone 5s/5c, Fuchsia",26.982,4.0473,0.4,1
California,Storage,Eldon Shelf Savers Cubes and Bins,202.42000000000002,4.0484,0.0,4
Michigan,Storage,Eldon Fold 'N Roll Cart System,13.98,4.0542,0.0,1
New York,Art,American Pencil,13.98,4.0542,0.0,2
Delaware,Furnishings,Acrylic Self-Standing Desk Frames,10.68,4.0584,0.0,1
Texas,Storage,X-Rack File for Hanging Folders,54.192,4.0644,0.2,1
California,Storage,Project Tote Personal File,14.03,4.0687,0.0,1
Washington,Storage,Project Tote Personal File,14.03,4.0687,0.0,1
California,Labels,Avery 482,8.67,4.0749,0.0,1
New York,Labels,Staple-on labels,8.67,4.0749,0.0,1
Texas,Paper,"Array Parchment Paper, Assorted Colors",11.648,4.0768,0.2,1
Pennsylvania,Paper,"Post-it Important Message Note Pad, Neon Colors, 50 Sheets/Pad",11.648,4.0768,0.2,1
Texas,Phones,Spigen Samsung Galaxy S5 Case Wallet,54.368,4.0776,0.2,1
Indiana,Paper,"Ampad Poly Cover Wirebound Steno Book, 6"" x 9"" Assorted Colors, Gregg Ruled",9.08,4.086,0.0,1
Utah,Binders,Wilson Jones Standard D-Ring Binders,12.144,4.0986,0.2,1
Virginia,Paper,"Black Print Carbonless Snap-Off Rapid Letter, 8 1/2"" x 7""",9.11,4.0995,0.0,1
California,Furnishings,"GE General Purpose, Extra Long Life, Showcase & Floodlight Incandescent Bulbs",8.73,4.1031,0.0,1
Tennessee,Paper,"RSVP Cards & Envelopes, Blank White, 8-1/2"" X 11"", 24 Cards/25 Envelopes/Set",12.192,4.1148,0.2,1
Pennsylvania,Paper,"RSVP Cards & Envelopes, Blank White, 8-1/2"" X 11"", 24 Cards/25 Envelopes/Set",12.192,4.1148,0.2,1
Rhode Island,Paper,"Important Message Pads, 50 4-1/4 x 5-1/2 Forms per Pad",8.4,4.116,0.0,1
California,Art,"Sanford EarthWrite Recycled Pencils, Medium Soft, #2",14.7,4.116,0.0,1
Texas,Art,Newell 348,36.736000000000004,4.1328,0.20000000000000004,3
Illinois,Phones,Motorola L804,36.792,4.1391,0.2,1
North Carolina,Phones,Motorola L804,36.792,4.1391,0.2,1
Arkansas,Art,"Eldon Spacemaker Box, Quick-Snap Lid, Clear",13.36,4.1416,0.0,1
Massachusetts,Art,"BIC Brite Liner Highlighters, Chisel Tip",12.96,4.1472,0.0,1
Washington,Binders,"Pressboard Data Binder, Crimson, 12"" X 8 1/2""",12.816,4.1652,0.2,1
Ohio,Storage,Safco Steel Mobile File Cart,66.688,4.168,0.2,1
Wisconsin,Binders,Avery Round Ring Poly Binders,8.52,4.1748,0.0,1
Washington,Storage,"Letter/Legal File Tote with Clear Snap-On Lid, Black Granite",16.06,4.1756,0.0,1
California,Binders,Avery Durable Binders,11.52,4.176,0.2,1
Alabama,Art,Newell 311,15.47,4.1769,0.0,1
California,Art,Newell 314,16.740000000000002,4.1850000000000005,0.0,2
Wisconsin,Storage,Pizazz Global Quick File,14.97,4.1916,0.0,1
California,Storage,Super Decoflex Portable Personal File,14.98,4.1944,0.0,1
Arizona,Chairs,"Global Stack Chair with Arms, Black",47.968,4.1972,0.2,1
Florida,Art,Hunt Boston Vacuum Mount KS Pencil Sharpener,55.984,4.1988,0.2,1
Ohio,Art,Hunt Boston Vacuum Mount KS Pencil Sharpener,55.984,4.1988,0.2,1
Florida,Phones,Speck Products Candyshell Flip Case,55.984,4.1988,0.2,1
Tennessee,Labels,Avery 510,12.0,4.2,0.2,1
New York,Binders,Cardinal Poly Pocket Divider Pockets for Ring Binders,13.440000000000001,4.2,0.2,2
Missouri,Binders,Acco 3-Hole Punch,8.76,4.2048,0.0,1
Utah,Art,Avery Hi-Liter Smear-Safe Highlighters,11.68,4.2048,0.0,1
California,Binders,Wilson Jones Active Use Binders,11.648,4.2224,0.2,1
Arizona,Supplies,"Elite 5"" Scissors",33.8,4.225,0.2,1
Idaho,Chairs,Office Star - Contemporary Swivel Chair with Padded Adjustable Arms and Flex Back,338.352,4.2294,0.2,1
Colorado,Envelopes,"#10 White Business Envelopes,4 1/8 x 9 1/2",12.536,4.2309,0.2,1
Washington,Labels,Avery File Folder Labels,8.64,4.2336,0.0,1
Georgia,Labels,Avery 474,8.64,4.2336,0.0,1
Washington,Binders,Peel & Stick Add-On Corner Pockets,12.096,4.2336,0.2,1
Florida,Appliances,Fellowes Advanced Computer Series Surge Protectors,42.384,4.2384,0.2,1
Kentucky,Paper,"Adams ""While You Were Out"" Message Pads",9.42,4.239,0.0,1
New York,Storage,"Gould Plastics 9-Pocket Panel Bin, 18-3/8w x 5-1/4d x 20-1/2h, Black",105.98,4.2392,0.0,1
Texas,Art,DIXON Ticonderoga Erasable Checking Pencils,17.856,4.2408,0.2,1
Tennessee,Furnishings,Eldon Wave Desk Accessories,14.136,4.2408,0.2,1
Pennsylvania,Supplies,Acme Galleria Hot Forged Steel Scissors with Colored Handles,37.752,4.2471,0.2,1
Washington,Chairs,SAFCO Optional Arm Kit for Workspace Cribbage Stacking Chair,42.624,4.2624,0.2,1
California,Art,Newell 317,14.7,4.263,0.0,2
Utah,Art,Newell 329,16.4,4.264,0.0,1
Texas,Fasteners,Advantus Map Pennant Flags and Round Head Tacks,28.44,4.266,0.2,1
New York,Binders,Acco Hanging Data Binders,12.192,4.2672,0.2,2
Illinois,Labels,Avery 508,11.784,4.2717,0.2,1
North Carolina,Labels,Avery 508,11.784,4.2717,0.2,1
Utah,Binders,"Acco Pressboard Covers with Storage Hooks, 14 7/8"" x 11"", Light Blue",11.784,4.2717,0.2,1
South Carolina,Furnishings,"Eldon Expressions Wood Desk Accessories, Oak",14.76,4.2804,0.0,1
Rhode Island,Furnishings,"Eldon Expressions Wood Desk Accessories, Oak",14.76,4.2804,0.0,1
Maryland,Furnishings,"Eldon Expressions Wood Desk Accessories, Oak",14.76,4.2804,0.0,1
North Carolina,Furnishings,Eldon Pizzaz Desk Accessories,14.272,4.2816,0.2,1
California,Accessories,Memorex Froggy Flash Drive 4 GB,10.99,4.2861,0.0,1
Kansas,Paper,"Wirebound Message Books, Four 2 3/4 x 5 Forms per Page, 200 Sets per Book",9.54,4.293,0.0,1
Texas,Labels,Avery 491,13.216,4.2952,0.2,1
Arizona,Storage,"Fellowes Personal Hanging Folder Files, Navy",42.976,4.2976,0.2,1
California,Envelopes,Ampad #10 Peel & Seel Holiday Envelopes,8.96,4.3008,0.0,1
Washington,Binders,Avery Durable Poly Binders,13.272,4.3134,0.2,1
Pennsylvania,Phones,invisibleSHIELD by ZAGG Smudge-Free Screen Protector,32.382,4.3176,0.4,1
Colorado,Art,Model L Table or Wall-Mount Pencil Sharpener,43.176,4.3176,0.2,1
South Carolina,Art,Crayola Colored Pencils,13.12,4.3296,0.0,1
Washington,Art,Crayola Colored Pencils,13.12,4.3296,0.0,1
California,Binders,Insertable Tab Post Binder Dividers,12.832,4.3308,0.2,1
California,Furnishings,Eldon Advantage Chair Mats for Low to Medium Pile Carpets,43.31,4.331,0.0,1
Texas,Paper,Xerox 1949,11.952,4.332599999999999,0.2,2
Arizona,Paper,Xerox 1922,11.952,4.3326,0.2,1
New Mexico,Supplies,Acme Elite Stainless Steel Scissors,16.68,4.3368,0.0,1
California,Art,Newell 318,16.68,4.3368,0.0,1
Virginia,Bookcases,Sauder Cornerstone Collection Library,61.96,4.3372,0.0,1
New York,Binders,Wilson Jones Snap Scratch Pad Binder Tool for Ring Binders,13.92,4.35,0.2,1
New York,Art,DIXON Ticonderoga Erasable Checking Pencils,11.16,4.3524,0.0,1
Arkansas,Art,DIXON Ticonderoga Erasable Checking Pencils,11.16,4.3524,0.0,1
Wisconsin,Furnishings,Westinghouse Clip-On Gooseneck Lamps,16.74,4.3524,0.0,1
North Carolina,Appliances,Belkin 5 Outlet SurgeMaster Power Centers,43.584,4.3584,0.2,1
Washington,Phones,"LF Elite 3D Dazzle Designer Hard Case Cover, Lf Stylus Pen and Wiper For Apple Iphone 5c Mini Lite",43.6,4.36,0.2,1
Florida,Phones,"LF Elite 3D Dazzle Designer Hard Case Cover, Lf Stylus Pen and Wiper For Apple Iphone 5c Mini Lite",43.6,4.36,0.2,1
Virginia,Accessories,SanDisk Cruzer 16 GB USB Flash Drive,22.96,4.3624,0.0,1
Colorado,Furnishings,"Executive Impressions 8-1/2"" Career Panel/Partition Cubicle Clock",24.96,4.368,0.2,1
Pennsylvania,Fasteners,Translucent Push Pins by OIC,20.592,4.3758,0.2,2
New Mexico,Binders,Ibico Plastic and Wire Spiral Binding Combs,13.488,4.3836,0.2,1
Arkansas,Binders,Insertable Tab Indexes For Data Binders,9.54,4.3884,0.0,1
California,Tables,Bevis Round Conference Table Top & Single Column Base,351.216,4.3902,0.2,1
New York,Paper,Spiral Phone Message Books with Labels by Adams,8.96,4.3904,0.0,1
Oregon,Supplies,Acme Softgrip Scissors,39.072,4.3956,0.2,1
Texas,Accessories,Memorex Mini Travel Drive 8 GB USB 2.0 Flash Drive,18.528,4.4004,0.2,1
Tennessee,Accessories,Memorex Mini Travel Drive 8 GB USB 2.0 Flash Drive,18.528,4.4004,0.2,1
Illinois,Art,Prang Colored Pencils,14.112,4.41,0.2,2
California,Binders,"GBC Twin Loop Wire Binding Elements, 9/16"" Spine, Black",12.176,4.4138,0.2,1
New Jersey,Supplies,Acme Titanium Bonded Scissors,17.0,4.42,0.0,1
Texas,Envelopes,"#10- 4 1/8"" x 9 1/2"" Security-Tint Envelopes",12.224,4.4312,0.2,1
Illinois,Envelopes,Security-Tint Envelopes,12.224,4.4312,0.2,1
Illinois,Paper,"Rediform Wirebound ""Phone Memo"" Message Book, 11 x 5-3/4",12.224,4.4312,0.2,1
North Carolina,Envelopes,Security-Tint Envelopes,12.224,4.4312,0.2,1
Missouri,Binders,Wilson Jones Turn Tabs Binder Tool for Ring Binders,9.64,4.4344,0.0,1
District of Columbia,Binders,Wilson Jones Turn Tabs Binder Tool for Ring Binders,9.64,4.4344,0.0,1
Maryland,Binders,Wilson Jones Turn Tabs Binder Tool for Ring Binders,9.64,4.4344,0.0,1
Texas,Labels,Avery 490,11.84,4.44,0.2,1
Washington,Binders,Storex Dura Pro Binders,14.256,4.455,0.2,1
Ohio,Accessories,Maxell 4.7GB DVD-RW 3/Pack,25.488,4.4604,0.2,1
Washington,Binders,"ACCOHIDE 3-Ring Binder, Blue, 1""",13.216,4.4604,0.2,1
Texas,Accessories,Maxell 4.7GB DVD-RW 3/Pack,25.488,4.4604,0.2,1
California,Storage,Acco Perma 2700 Stacking Storage Drawers,29.74,4.461,0.0,1
Florida,Storage,Akro-Mils 12-Gallon Tote,39.72,4.4685,0.2,1
Washington,Furnishings,Eldon Image Series Black Desk Accessories,12.42,4.4712,0.0,1
California,Furnishings,Eldon Image Series Black Desk Accessories,12.42,4.4712,0.0,1
Virginia,Furnishings,Eldon Image Series Black Desk Accessories,12.42,4.4712,0.0,1
California,Phones,"SmartStand Mobile Device Holder, Assorted Colors",44.736,4.4736,0.2,1
New York,Binders,Binder Posts,13.776,4.4772,0.2,1
North Carolina,Phones,Apple EarPods with Remote and Mic,44.784,4.4784,0.2,1
Arizona,Accessories,Sony Micro Vault Click 16 GB USB 2.0 Flash Drive,89.584,4.4792,0.2,1
Ohio,Accessories,Sony Micro Vault Click 16 GB USB 2.0 Flash Drive,89.584,4.4792,0.2,1
New Jersey,Art,Newell 315,17.94,4.485,0.0,1
North Carolina,Paper,Great White Multi-Use Recycled Paper (20Lb. and 84 Bright),14.352,4.485,0.2,1
Texas,Paper,Xerox 1895,14.352,4.485,0.2,1
New York,Art,Colorific Watercolor Pencils,15.48,4.4892,0.0,1
Connecticut,Art,Colorific Watercolor Pencils,15.48,4.4892,0.0,1
Wisconsin,Art,Boston 1900 Electric Pencil Sharpener,14.98,4.494,0.0,1
Iowa,Paper,Hammermill Color Copier Paper (28Lb. and 96 Bright),9.99,4.4955,0.0,1
California,Phones,Griffin GC36547 PowerJolt SE Lightning Charger,35.984,4.498,0.2,1
California,Supplies,Acme Kleen Earth Office Shears,15.52,4.5008,0.0,1
Georgia,Binders,3-ring staple pack,9.399999999999999,4.512,0.0,2
New York,Binders,"Cardinal Slant-D Ring Binder, Heavy Gauge Vinyl",13.904,4.5188,0.2,1
Texas,Accessories,"Verbatim 25 GB 6x Blu-ray Single Layer Recordable Disc, 10/Pack",27.816,4.5201,0.2,1
North Carolina,Appliances,Belkin F9H710-06 7 Outlet SurgeMaster Surge Protector,45.216,4.5216,0.2,1
Ohio,Appliances,Belkin F9H710-06 7 Outlet SurgeMaster Surge Protector,45.216,4.5216,0.2,1
Delaware,Labels,Avery 518,9.45,4.536,0.0,1
Kentucky,Labels,Avery 518,9.45,4.536,0.0,1
New York,Binders,Wilson Jones Easy Flow II Sheet Lifters,12.96,4.536,0.2,1
California,Appliances,"Eureka Sanitaire  Multi-Pro Heavy-Duty Upright, Disposable Bags",17.48,4.5448,0.0,1
New York,Appliances,"Eureka Sanitaire  Multi-Pro Heavy-Duty Upright, Disposable Bags",17.48,4.5448,0.0,1
Oregon,Accessories,Imation Secure Drive + Hardware Encrypted USB flash drive - 16 GB,91.176,4.5588,0.2,1
Arkansas,Fasteners,Colored Push Pins,12.67,4.5612,0.0,1
Virginia,Storage,"Tenex Personal Self-Stacking Standard File Box, Black/Gray",16.91,4.5657,0.0,1
Virginia,Binders,Cardinal EasyOpen D-Ring Binders,9.14,4.57,0.0,1
California,Labels,Avery 499,9.96,4.5816,0.0,1
Washington,Labels,Avery 483,9.96,4.5816,0.0,1
Delaware,Labels,Avery 499,9.96,4.5816,0.0,1
Georgia,Art,"Binney & Smith Crayola Metallic Colored Pencils, 8-Color Set",13.89,4.5837,0.0,1
Michigan,Art,"Binney & Smith Crayola Metallic Colored Pencils, 8-Color Set",13.89,4.5837,0.0,1
Tennessee,Art,Berol Giant Pencil Sharpener,40.776,4.5873,0.2,1
New York,Phones,PowerGen Dual USB Car Charger,9.99,4.5954,0.0,1
Illinois,Storage,Advantus Rolling Drawer Organizers,61.568,4.6176,0.2,1
North Carolina,Storage,Advantus Rolling Drawer Organizers,61.568,4.6176,0.2,1
New York,Chairs,Global Deluxe Steno Chair,415.692,4.6188,0.1,2
Washington,Phones,Samsung Rugby III,52.792,4.6193,0.2,1
Iowa,Furnishings,"DAX Value U-Channel Document Frames, Easel Back",14.91,4.6221,0.0,1
California,Binders,Avery Printable Repositionable Plastic Tabs,13.76,4.644,0.2,1
Maryland,Furnishings,Regeneration Desk Collection,10.56,4.6464,0.0,1
California,Binders,Avery Hidden Tab Dividers for Binding Systems,14.304,4.6488,0.2,1
Ohio,Storage,"Tenex File Box, Personal Filing Tote with Lid, Black",62.04,4.653,0.2,1
Florida,Supplies,"Fiskars 8"" Scissors, 2/Pack",41.376,4.6548,0.2,1
Colorado,Furnishings,DAX Two-Tone Silver Metal Document Frame,16.192,4.6552,0.2,1
Ohio,Fasteners,Ideal Clamps,12.863999999999999,4.6632,0.2,2
Washington,Art,Newell 330,17.94,4.6644,0.0,1
Texas,Storage,File Shuttle I and Handi-File,53.424,4.6746,0.2,1
Oregon,Storage,File Shuttle I and Handi-File,53.424,4.6746,0.2,1
Massachusetts,Furnishings,"Tensor ""Hersey Kiss"" Styled Floor Lamp",38.97,4.6764,0.0,1
Pennsylvania,Art,"BOSTON Ranger #55 Pencil Sharpener, Black",41.584,4.6782,0.2,1
New York,Binders,"Acco PRESSTEX Data Binder with Storage Hooks, Dark Blue, 14 7/8"" X 11""",12.912,4.6806,0.2,1
New York,Paper,Xerox 1952,9.96,4.6812,0.0,1
Florida,Labels,Avery 512,13.872,4.6818,0.2,1
Louisiana,Appliances,Staple holder,17.34,4.6818,0.0,1
Nevada,Art,DIXON Oriole Pencils,18.06,4.6956,0.0,1
California,Binders,XtraLife ClearVue Slant-D Ring Binders by Cardinal,12.544,4.704,0.2,1
Texas,Envelopes,Fashion Color Clasp Envelopes,12.984,4.7067,0.2,1
Illinois,Envelopes,"#10- 4 1/8"" x 9 1/2"" Recycled Envelopes",13.984,4.7196,0.2,1
Connecticut,Binders,Pressboard Hanging Data Binders for Unburst Sheets,9.84,4.7232,0.0,1
Virginia,Binders,Tuff Stuff Recycled Round Ring Binders,9.64,4.7236,0.0,1
New York,Furnishings,Nu-Dell EZ-Mount Plastic Wall Frames,11.82,4.728,0.0,1
North Carolina,Art,"Quartet Omega Colored Chalk, 12/Pack",14.016,4.7304,0.2,1
California,Paper,Xerox 1972,10.56,4.752,0.0,1
California,Paper,Xerox 4200 Series MultiUse Premium Copy Paper (20Lb. and 84 Bright),10.56,4.752,0.0,1
Michigan,Paper,Xerox 1972,10.56,4.752,0.0,1
Missouri,Paper,Xerox 1981,10.56,4.752,0.0,1
Oklahoma,Paper,Xerox 1954,10.56,4.752,0.0,1
California,Binders,Avery Durable Slant Ring Binders,12.672,4.752,0.2,1
Michigan,Art,Newell 321,16.4,4.756,0.0,1
Illinois,Accessories,Lenovo 17-Key USB Numeric Keypad,190.344,4.7585999999999995,0.2,2
North Carolina,Furnishings,"Executive Impressions 14"" Two-Color Numerals Wall Clock",18.176,4.7712,0.2,1
Washington,Supplies,Compact Automatic Electric Letter Opener,238.62,4.7724,0.0,1
California,Supplies,Compact Automatic Electric Letter Opener,238.62,4.7724,0.0,1
Rhode Island,Paper,"RSVP Cards & Envelopes, Blank White, 8-1/2"" X 11"", 24 Cards/25 Envelopes/Set",10.16,4.7752,0.0,1
Illinois,Accessories,Maxell 4.7GB DVD+RW 3/Pack,25.488,4.779,0.2,1
Utah,Binders,Ibico Standard Transparent Covers,13.184,4.7792,0.2,1
Oregon,Art,Boston 16701 Slimline Battery Pencil Sharpener,38.256,4.782,0.2,1
South Carolina,Envelopes,Poly String Tie Envelopes,10.2,4.794,0.0,1
Washington,Furnishings,Tenex Chairmats For Use With Carpeted Floors,95.88,4.7940000000000005,0.0,2
California,Phones,Square Credit Card Reader,63.936,4.7952,0.20000000000000004,3
Tennessee,Envelopes,Colored Envelopes,14.76,4.797,0.2,1
North Carolina,Phones,Anker 36W 4-Port USB Wall Charger Travel Power Adapter for iPhone 5s 5c 5,47.976,4.7976,0.2,1
California,Phones,Anker 36W 4-Port USB Wall Charger Travel Power Adapter for iPhone 5s 5c 5,47.976,4.7976,0.2,1
Arizona,Accessories,Microsoft Wireless Mobile Mouse 4000,31.992,4.7988,0.2,1
Virginia,Binders,"Avery 3 1/2"" Diskette Storage Pages, 10/Pack",10.44,4.8024,0.0,1
Virginia,Labels,Avery 478,9.82,4.8118,0.0,1
California,Labels,Avery 493,9.82,4.8118,0.0,1
New Jersey,Labels,Avery 508,9.82,4.8118,0.0,1
Georgia,Labels,Avery 508,9.82,4.8118,0.0,1
New York,Labels,Color-Coded Legal Exhibit Labels,9.82,4.8118,0.0,1
Washington,Fasteners,OIC Bulk Pack Metal Binder Clips,10.47,4.8162,0.0,1
Pennsylvania,Accessories,AmazonBasics 3-Button USB Wired Mouse,16.776,4.8231,0.2,1
California,Chairs,Hon Every-Day Chair Series Swivel Task Chairs,387.136,4.8392,0.2,1
California,Art,Economy #2 Pencils,18.62,4.841200000000001,0.0,2
Oregon,Furnishings,"Seth Thomas 14"" Day/Date Wall Clock",22.784,4.8416,0.2,1
Kentucky,Storage,Eldon Gobal File Keepers,121.12,4.8448,0.0,2
California,Art,Newell 33,16.74,4.8546,0.0,1
Missouri,Storage,"Carina 42""Hx23 3/4""W Media Storage Unit",242.94,4.8588,0.0,1
California,Furnishings,Ultra Door Push Plate,14.73,4.8609,0.0,1
Michigan,Furnishings,Ultra Door Push Plate,14.73,4.8609,0.0,1
Indiana,Storage,Acco Perma 4000 Stacking Storage Drawers,32.48,4.872,0.0,1
Washington,Storage,Acco Perma 4000 Stacking Storage Drawers,32.48,4.872,0.0,1
California,Paper,Xerox 1949,9.96,4.8804,0.0,1
Georgia,Paper,Hammermill CopyPlus Copy Paper (20Lb. and 84 Bright),9.96,4.8804,0.0,1
Pennsylvania,Art,"Avery Hi-Liter EverBold Pen Style Fluorescent Highlighters, 4/Pack",19.536,4.884,0.2,1
Ohio,Envelopes,Convenience Packs of Business Envelopes,14.48,4.887,0.2,1
New York,Storage,Tennsco Industrial Shelving,244.55,4.891,0.0,1
Florida,Paper,"Adams Telephone Message Books, 5 1/4 x 11",14.496,4.8924,0.2,1
Rhode Island,Accessories,V7 USB Numeric Keypad,69.98,4.8986,0.0,1
California,Binders,Acco 3-Hole Punch,14.016,4.9056,0.2,1
Kentucky,Envelopes,Laser & Ink Jet Business Envelopes,10.67,4.9082,0.0,1
Washington,Furnishings,"Master Big Foot Doorstop, Beige",15.84,4.9104,0.0,1
California,Fasteners,Advantus SlideClip Paper Clips,10.23,4.9104,0.0,1
Indiana,Art,"Crayola Anti Dust Chalk, 12/Pack",10.92,4.914,0.0,1
Ohio,Labels,Avery 495,15.12,4.914,0.2,1
Florida,Labels,Avery 48,15.12,4.914,0.2,1
Washington,Binders,Prestige Round Ring Binders,14.592,4.9248,0.2,1
California,Art,Berol Giant Pencil Sharpener,16.99,4.9271,0.0,1
New York,Furnishings,"Tenex Carpeted, Granite-Look or Clear Contemporary Contour Shape Chair Mats",70.71,4.9497,0.0,1
New Jersey,Accessories,Imation 8gb Micro Traveldrive Usb 2.0 Flash Drive,45.0,4.95,0.0,1
California,Accessories,Imation 8gb Micro Traveldrive Usb 2.0 Flash Drive,45.0,4.95,0.0,1
Delaware,Accessories,Imation 8gb Micro Traveldrive Usb 2.0 Flash Drive,45.0,4.95,0.0,1
Illinois,Paper,Wirebound Voice Message Log Book,15.232,4.9504,0.2,2
Georgia,Art,"BIC Brite Liner Grip Highlighters, Assorted, 5/Pack",12.72,4.9608,0.0,1
Colorado,Phones,Seidio BD2-HK3IPH5-BK DILEX Case and Holster Combo for Apple iPhone 5/5s - Black,49.616,4.9616,0.2,1
Illinois,Phones,Seidio BD2-HK3IPH5-BK DILEX Case and Holster Combo for Apple iPhone 5/5s - Black,49.616,4.9616,0.2,1
Wisconsin,Art,Newell 336,17.12,4.9648,0.0,1
California,Art,Newell 341,17.12,4.9648,0.0,2
Massachusetts,Art,Newell 341,17.12,4.9648,0.0,1
California,Art,Newell 336,17.12,4.9648,0.0,1
Kentucky,Chairs,Novimex High-Tech Fabric Mesh Task Chair,70.98,4.9686,0.0,1
California,Supplies,Fiskars Home & Office Scissors,17.76,4.9728,0.0,1
Florida,Labels,Avery 501,14.76,4.9815,0.2,2
Pennsylvania,Labels,Avery 517,14.76,4.9815,0.2,1
North Carolina,Accessories,"Maxell 74 Minute CDR, 10/Pack",23.472,4.9878,0.2,1
Illinois,Paper,Xerox 1921,15.984,4.995,0.2,1
Florida,Paper,Xerox 1921,15.984,4.995,0.2,1
California,Fasteners,"Acco Clips to Go Binder Clips, 24 Clips in Two Sizes",10.65,5.0055,0.0,1
New York,Fasteners,"Acco Clips to Go Binder Clips, 24 Clips in Two Sizes",10.65,5.0055,0.0,1
Texas,Paper,Rediform Voice Mail Log Books,14.304,5.0064,0.2,1
New York,Art,Newell 340,17.28,5.0112,0.0,1
Tennessee,Labels,Avery 474,13.823999999999998,5.0112000000000005,0.2,2
California,Binders,Wilson Jones Turn Tabs Binder Tool for Ring Binders,15.424,5.0128,0.2,1
South Dakota,Binders,Wilson Jones 14 Line Acrylic Coated Pressboard Data Binders,10.68,5.0196,0.0,1
California,Binders,Avery Non-Stick Heavy Duty View Round Locking Ring Binders,14.352,5.0232,0.2,1
Ohio,Paper,Xerox 196,13.872,5.0286,0.2,1
Ohio,Paper,HP Office Recycled Paper (20Lb. and 87 Bright),13.872,5.0286,0.2,1
Pennsylvania,Accessories,"Verbatim 25 GB 6x Blu-ray Single Layer Recordable Disc, 3/Pack",16.776,5.0328,0.2,1
New York,Art,Prang Dustless Chalk Sticks,10.08,5.04,0.0,2
New York,Binders,Clear Mylar Reinforcing Strips,14.952,5.0463,0.2,1
Maryland,Fasteners,Advantus Map Pennant Flags and Round Head Tacks,15.8,5.056,0.0,1
Nebraska,Art,Newell 318,19.46,5.0596,0.0,1
Nebraska,Supplies,"Elite 5"" Scissors",16.9,5.07,0.0,1
Connecticut,Binders,Wilson Jones Impact Binders,10.36,5.0764,0.0,1
Delaware,Storage,"Perma STOR-ALL Hanging File Box, 13 1/8""W x 12 1/4""D x 10 1/2""H",29.9,5.083,0.0,1
California,Accessories,Kingston Digital DataTraveler 32GB USB 2.0,84.75,5.084999999999999,0.0,2
New York,Envelopes,Colored Envelopes,11.07,5.0922,0.0,1
Indiana,Binders,Economy Binders,10.4,5.096,0.0,1
Ohio,Paper,Southworth 25% Cotton Granite Paper & Envelopes,15.696,5.1012,0.2,1
Texas,Paper,Southworth 25% Cotton Granite Paper & Envelopes,15.696,5.1012,0.2,1
Colorado,Paper,Southworth Parchment Paper & Envelopes,15.696,5.1012,0.2,1
Illinois,Paper,Southworth Parchment Paper & Envelopes,15.696,5.1012,0.2,1
Connecticut,Envelopes,Convenience Packs of Business Envelopes,10.86,5.1042,0.0,1
California,Paper,"Ampad Evidence Wirebond Steno Books, 6"" x 9""",10.9,5.123,0.0,1
Florida,Supplies,Acme Softgrip Scissors,45.584,5.1282,0.2,1
New York,Bookcases,Sauder Inglewood Library Bookcases,136.784,5.1294,0.2,1
New York,Binders,GBC Standard Plastic Binding Systems Combs,14.16,5.133,0.2,1
Indiana,Appliances,"Hoover Replacement Belts For Soft Guard & Commercial Ltweight Upright Vacs, 2/Pk",19.75,5.135,0.0,1
Massachusetts,Paper,Loose Memo Sheets,10.95,5.1465,0.0,1
Indiana,Binders,Avery Poly Binder Pockets,10.74,5.1552,0.0,1
California,Tables,KI Adjustable-Height Table,206.352,5.1588,0.2,1
Connecticut,Binders,"Acco PRESSTEX Data Binder with Storage Hooks, Light Blue, 9 1/2"" X 11""",10.76,5.1648,0.0,1
California,Supplies,Acme Kleencut Forged Steel Scissors,17.22,5.166,0.0,1
California,Art,Manco Dry-Lighter Erasable Highlighter,15.2,5.168,0.0,2
Texas,Labels,Avery 511,14.783999999999999,5.1744,0.2,2
Florida,Phones,"Logitech B530 USB Headset - headset - Full size, Binaural",59.184,5.1786,0.2,1
Oregon,Labels,Avery White Multi-Purpose Labels,15.936,5.1792,0.2,1
Illinois,Labels,Avery 513,15.936,5.1792,0.2,1
California,Furnishings,"Master Caster Door Stop, Gray",15.24,5.1816,0.0,1
Oklahoma,Binders,Peel & Stick Add-On Corner Pockets,10.8,5.184,0.0,1
Florida,Fasteners,"OIC Colored Binder Clips, Assorted Sizes",14.32,5.191,0.2,1
California,Furnishings,DAX Cubicle Frames - 8x10,17.31,5.193,0.0,1
Indiana,Furnishings,DAX Cubicle Frames - 8x10,17.31,5.193,0.0,1
California,Binders,Avery Binding System Hidden Tab Executive Style Index Sets,13.848,5.193,0.2,1
Delaware,Phones,Square Credit Card Reader,19.98,5.1948,0.0,1
Colorado,Chairs,"Global Stack Chair without Arms, Black",83.136,5.196,0.2,1
Kentucky,Storage,Fellowes Neat Ideas Storage Cubes,129.92,5.1968,0.0,1
Tennessee,Paper,Xerox 1965,14.352,5.2026,0.2,1
Colorado,Paper,Xerox 1992,14.352,5.2026,0.2,1
Colorado,Envelopes,Wausau Papers Astrobrights Colored Envelopes,14.352,5.2026,0.2,1
Texas,Paper,Universal Premium White Copier/Laser Paper (20Lb. and 87 Bright),14.352,5.2026,0.2,1
Louisiana,Labels,Avery 52,11.07,5.2029,0.0,1
Texas,Phones,QVS USB Car Charger 2-Port 2.1Amp for iPod/iPhone/iPad/iPad 2/iPad 3,16.68,5.2125,0.2,1
Washington,Binders,Cardinal Slant-D Ring Binders,13.904,5.214,0.2,1
New York,Art,BIC Brite Liner Highlighters,12.42,5.2164,0.0,1
Washington,Art,BIC Brite Liner Highlighters,12.42,5.2164,0.0,1
California,Phones,AT&T CL82213,46.384,5.2182,0.2,1
Michigan,Appliances,Belkin 6 Outlet Metallic Surge Strip,29.403,5.2272,0.1,1
Arizona,Paper,Riverleaf Stik-Withit Designer Note Cubes,16.096,5.2312,0.2,1
Georgia,Art,"Dixon Prang Watercolor Pencils, 10-Color Set with Brush",12.78,5.2398,0.0,1
Indiana,Storage,Staple magnet,18.76,5.2528,0.0,1
Maryland,Art,Newell 312,17.52,5.256,0.0,1
Mississippi,Fasteners,Staples,11.68,5.256,0.0,1
Tennessee,Art,Newell 312,42.048,5.256,0.2,1
Kentucky,Fasteners,"OIC Colored Binder Clips, Assorted Sizes",10.74,5.2626,0.0,1
North Carolina,Appliances,Harmony HEPA Quiet Air Purifiers,28.08,5.265,0.2,1
Texas,Paper,Xerox 1901,16.896,5.28,0.2,1
Pennsylvania,Paper,Xerox 1972,16.896,5.28,0.2,2
Texas,Accessories,"Verbatim 25 GB 6x Blu-ray Single Layer Recordable Disc, 25/Pack",18.392,5.2877,0.2,1
North Carolina,Paper,Strathmore Photo Mount Cards,16.272,5.2884,0.2,1
Washington,Art,Col-Erase Pencils with Erasers,18.24,5.2896,0.0,1
New York,Binders,"Pressboard Covers with Storage Hooks, 9 1/2"" x 11"", Light Blue",15.712,5.3028,0.2,2
Oregon,Paper,Xerox 1887,15.176,5.3116,0.2,1
Texas,Art,Lumber Crayons,23.64,5.319,0.2,1
California,Binders,Acco Hanging Data Binders,15.24,5.334,0.2,1
Louisiana,Envelopes,Staple envelope,11.36,5.3392,0.0,1
Oklahoma,Binders,Storex Dura Pro Binders,11.88,5.346,0.0,1
Virginia,Binders,Storex Dura Pro Binders,11.88,5.346,0.0,1
New York,Phones,Cush Cases Heavy Duty Rugged Cover Case for Samsung Galaxy S5 - Purple,19.8,5.346,0.0,2
Texas,Paper,Xerox 1953,17.12,5.35,0.2,2
Texas,Paper,Xerox 1900,17.12,5.35,0.2,2
Florida,Furnishings,Advantus Panel Wall Certificate Holder - 8.5x11,19.52,5.368,0.2,1
Tennessee,Furnishings,Advantus Panel Wall Certificate Holder - 8.5x11,19.52,5.368,0.2,1
Arizona,Labels,Avery 506,16.52,5.369,0.2,1
Pennsylvania,Labels,Avery 476,16.52,5.369,0.2,1
Ohio,Labels,Avery 476,16.52,5.369,0.2,1
Mississippi,Binders,"Acco Pressboard Covers with Storage Hooks, 9 1/2"" x 11"", Executive Red",11.43,5.3721,0.0,1
New York,Binders,"Avery Durable Slant Ring Binders, No Labels",15.92,5.373,0.2,1
Texas,Paper,Xerox 198,15.936,5.3784,0.2,1
Montana,Paper,Great White Multi-Use Recycled Paper (20Lb. and 84 Bright),11.96,5.382,0.0,1
Delaware,Binders,"Black Avery Memo-Size 3-Ring Binder, 5 1/2"" x 8 1/2""",11.01,5.3949,0.0,1
California,Phones,Belkin iPhone and iPad Lightning Cable,71.952,5.3964,0.2,1
Texas,Art,Panasonic KP-380BK Classic Electric Pencil Sharpener,86.352,5.397,0.2,1
Ohio,Art,Panasonic KP-380BK Classic Electric Pencil Sharpener,86.352,5.397,0.2,1
New York,Supplies,Acme Forged Steel Scissors with Black Enamel Handles,18.62,5.3998,0.0,1
Oklahoma,Storage,"Tennsco Stur-D-Stor Boltless Shelving, 5 Shelves, 24"" Deep, Sand",541.24,5.4124,0.0,1
Washington,Storage,"Tennsco Stur-D-Stor Boltless Shelving, 5 Shelves, 24"" Deep, Sand",541.24,5.4124,0.0,1
Michigan,Art,Fluorescent Highlighters by Dixon,15.92,5.4128,0.0,1
Maryland,Fasteners,"Acco Banker's Clasps, 5 3/4""-Long",11.52,5.4144,0.0,1
Washington,Binders,Avery Hole Reinforcements,14.952,5.4201,0.2,1
California,Binders,Economy Binders,14.976,5.4288,0.2,1
Washington,Labels,Avery 512,11.56,5.4332,0.0,1
Illinois,Art,Stanley Bostitch Contemporary Electric Pencil Sharpeners,54.336,5.4336,0.2,1
Washington,Furnishings,"Eldon Image Series Desk Accessories, Ebony",12.35,5.434,0.0,1
Pennsylvania,Paper,Xerox 1999,15.552,5.4432,0.2,1
Pennsylvania,Paper,Xerox 1985,15.552,5.4432,0.2,1
Oregon,Paper,Xerox 2,15.552,5.4432,0.2,1
Colorado,Paper,Xerox 1976,15.552,5.4432,0.2,1
Florida,Paper,Xerox 208,15.552,5.4432,0.2,1
Tennessee,Paper,Xerox 220,15.552,5.4432,0.2,1
Colorado,Paper,Xerox 226,15.552,5.4432,0.2,1
Ohio,Paper,Xerox 2,15.552,5.4432,0.2,1
Texas,Paper,Xerox 1999,15.552,5.4432,0.2,1
Texas,Paper,Xerox 203,15.552,5.4432,0.2,1
Ohio,Art,"BIC Brite Liner Highlighters, Chisel Tip",36.288000000000004,5.4432,0.2,2
Texas,Paper,Xerox 1967,15.552,5.4432,0.2,1
Tennessee,Paper,Xerox 200,15.552,5.4432,0.2,1
North Carolina,Paper,Xerox 1967,15.552,5.4432,0.2,1
Ohio,Paper,Xerox 1999,15.552,5.4432,0.2,1
Florida,Paper,Xerox 217,15.552,5.4432,0.2,1
Texas,Paper,Xerox 1995,15.552,5.4432,0.2,1
Arizona,Paper,Xerox 230,15.552,5.4432,0.2,1
Florida,Paper,Xerox 206,15.552,5.4432,0.2,1
Pennsylvania,Paper,Xerox 202,15.552,5.4432,0.2,1
Illinois,Paper,Xerox 206,15.552,5.4432,0.2,2
Illinois,Paper,Xerox 229,15.552,5.4432,0.2,1
Delaware,Binders,Wilson Jones Suede Grain Vinyl Binders,11.12,5.4488,0.0,1
Alabama,Art,Newell 316,19.56,5.4768,0.0,1
Washington,Chairs,"Global Push Button Manager's Chair, Indigo",48.712,5.4801,0.2,1
New York,Binders,Cardinal EasyOpen D-Ring Binders,14.624,5.484,0.2,1
New York,Art,"Quartet Omega Colored Chalk, 12/Pack",11.68,5.4896,0.0,1
California,Art,"Quartet Omega Colored Chalk, 12/Pack",11.68,5.4896,0.0,1
Indiana,Art,"Quartet Omega Colored Chalk, 12/Pack",11.68,5.4896,0.0,1
Florida,Furnishings,Document Clip Frames,20.016,5.5044,0.2,1
Georgia,Furnishings,"Westinghouse Floor Lamp with Metal Mesh Shade, Black",23.99,5.5177,0.0,1
California,Furnishings,"Westinghouse Floor Lamp with Metal Mesh Shade, Black",23.99,5.5177,0.0,1
Texas,Paper,"TOPS Voice Message Log Book, Flash Format",15.232,5.5216,0.2,1
Ohio,Paper,"TOPS Voice Message Log Book, Flash Format",15.232,5.5216,0.2,1
Nevada,Furnishings,"Master Caster Door Stop, Large Brown",14.56,5.5328,0.0,1
Washington,Furnishings,C-Line Cubicle Keepers Polyproplyene Holder With Velcro Backings,14.19,5.5341,0.0,1
Idaho,Binders,"Wilson Jones Hanging View Binder, White, 1""",17.04,5.538,0.2,1
Delaware,Paper,Avery Personal Creations Heavyweight Cards,11.54,5.5392,0.0,1
Texas,Envelopes,#6 3/4 Gummed Flap White Envelopes,15.84,5.544,0.2,1
Ohio,Envelopes,#6 3/4 Gummed Flap White Envelopes,15.84,5.544,0.2,1
Illinois,Supplies,Acme Tagit Stainless Steel Antibacterial Scissors,63.36,5.544,0.2,2
Illinois,Paper,"It's Hot Message Books with Stickers, 2 3/4"" x 5""",17.76,5.55,0.2,1
Texas,Paper,"Message Book, Wirebound, Four 5 1/2"" X 4"" Forms/Pg., 200 Dupl. Sets/Book",16.448,5.5512,0.2,1
Pennsylvania,Paper,"Message Book, Wirebound, Four 5 1/2"" X 4"" Forms/Pg., 200 Dupl. Sets/Book",16.448,5.5512,0.2,1
California,Binders,"Pressboard Data Binder, Crimson, 12"" X 8 1/2""",17.088,5.5536,0.2,1
Indiana,Art,Newell 332,20.58,5.5566,0.0,1
Connecticut,Paper,Xerox 188,11.34,5.5566,0.0,1
Texas,Storage,"Multi-Use Personal File Cart and Caster Set, Three Stacking Bins",55.616,5.5616,0.2,1
Indiana,Binders,Avery Round Ring Poly Binders,11.36,5.5664,0.0,1
Tennessee,Paper,"Speediset Carbonless Redi-Letter 7"" x 8 1/2""",16.496,5.5674,0.2,1
California,Binders,ACCOHIDE Binder by Acco,16.52,5.5755,0.2,1
South Carolina,Art,"Eberhard Faber 3 1/2"" Golf Pencils",22.32,5.58,0.0,1
Illinois,Storage,"Tenex File Box, Personal Filing Tote with Lid, Black",74.448,5.5836,0.2,2
Tennessee,Phones,PayAnywhere Card Reader,63.936,5.5944,0.2,1
Texas,Phones,ClearSounds CSC500 Amplified Spirit Phone Corded phone,55.992,5.5992,0.2,1
Arkansas,Binders,Avery Binder Labels,11.67,5.6016,0.0,1
Texas,Storage,"Personal Folder Holder, Ebony",44.84,5.605,0.2,1
Texas,Paper,Xerox 1959,16.032,5.6112,0.2,1
Alabama,Paper,"Ampad Phone Message Book, Recycled, 400 Message Capacity, 5 ¾ x 11",12.48,5.616,0.0,1
Pennsylvania,Appliances,Holmes 99% HEPA Air Purifier,34.656,5.6316,0.2,1
Florida,Paper,Xerox 1957,15.552,5.6376,0.2,1
Texas,Paper,Xerox 1957,15.552,5.6376,0.2,1
Illinois,Paper,Xerox 1993,15.552,5.6376,0.2,1
Texas,Paper,Xerox 1993,15.552,5.6376,0.2,2
Arizona,Paper,"Universal Ultra Bright White Copier/Laser Paper, 8 1/2"" x 11"", Ream",15.552,5.6376,0.2,1
Delaware,Art,"Sanford Colorific Eraseable Coloring Pencils, 12 Count",13.12,5.6416,0.0,1
California,Art,Newell 32,20.16,5.6448,0.0,2
Indiana,Binders,GBC Standard Plastic Binding Systems' Combs,12.56,5.652,0.0,1
Illinois,Storage,"Tenex Personal Project File with Scoop Front Design, Black",75.488,5.6616,0.2,2
California,Furnishings,"Eldon Regeneration Recycled Desk Accessories, Black",14.52,5.6628,0.0,1
New York,Paper,Xerox 1987,11.56,5.6644,0.0,1
Missouri,Paper,Xerox 1899,11.56,5.6644,0.0,1
New York,Paper,Xerox 1969,11.56,5.6644,0.0,1
California,Paper,Xerox 1899,11.56,5.6644,0.0,1
Michigan,Paper,Xerox 1950,11.56,5.6644,0.0,1
New York,Paper,Xerox 196,11.56,5.6644,0.0,1
Ohio,Paper,"Black Print Carbonless 8 1/2"" x 8 1/4"" Rapid Memo Book",17.472,5.6784,0.2,1
New York,Appliances,Disposable Triple-Filter Dust Bags,21.85,5.681,0.0,2
California,Fasteners,Binder Clips by OIC,11.84,5.6832,0.0,1
Georgia,Labels,Avery 476,12.39,5.6994,0.0,1
Maryland,Labels,"Avery 05222 Permanent Self-Adhesive File Folder Labels for Typewriters, on Rolls, White, 250/Roll",12.39,5.6994,0.0,1
Indiana,Labels,Avery 476,12.39,5.6994,0.0,1
Minnesota,Art,Newell 35,19.68,5.7072,0.0,1
Virginia,Art,Newell 35,19.68,5.7072,0.0,1
California,Binders,"Acco Pressboard Covers with Storage Hooks, 14 7/8"" x 11"", Executive Red",18.288,5.715,0.2,1
Florida,Furnishings,Staple-based wall hangings,19.104,5.7312,0.2,1
California,Art,"Crayola Anti Dust Chalk, 12/Pack",12.74,5.733,0.0,1
Texas,Accessories,"Verbatim 25 GB 6x Blu-ray Single Layer Recordable Disc, 1/Pack",41.72,5.7365,0.2,1
New York,Art,"Avery Hi-Liter GlideStik Fluorescent Highlighter, Yellow Ink",13.04,5.7376,0.0,1
Washington,Phones,I Need's 3d Hello Kitty Hybrid Silicone Case Cover for HTC One X 4g with 3d Hello Kitty Stylus Pen Green/pink,57.408,5.7408,0.2,1
California,Envelopes,Globe Weis Peel & Seel First Class Envelopes,12.78,5.751,0.0,1
New York,Envelopes,Poly String Tie Envelopes,12.24,5.7528,0.0,1
Pennsylvania,Envelopes,Colored Envelopes,17.712,5.7564,0.2,2
Oklahoma,Storage,Akro-Mils 12-Gallon Tote,19.86,5.7594,0.0,1
Missouri,Paper,"Adams Telephone Message Book W/Dividers/Space For Phone Numbers, 5 1/4""X8 1/2"", 300/Messages",11.76,5.7624,0.0,1
Washington,Paper,"Adams Telephone Message Book W/Dividers/Space For Phone Numbers, 5 1/4""X8 1/2"", 300/Messages",11.76,5.7624,0.0,1
New Jersey,Paper,"Adams Telephone Message Book W/Dividers/Space For Phone Numbers, 5 1/4""X8 1/2"", 300/Messages",11.76,5.7624,0.0,1
Utah,Storage,Staple magnet,21.36,5.7672,0.0,1
Minnesota,Binders,Avery Binding System Hidden Tab Executive Style Index Sets,11.54,5.77,0.0,1
Vermont,Paper,Xerox 1881,12.28,5.7716,0.0,1
Florida,Furnishings,"Eldon 400 Class Desk Accessories, Black Carbon",21.0,5.775,0.2,1
Texas,Art,Newell 309,46.2,5.775,0.2,1
Pennsylvania,Storage,"Sortfiler Multipurpose Personal File Organizer, Black",51.336,5.7753,0.2,1
Ohio,Paper,Xerox 1949,15.936,5.7768,0.2,1
Michigan,Paper,Xerox 199,12.84,5.778,0.0,1
Florida,Furnishings,"Executive Impressions 14"" Contract Wall Clock",35.568,5.7798,0.2,1
California,Art,Newell 333,22.240000000000002,5.7824,0.0,2
California,Furnishings,"Eldon Expressions Desk Accessory, Wood Pencil Holder, Oak",19.3,5.79,0.0,1
California,Binders,3-ring staple pack,16.543999999999997,5.7904,0.2,2
Florida,Labels,"Avery Address/Shipping Labels for Typewriters, 4"" x 2""",16.56,5.796,0.2,1
Washington,Labels,"Permanent Self-Adhesive File Folder Labels for Typewriters, 1 1/8 x 3 1/2, White",12.6,5.796,0.0,1
Florida,Bookcases,"Bush Westfield Collection Bookcases, Medium Cherry Finish",231.92,5.798,0.2,1
North Carolina,Bookcases,"Bush Westfield Collection Bookcases, Medium Cherry Finish",231.92,5.798,0.2,1
Pennsylvania,Paper,"Wirebound Message Books, 5-1/2 x 4 Forms, 2 or 4 Forms per Page",16.056,5.8203,0.2,1
Texas,Paper,"Wirebound Message Books, 5-1/2 x 4 Forms, 2 or 4 Forms per Page",16.056,5.8203,0.2,1
New York,Binders,GBC Instant Report Kit,15.528,5.823,0.2,1
Kentucky,Binders,"ACCOHIDE 3-Ring Binder, Blue, 1""",12.39,5.8233,0.0,1
California,Art,"Premium Writing Pencils, Soft, #2 by Central Association for the Blind",20.86,5.8408,0.0,2
New York,Storage,"Eldon Base for stackable storage shelf, platinum",116.82,5.841,0.0,1
District of Columbia,Paper,"Telephone Message Books with Fax/Mobile Section, 5 1/2"" x 3 3/16""",12.7,5.842,0.0,1
Massachusetts,Paper,"Telephone Message Books with Fax/Mobile Section, 5 1/2"" x 3 3/16""",12.7,5.842,0.0,1
California,Art,Newell 346,20.16,5.8464,0.0,3
Ohio,Labels,Avery File Folder Labels,16.128,5.8464,0.2,2
Texas,Art,"Dixon Ticonderoga Erasable Colored Pencil Set, 12-Color",33.488,5.8604,0.2,1
California,Paper,Xerox 1965,11.96,5.8604,0.0,1
Washington,Paper,Xerox 1965,11.96,5.8604,0.0,1
California,Paper,Xerox 1903,11.96,5.8604,0.0,1
North Carolina,Supplies,Acme Forged Steel Scissors with Black Enamel Handles,52.136,5.8653,0.2,1
Maryland,Binders,Acco Expandable Hanging Binders,12.76,5.8696,0.0,1
Michigan,Binders,Acco Expandable Hanging Binders,12.76,5.8696,0.0,1
Arizona,Appliances,"Fellowes Premier Superior Surge Suppressor, 10-Outlet, With Phone and Remote",78.272,5.8704,0.2,1
Wisconsin,Storage,X-Rack File for Hanging Folders,22.58,5.8708,0.0,1
Michigan,Storage,"Tennsco Lockers, Gray",83.92,5.8744,0.0,1
Delaware,Furnishings,36X48 HARDFLOOR CHAIRMAT,83.92,5.8744,0.0,1
Texas,Art,Bulldog Vacuum Base Pencil Sharpener,67.144,5.8751,0.2,1
Wisconsin,Supplies,Acme Stainless Steel Office Snips,21.81,5.8887,0.0,1
Kentucky,Binders,GBC ProClick Spines for 32-Hole Punch,12.53,5.8891,0.0,1
New York,Storage,"Belkin 19"" Center-Weighted Shelf, Gray",117.96,5.898,0.0,1
Pennsylvania,Paper,"Adams Write n' Stick Phone Message Book, 11"" X 5 1/4"", 200 Messages",18.176,5.9072,0.2,1
Washington,Labels,Avery 481,12.32,5.9136,0.0,1
California,Art,Nontoxic Chalk,12.32,5.913600000000001,0.0,2
Colorado,Supplies,"Elite 5"" Scissors",47.32,5.915,0.2,1
California,Art,Rogers Handheld Barrel Pencil Sharpener,21.92,5.9184,0.0,1
North Carolina,Storage,"Tenex Personal Self-Stacking Standard File Box, Black/Gray",67.64,5.9185,0.2,1
Pennsylvania,Labels,Avery 486,17.544,5.9211,0.2,1
North Carolina,Labels,Self-Adhesive Address Labels for Typewriters by Universal,17.544,5.9211,0.2,1
Tennessee,Furnishings,"Eldon Image Series Desk Accessories, Ebony",19.76,5.928,0.2,1
California,Art,"Binney & Smith Crayola Metallic Crayons, 16-Color Pack",13.48,5.9312,0.0,1
New York,Furnishings,Dax Clear Box Frame,17.46,5.9364,0.0,1
North Carolina,Paper,Xerox 1991,18.272,5.9384,0.2,1
Washington,Art,"Boston 1827 Commercial Additional Cutter, Drive Gear & Gear Rack for 1606",19.83,5.949,0.0,1
North Carolina,Art,Newell 319,47.616,5.952,0.2,1
Arizona,Storage,Eldon File Chest Portable File,79.4,5.955,0.2,1
Ohio,Art,Zebra Zazzle Fluorescent Highlighters,34.048,5.958399999999999,0.2,2
Washington,Binders,Binder Posts,18.368,5.9696,0.2,1
California,Paper,Unpadded Memo Slips,11.94,5.97,0.0,1
Pennsylvania,Storage,Eldon Simplefile Box Office,59.712,5.9712,0.2,1
Pennsylvania,Paper,Xerox 1947,19.136,5.98,0.2,1
Tennessee,Labels,Avery 507,18.432,5.9904,0.2,1
Texas,Storage,Super Decoflex Portable Personal File,59.92,5.992,0.2,2
Pennsylvania,Furnishings,Tensor Track Tree Floor Lamp,159.92000000000002,5.997,0.2,2
Illinois,Phones,OtterBox Defender Series Case - Samsung Galaxy S4,47.984,5.998,0.2,1
Texas,Fasteners,Advantus T-Pin Paper Clips,25.256,5.9983,0.2,2
Wisconsin,Phones,Anker Astro 15000mAh USB Portable Charger,149.97,5.9988,0.0,1
Virginia,Phones,Anker Astro 15000mAh USB Portable Charger,149.97,5.9988,0.0,1
Illinois,Phones,JBL Micro Wireless Portable Bluetooth Speaker,95.984,5.999,0.2,1
New York,Labels,Avery 494,13.05,6.003,0.0,1
Connecticut,Labels,Permanent Self-Adhesive File Folder Labels for Typewriters by Universal,13.05,6.003,0.0,1
North Carolina,Art,Deluxe Chalkboard Eraser Cleaner,18.48,6.006,0.2,1
Washington,Accessories,AmazonBasics 3-Button USB Wired Mouse,13.98,6.0114,0.0,1
New York,Art,Faber Castell Col-Erase Pencils,14.67,6.0147,0.0,1
New York,Paper,Southworth Parchment Paper & Envelopes,13.08,6.0168,0.0,1
Alabama,Paper,Southworth Parchment Paper & Envelopes,13.08,6.0168,0.0,1
New York,Binders,"Acco PRESSTEX Data Binder with Storage Hooks, Light Blue, 9 1/2"" X 11""",17.216,6.0256,0.2,1
Washington,Storage,Rogers Profile Extra Capacity Storage Tub,150.66,6.0264,0.0,2
Minnesota,Furnishings,Eldon 200 Class Desk Accessories,18.84,6.0288,0.0,1
Washington,Binders,"Fellowes Twister Kit, Gray/Clear, 3/pkg",19.296,6.03,0.2,1
California,Binders,"GBC Standard Recycled Report Covers, Clear Plastic Sheets",17.248,6.0368,0.2,1
Florida,Furnishings,"Howard Miller 11-1/2"" Diameter Grantwood Wall Clock",34.504,6.0382,0.2,1
Florida,Furnishings,DAX Wood Document Frame.,43.936,6.0412,0.2,1
Texas,Storage,"Companion Letter/Legal File, Black",60.416,6.0416,0.2,1
Illinois,Storage,"Companion Letter/Legal File, Black",60.416,6.0416,0.2,1
Ohio,Appliances,Acco 6 Outlet Guardian Standard Surge Suppressor,48.36,6.045,0.2,1
Texas,Paper,"Memo Book, 100 Message Capacity, 5 3/8 x 11",16.176,6.066,0.2,1
Kentucky,Furnishings,"Eldon Expressions Wood and Plastic Desk Accessories, Cherry Wood",20.94,6.0726,0.0,1
New York,Furnishings,"Eldon Expressions Wood and Plastic Desk Accessories, Cherry Wood",20.94,6.0726,0.0,1
Florida,Chairs,"Global Value Steno Chair, Gray",97.184,6.074,0.2,1
California,Furnishings,Acrylic Self-Standing Desk Frames,16.02,6.0876,0.0,1
California,Storage,Carina Media Storage Towers in Natural & Black,304.9,6.098,0.0,1
New York,Storage,"Perma STOR-ALL Hanging File Box, 13 1/8""W x 12 1/4""D x 10 1/2""H",35.88,6.0996,0.0,2
Delaware,Phones,"LF Elite 3D Dazzle Designer Hard Case Cover, Lf Stylus Pen and Wiper For Apple Iphone 5c Mini Lite",21.8,6.104,0.0,1
Virginia,Phones,"LF Elite 3D Dazzle Designer Hard Case Cover, Lf Stylus Pen and Wiper For Apple Iphone 5c Mini Lite",21.8,6.104,0.0,1
California,Phones,Grandstream GXP2100 Mainstream Business Phone,61.192,6.1192,0.2,1
Texas,Phones,Lunatik TT5L-002 Taktik Strike Impact Protection System for iPhone 5,97.968,6.123,0.2,1
Virginia,Paper,"Ampad Poly Cover Wirebound Steno Book, 6"" x 9"" Assorted Colors, Gregg Ruled",13.62,6.129,0.0,1
Texas,Art,Fluorescent Highlighters by Dixon,35.024,6.1292,0.2,2
Oklahoma,Supplies,Fiskars Softgrip Scissors,21.96,6.1488,0.0,1
New York,Art,Boston Home & Office Model 2000 Electric Pencil Sharpeners,23.65,6.149,0.0,1
Massachusetts,Binders,"Avery Triangle Shaped Sheet Lifters, Black, 2/Pack",12.3,6.15,0.0,1
California,Accessories,"Verbatim 25 GB 6x Blu-ray Single Layer Recordable Disc, 3/Pack",13.98,6.1512,0.0,1
New York,Binders,Durable Pressboard Binders,18.24,6.156,0.2,1
California,Appliances,"Hoover Replacement Belts For Soft Guard & Commercial Ltweight Upright Vacs, 2/Pk",23.700000000000003,6.161999999999999,0.0,2
Pennsylvania,Paper,"Wirebound Message Books, Two 4 1/4"" x 5"" Forms per Page",18.264,6.1641,0.2,1
New York,Accessories,KeyTronic KT400U2 - Keyboard - Black,30.84,6.168,0.0,1
Michigan,Furnishings,"DAX Cubicle Frames, 8-1/2 x 11",17.14,6.1704,0.0,1
California,Paper,"Important Message Pads, 50 4-1/4 x 5-1/2 Forms per Pad",12.6,6.174,0.0,1
Illinois,Fasteners,"Vinyl Coated Wire Paper Clips in Organizer Box, 800/Box",18.368,6.1992,0.2,1
Washington,Art,Zebra Zazzle Fluorescent Highlighters,18.24,6.2016,0.0,1
Indiana,Art,Newell 341,21.4,6.206,0.0,1
Connecticut,Art,Newell 341,21.4,6.206,0.0,1
Texas,Supplies,"Fiskars 8"" Scissors, 2/Pack",55.168,6.2064,0.2,1
Florida,Furnishings,3M Hangers With Command Adhesive,23.68,6.216,0.2,1
California,Binders,Avery Hanging File Binders,19.136,6.2192,0.2,2
Washington,Paper,Xerox 228,12.96,6.2208,0.0,1
Minnesota,Paper,Xerox 1999,12.96,6.2208,0.0,1
Arkansas,Paper,Xerox 230,12.96,6.2208,0.0,1
Michigan,Paper,Xerox 1995,12.96,6.2208,0.0,1
Washington,Paper,Xerox 218,12.96,6.2208,0.0,1
California,Paper,Xerox 1997,12.96,6.2208,0.0,1
Washington,Paper,Xerox 1999,12.96,6.2208,0.0,1
Oklahoma,Paper,Xerox 1999,12.96,6.2208,0.0,1
South Carolina,Paper,Xerox 210,12.96,6.2208,0.0,1
Washington,Paper,Xerox 227,12.96,6.2208,0.0,1
Michigan,Paper,Xerox 1946,12.96,6.2208,0.0,1
Arkansas,Paper,Xerox 225,12.96,6.2208,0.0,1
California,Paper,Xerox 218,12.96,6.2208,0.0,1
California,Paper,Xerox 227,12.96,6.2208,0.0,1
Iowa,Paper,Xerox 1997,12.96,6.2208,0.0,1
Oklahoma,Paper,Xerox 2000,12.96,6.2208,0.0,1
New York,Paper,Xerox 214,12.96,6.2208,0.0,1
Rhode Island,Paper,Xerox 1958,12.96,6.2208,0.0,1
Georgia,Paper,Xerox 2,12.96,6.2208,0.0,1
California,Paper,Xerox 200,12.96,6.2208,0.0,1
Georgia,Paper,Xerox 219,12.96,6.2208,0.0,1
Rhode Island,Paper,Xerox 213,12.96,6.2208,0.0,1
Utah,Paper,Xerox 226,12.96,6.2208,0.0,1
New York,Paper,Xerox 23,12.96,6.2208,0.0,1
Virginia,Paper,Xerox 1999,12.96,6.2208,0.0,1
Louisiana,Paper,Xerox 218,12.96,6.2208,0.0,1
New York,Paper,Xerox 202,12.96,6.2208,0.0,1
Massachusetts,Furnishings,"C-Line Magnetic Cubicle Keepers, Clear Polypropylene",14.82,6.2244,0.0,1
Texas,Art,Panasonic KP-350BK Electric Pencil Sharpener with Auto Stop,55.328,6.2244,0.2,1
Kansas,Paper,Strathmore Photo Mount Cards,13.56,6.2376,0.0,1
Georgia,Furnishings,Eldon Expressions Mahogany Wood Desk Collection,24.96,6.24,0.0,1
Ohio,Labels,Avery 512,18.496,6.2424,0.2,1
Pennsylvania,Supplies,"Acme Hot Forged Carbon Steel Scissors with Nickel-Plated Handles, 3 7/8"" Cut, 8""L",55.6,6.255,0.2,1
Texas,Paper,Southworth 25% Cotton Antique Laid Paper & Envelopes,20.016,6.255,0.2,1
Texas,Paper,"Geographics Note Cards, Blank, White, 8 1/2"" x 11""",17.904,6.2664,0.2,1
Illinois,Envelopes,Staple envelope,16.752000000000002,6.282,0.2,2
North Carolina,Furnishings,"GE General Purpose, Extra Long Life, Showcase & Floodlight Incandescent Bulbs",18.624,6.2856,0.2,1
Ohio,Furnishings,Advantus Panel Wall Acrylic Frame,21.88,6.2905,0.2,1
Arizona,Storage,Eldon Fold 'N Roll Cart System,55.92,6.291,0.2,1
Ohio,Storage,Eldon Fold 'N Roll Cart System,55.92,6.291,0.2,1
Utah,Phones,PayAnywhere Card Reader,71.928,6.2937,0.2,1
California,Accessories,Belkin F8E887 USB Wired Ergonomic Keyboard,29.99,6.2979,0.0,1
Texas,Phones,Xblue XB-1670-86 X16 Small Office Telephone - Titanium,100.792,6.2995,0.2,1
Virginia,Storage,Space Solutions Industrial Galvanized Steel Shelving.,315.2,6.304,0.0,1
New York,Art,Avery Hi-Liter Smear-Safe Highlighters,17.52,6.3072,0.0,1
Kentucky,Paper,"Adams Phone Message Book, 200 Message Capacity, 8 1/16 x 11",13.76,6.3296,0.0,1
Michigan,Paper,"Adams Phone Message Book, 200 Message Capacity, 8 1/16 x 11",13.76,6.3296,0.0,1
Washington,Binders,Zipper Ring Binder Pockets,17.472,6.3336,0.2,2
New York,Binders,Wilson Jones Active Use Binders,17.472,6.3336,0.2,1
New York,Paper,Xerox 1975,12.96,6.3504,0.0,1
Mississippi,Paper,Xerox 1957,12.96,6.3504,0.0,1
New York,Paper,Xerox 1993,12.96,6.3504,0.0,1
Louisiana,Paper,Xerox 1966,12.96,6.3504,0.0,1
Washington,Paper,Xerox 1984,12.96,6.3504,0.0,1
California,Art,Newell 332,23.52,6.3504,0.0,2
California,Art,Newell 338,23.52,6.3504000000000005,0.0,2
Texas,Storage,"SimpliFile Personal File, Black Granite, 15w x 6-15/16d x 11-1/4h",63.56,6.356,0.20000000000000004,3
Michigan,Binders,Storex DuraTech Recycled Plastic Frosted Binders,12.72,6.36,0.0,1
North Carolina,Furnishings,"Executive Impressions 12"" Wall Clock",28.272,6.3612,0.2,1
California,Accessories,Imation USB 2.0 Swivel Flash Drive USB flash drive - 4 GB - Pink,30.3,6.363,0.0,2
Texas,Envelopes,"Manila Recycled Extra-Heavyweight Clasp Envelopes, 6"" x 9""",17.568,6.3684,0.2,1
California,Binders,GBC Imprintable Covers,17.568,6.3684,0.2,1
Tennessee,Storage,Portfile Personal File Boxes,84.96,6.372,0.2,1
Kentucky,Furnishings,G.E. Longer-Life Indoor Recessed Floodlight Bulbs,13.28,6.3744,0.0,1
New York,Furnishings,G.E. Longer-Life Indoor Recessed Floodlight Bulbs,13.28,6.3744,0.0,1
California,Tables,Bush Advantage Collection Round Conference Table,510.24,6.378,0.2,1
Pennsylvania,Furnishings,12-1/2 Diameter Round Wall Clock,31.968,6.3936,0.2,1
California,Chairs,SAFCO Optional Arm Kit for Workspace Cribbage Stacking Chair,63.936,6.3936,0.2,1
New York,Binders,Newell 3-Hole Punched Plastic Slotted Magazine Holders for Binders,18.28,6.398,0.2,1
Connecticut,Paper,Xerox 1959,13.36,6.4128,0.0,1
California,Paper,Xerox 1959,13.36,6.4128,0.0,1
New York,Paper,Xerox 1898,13.36,6.4128,0.0,1
Virginia,Paper,Xerox 1898,13.36,6.4128,0.0,1
New York,Paper,Xerox 1977,13.36,6.4128,0.0,1
California,Paper,Xerox 1986,13.36,6.4128,0.0,1
Pennsylvania,Furnishings,"Linden 10"" Round Wall Clock, Black",36.672,6.4176,0.2,1
Pennsylvania,Paper,Xerox 1927,20.544,6.42,0.2,1
Illinois,Paper,Xerox 1927,20.544,6.42,0.2,1
New York,Fasteners,OIC Bulk Pack Metal Binder Clips,13.96,6.4216,0.0,1
Ohio,Art,Newell 312,51.391999999999996,6.4239999999999995,0.2,2
Texas,Art,Newell 312,51.392,6.424,0.2,2
Texas,Accessories,AmazonBasics 3-Button USB Wired Mouse,22.368,6.4308,0.2,1
Delaware,Furnishings,Electrix 20W Halogen Replacement Bulb for Zoom-In Desk Lamp,13.4,6.432,0.0,1
Washington,Art,Dixon Ticonderoga Pencils,23.84,6.4368,0.0,1
Illinois,Labels,Avery 476,19.824,6.4428,0.2,1
Georgia,Art,"Stride Job 150 Highlighters, Chisel Tip, Assorted Colors",17.94,6.4584,0.0,1
New York,Storage,Space Solutions Commercial Steel Shelving,129.3,6.465,0.0,1
Minnesota,Storage,Space Solutions Commercial Steel Shelving,129.3,6.465,0.0,1
Minnesota,Binders,GBC Instant Report Kit,12.94,6.47,0.0,1
California,Binders,GBC Binding covers,20.72,6.475,0.2,1
Florida,Chairs,"Padded Folding Chairs, Black, 4/Carton",64.784,6.4784,0.2,1
North Carolina,Appliances,Fellowes Mighty 8 Compact Surge Protector,64.864,6.4864,0.2,1
Oregon,Appliances,Fellowes Mighty 8 Compact Surge Protector,64.864,6.4864,0.2,1
Maryland,Supplies,Acme Elite Stainless Steel Scissors,25.02,6.5052,0.0,1
Massachusetts,Art,"Avery Hi-Liter EverBold Pen Style Fluorescent Highlighters, 4/Pack",16.28,6.512,0.0,1
Indiana,Art,"Avery Hi-Liter EverBold Pen Style Fluorescent Highlighters, 4/Pack",16.28,6.512,0.0,1
Florida,Appliances,"Holmes Replacement Filter for HEPA Air Cleaner, Large Room",23.696,6.5164,0.2,1
Pennsylvania,Appliances,"Holmes Replacement Filter for HEPA Air Cleaner, Large Room",23.696,6.5164,0.2,1
South Carolina,Binders,"Wilson Jones Hanging View Binder, White, 1""",14.2,6.532,0.0,1
Virginia,Fasteners,Staples,15.1,6.5324,0.0,2
North Carolina,Appliances,Holmes HEPA Air Purifier,34.848,6.534,0.2,1
Pennsylvania,Appliances,Holmes HEPA Air Purifier,34.848,6.534,0.2,1
Arizona,Storage,"Mini 13-1/2 Capacity Data Binder Rack, Pearl",104.696,6.5435,0.2,1
New Hampshire,Furnishings,"Master Big Foot Doorstop, Beige",21.12,6.5472,0.0,1
California,Bookcases,Bush Somerset Collection Bookcase,556.665,6.549,0.15,1
Illinois,Labels,Avery 51,20.16,6.552,0.2,1
Oregon,Art,Peel-Off China Markers,23.832,6.5538,0.2,1
New York,Art,4009 Highlighters by Sanford,19.9,6.567,0.0,1
New Jersey,Binders,Avery Premier Heavy-Duty Binder with Round Locking Rings,14.28,6.5688,0.0,1
Delaware,Furnishings,Stacking Trays by OIC,19.92,6.5736,0.0,1
Missouri,Binders,Newell 3-Hole Punched Plastic Slotted Magazine Holders for Binders,13.71,6.5808,0.0,1
Tennessee,Furnishings,DAX Wood Document Frame,32.952,6.5904,0.2,1
New Jersey,Appliances,"Bravo II Megaboss 12-Amp Hard Body Upright, Replacement Belts, 2 Belts per Pack",22.75,6.5975,0.0,1
Texas,Paper,Xerox 1990,21.12,6.6,0.2,1
Arizona,Art,Boston 16801 Nautilus Battery Pencil Sharpener,88.04,6.603,0.2,1
New York,Art,Prang Colored Pencils,14.7,6.615,0.0,1
Maryland,Art,Prang Colored Pencils,14.7,6.615,0.0,1
Oregon,Paper,"Wirebound Message Forms, Four 2 3/4 x 5 Forms per Page, Pink Paper",19.608,6.6177,0.2,1
Virginia,Labels,Avery 492,14.4,6.624,0.0,1
Utah,Accessories,Imation 30456 USB Flash Drive 8GB,82.8,6.624,0.0,1
Washington,Binders,"Acco Pressboard Covers with Storage Hooks, 14 7/8"" x 11"", Dark Blue",18.288,6.6294,0.2,1
Kentucky,Supplies,Acme Titanium Bonded Scissors,25.5,6.63,0.0,1
South Dakota,Supplies,Acme Titanium Bonded Scissors,25.5,6.63,0.0,1
Texas,Paper,Xerox 1881,19.648,6.6312,0.2,1
California,Art,Turquoise Lead Holder with Pocket Clip,20.1,6.633,0.0,1
Idaho,Binders,Avery Heavy-Duty EZD View Binder with Locking Rings,20.416,6.6352,0.2,1
New York,Storage,Safco Industrial Shelving,221.55,6.6465,0.0,1
Tennessee,Envelopes,"#10- 4 1/8"" x 9 1/2"" Security-Tint Envelopes",18.336,6.6468,0.2,1
California,Art,Newell 35,22.959999999999997,6.6584,0.0,3
Virginia,Art,Newell 321,22.96,6.6584,0.0,1
Virginia,Art,Newell 349,22.96,6.6584,0.0,1
Arkansas,Art,Newell 351,22.96,6.6584,0.0,1
Washington,Storage,Eldon Gobal File Keepers,166.54,6.6616,0.0,2
Kentucky,Fasteners,"Acco Clips to Go Binder Clips, 24 Clips in Two Sizes",14.2,6.674,0.0,1
Ohio,Fasteners,Advantus SlideClip Paper Clips,19.096,6.6836,0.2,1
Massachusetts,Supplies,Acme Office Executive Series Stainless Steel Trimmers,25.71,6.6846,0.0,1
California,Phones,I Need's 3d Hello Kitty Hybrid Silicone Case Cover for HTC One X 4g with 3d Hello Kitty Stylus Pen Green/pink,66.976,6.6976,0.2,1
Indiana,Phones,I Need's 3d Hello Kitty Hybrid Silicone Case Cover for HTC One X 4g with 3d Hello Kitty Stylus Pen Green/pink,23.92,6.6976,0.0,1
Tennessee,Appliances,Staple holder,76.608,6.7032,0.2,1
New Mexico,Phones,"iKross Bluetooth Portable Keyboard + Cell Phone Stand Holder + Brush for Apple iPhone 5S 5C 5, 4S 4",67.04,6.704,0.2,1
Illinois,Paper,Xerox 1899,18.496,6.7048,0.2,1
Arizona,Paper,Xerox 1899,18.496,6.7048,0.2,1
Pennsylvania,Paper,Xerox 196,18.496,6.7048,0.2,1
Michigan,Storage,Fellowes Desktop Hanging File Manager,26.86,6.715,0.0,1
Texas,Phones,Apple EarPods with Remote and Mic,67.176,6.7176,0.2,1
New York,Appliances,Hoover Portapower Portable Vacuum,26.88,6.72,0.0,1
Arizona,Paper,Xerox 1970,19.92,6.723,0.2,1
Georgia,Binders,Acco Translucent Poly Ring Binders,14.04,6.7392,0.0,1
New York,Paper,"Memo Book, 100 Message Capacity, 5 3/8 x 11",13.48,6.74,0.0,1
Oregon,Accessories,Memorex Froggy Flash Drive 8 GB,28.4,6.745,0.2,1
Michigan,Binders,UniKeep View Case Binders,14.67,6.7482,0.0,1
Texas,Storage,Staple magnet,67.536,6.7536,0.2,1
Missouri,Accessories,Imation Clip USB flash drive - 8 GB,112.8,6.768,0.0,1
Tennessee,Art,Stanley Bostitch Contemporary Electric Pencil Sharpeners,67.92,6.792,0.2,1
Ohio,Paper,Southworth 25% Cotton Linen-Finish Paper & Envelopes,21.744,6.795,0.2,1
Minnesota,Accessories,Logitech LS21 Speaker System - PC Multimedia - 2.1-CH - Wired,19.99,6.7966,0.0,1
Washington,Accessories,Logitech LS21 Speaker System - PC Multimedia - 2.1-CH - Wired,19.99,6.7966,0.0,1
Tennessee,Phones,Nortel Networks T7316 E Nt8 B27,108.784,6.799,0.2,1
Pennsylvania,Furnishings,"Eldon Expressions Punched Metal & Wood Desk Accessories, Pewter & Cherry",68.096,6.8096,0.2,2
North Carolina,Art,Zebra Zazzle Fluorescent Highlighters,38.912,6.8096,0.2,2
Texas,Paper,"Message Book, Phone, Wirebound Standard Line Memo, 2 3/4"" X 5""",20.96,6.812,0.2,1
Texas,Art,Sanford Liquid Accent Highlighters,32.064,6.8136,0.2,1
California,Binders,Presstex Flexible Ring Binders,18.2,6.824999999999999,0.2,2
Pennsylvania,Furnishings,Hand-Finished Solid Wood Document Frame,54.768,6.846,0.2,1
Iowa,Binders,"Acco Pressboard Covers with Storage Hooks, 14 7/8"" x 11"", Executive Red",15.24,6.858,0.0,1
South Carolina,Binders,"Angle-D Binders with Locking Rings, Label Holders",14.6,6.862,0.0,1
Connecticut,Labels,Avery 519,14.62,6.8714,0.0,1
Washington,Labels,Avery 486,14.62,6.8714,0.0,1
Oklahoma,Labels,Avery 519,14.62,6.8714,0.0,1
South Dakota,Labels,Avery 486,14.62,6.8714,0.0,1
Montana,Labels,Avery 500,14.62,6.8714,0.0,1
Mississippi,Labels,Avery 516,14.62,6.8714,0.0,1
California,Labels,Avery 486,14.62,6.8714,0.0,1
Nevada,Labels,Avery 483,14.94,6.8724,0.0,1
Minnesota,Labels,Avery 513,14.94,6.8724,0.0,1
Alabama,Labels,Avery 499,14.94,6.8724,0.0,1
Missouri,Labels,Avery 483,14.94,6.8724,0.0,1
California,Labels,Avery 513,14.940000000000001,6.8724,0.0,2
Delaware,Labels,Avery White Multi-Purpose Labels,14.94,6.8724,0.0,1
Indiana,Storage,Recycled Eldon Regeneration Jumbo File,24.56,6.8768,0.0,1
Minnesota,Storage,Recycled Eldon Regeneration Jumbo File,24.56,6.8768,0.0,1
Washington,Binders,Pressboard Hanging Data Binders for Unburst Sheets,19.68,6.888,0.2,1
Arizona,Paper,Things To Do Today Spiral Book,19.008,6.8904,0.2,1
New York,Furnishings,"GE 4 Foot Flourescent Tube, 40 Watt",14.98,6.8908,0.0,1
Washington,Appliances,Belkin F5C206VTEL 6 Outlet Surge,22.98,6.894,0.0,1
Indiana,Furnishings,"Master Caster Door Stop, Brown",20.32,6.9088,0.0,1
Georgia,Furnishings,"Master Caster Door Stop, Gray",20.32,6.9088,0.0,1
California,Binders,Wilson Jones data.warehouse D-Ring Binders with DublLock,19.752,6.9132,0.2,1
Massachusetts,Binders,"Pressboard Covers with Storage Hooks, 9 1/2"" x 11"", Light Blue",14.73,6.9231,0.0,1
Virginia,Accessories,"Verbatim Slim CD and DVD Storage Cases, 50/Pack",23.08,6.924,0.0,1
Washington,Art,Newell 309,23.1,6.93,0.0,1
Illinois,Paper,Xerox 1903,19.136,6.9368,0.2,1
Massachusetts,Labels,Avery 52,14.76,6.9372,0.0,1
Alabama,Art,Newell 31,24.78,6.9384,0.0,1
Mississippi,Binders,DXL Angle-View Binders with Locking Rings by Samsill,15.42,6.939,0.0,1
Illinois,Phones,QVS USB Car Charger 2-Port 2.1Amp for iPod/iPhone/iPad/iPad 2/iPad 3,22.24,6.95,0.2,2
California,Art,BIC Brite Liner Highlighters,16.56,6.9552,0.0,1
New Hampshire,Fasteners,Staples,14.82,6.9654,0.0,1
New York,Storage,Eldon Simplefile Box Office,24.88,6.9664,0.0,1
Washington,Binders,Cardinal Holdit Business Card Pockets,19.92,6.972,0.2,1
Virginia,Art,Newell 314,27.9,6.975,0.0,1
Tennessee,Storage,"Tenex Personal Filing Tote With Secure Closure Lid, Black/Frost",111.672,6.9795,0.2,1
Texas,Storage,"Tenex Personal Filing Tote With Secure Closure Lid, Black/Frost",111.672,6.9795,0.2,1
Pennsylvania,Accessories,"Maxell Pro 80 Minute CD-R, 10/Pack",27.968,6.992,0.2,1
Tennessee,Phones,iHome FM Clock Radio with Lightning Dock,111.984,6.999,0.2,1
Nebraska,Furnishings,Staple-based wall hangings,15.92,7.0048,0.0,1
Colorado,Envelopes,Staple envelope,18.688,7.008,0.2,1
Colorado,Furnishings,Staple-based wall hangings,23.376,7.0128,0.2,1
California,Envelopes,"White Envelopes, White Envelopes with Clear Poly Window",15.25,7.015,0.0,1
California,Paper,Xerox 1970,14.94,7.0218,0.0,1
Rhode Island,Paper,Xerox 1970,14.94,7.0218,0.0,1
Oklahoma,Paper,Xerox 1952,14.94,7.0218,0.0,1
Kentucky,Paper,Xerox 198,14.94,7.0218,0.0,1
Massachusetts,Paper,Xerox 1970,14.94,7.0218,0.0,1
New York,Art,"Binney & Smith inkTank Erasable Pocket Highlighter, Chisel Tip, Yellow",15.96,7.0224,0.0,1
Pennsylvania,Labels,Staple-on labels,20.808,7.0227,0.2,1
Pennsylvania,Paper,Strathmore Photo Mount Cards,21.696,7.0512,0.2,1
California,Art,"Sanford Colorific Eraseable Coloring Pencils, 12 Count",16.4,7.052,0.0,1
New York,Labels,Avery 514,14.4,7.056,0.0,1
Nebraska,Labels,Avery 49,14.4,7.056,0.0,1
New Jersey,Labels,Avery 514,14.4,7.056,0.0,1
Utah,Labels,Avery 514,14.4,7.056,0.0,1
Texas,Envelopes,Quality Park Security Envelopes,20.936,7.0659,0.2,1
Arizona,Furnishings,Eldon Wave Desk Accessories,23.56,7.068,0.2,1
New Jersey,Binders,Tuff Stuff Recycled Round Ring Binders,14.46,7.0854,0.0,1
North Dakota,Art,"Binney & Smith inkTank Desk Highlighter, Chisel Tip, Yellow, 12/Box",21.5,7.095,0.0,1
Virginia,Furnishings,Acrylic Self-Standing Desk Frames,18.69,7.1022,0.0,1
California,Furnishings,"Executive Impressions 13-1/2"" Indoor/Outdoor Wall Clock",18.7,7.106,0.0,1
Colorado,Furnishings,"DAX Charcoal/Nickel-Tone Document Frame, 5 x 7",22.752,7.11,0.2,1
Washington,Chairs,Hon 4700 Series Mobuis Mid-Back Task Chairs with Adjustable Arms,569.568,7.1196,0.2,1
Georgia,Paper,Xerox 1990,15.84,7.128,0.0,1
Michigan,Paper,Xerox 4200 Series MultiUse Premium Copy Paper (20Lb. and 84 Bright),15.84,7.128,0.0,1
Virginia,Binders,Wilson Jones Standard D-Ring Binders,15.18,7.1346,0.0,1
Tennessee,Appliances,Eureka The Boss Cordless Rechargeable Stick Vac,81.568,7.1372,0.2,1
California,Paper,Rediform Voice Mail Log Books,14.9,7.152,0.0,1
Kansas,Supplies,Compact Automatic Electric Letter Opener,357.93,7.1586,0.0,1
Georgia,Furnishings,"Eldon 200 Class Desk Accessories, Black",18.84,7.1592,0.0,1
Arkansas,Art,Newell 327,26.52,7.1604,0.0,2
Georgia,Paper,"RSVP Cards & Envelopes, Blank White, 8-1/2"" X 11"", 24 Cards/25 Envelopes/Set",15.24,7.1628,0.0,1
Virginia,Binders,Cardinal Holdit Business Card Pockets,14.94,7.1712,0.0,1
California,Phones,Cisco SPA525G2 IP Phone - Wireless,95.76,7.182,0.2,1
Washington,Storage,Fellowes Officeware Wire Shelving,359.32,7.1864,0.0,1
Tennessee,Art,Model L Table or Wall-Mount Pencil Sharpener,71.96,7.196,0.2,1
California,Phones,Nokia Lumia 521 (T-Mobile),71.976,7.1976,0.2,1
Florida,Accessories,Kensington Orbit Wireless Mobile Trackball for PC and Mac,47.992,7.1988,0.2,1
Virginia,Labels,Avery 480,15.0,7.2,0.0,1
Maryland,Labels,Avery 509,15.66,7.2036,0.0,1
Washington,Binders,Pressboard Data Binders by Wilson Jones,21.36,7.209,0.2,1
New York,Supplies,Premier Automatic Letter Opener,240.37,7.2111,0.0,1
Pennsylvania,Furnishings,OIC Stacking Trays,24.048,7.2144,0.2,1
California,Labels,Avery 478,14.73,7.2177,0.0,1
Georgia,Labels,Avery 493,14.73,7.2177,0.0,1
California,Labels,Avery 508,14.73,7.2177,0.0,1
Washington,Furnishings,DAX Solid Wood Frames,19.54,7.2298,0.0,1
North Carolina,Paper,Easy-staple paper,22.224,7.2438,0.2,2
Louisiana,Accessories,HP Standard 104 key PS/2 Keyboard,29.0,7.25,0.0,1
Alabama,Accessories,HP Standard 104 key PS/2 Keyboard,29.0,7.25,0.0,1
Missouri,Appliances,Acco 6 Outlet Guardian Standard Surge Suppressor,24.18,7.254,0.0,1
Florida,Paper,Xerox 221,20.736,7.2576,0.2,1
Colorado,Paper,Xerox 225,20.736,7.2576,0.2,1
Oregon,Paper,Xerox 225,20.736,7.2576,0.2,1
Florida,Paper,Xerox 227,20.736,7.2576,0.2,1
Tennessee,Paper,Xerox 1996,20.736,7.2576,0.2,1
Pennsylvania,Paper,Xerox 1997,20.736,7.2576,0.2,1
Texas,Paper,Xerox 205,20.736,7.2576,0.2,1
Texas,Paper,Xerox 207,20.736,7.2576,0.2,1
Florida,Paper,Xerox 2000,20.736,7.2576,0.2,1
Pennsylvania,Paper,Xerox 1946,20.736,7.2576,0.2,1
Arizona,Paper,Xerox 1976,20.736,7.2576,0.2,1
Illinois,Paper,Xerox 217,20.736,7.2576,0.2,1
Texas,Paper,Xerox 230,20.736,7.2576,0.2,1
Texas,Paper,Xerox 221,20.736,7.2576,0.2,1
Ohio,Paper,Xerox 226,20.736,7.2576,0.2,1
Tennessee,Paper,Xerox 21,20.736,7.2576,0.2,1
Ohio,Fasteners,OIC Bulk Pack Metal Binder Clips,22.336,7.2592,0.2,2
Texas,Accessories,SanDisk Cruzer 64 GB USB Flash Drive,58.112,7.264,0.2,1
Ohio,Accessories,SanDisk Cruzer 64 GB USB Flash Drive,58.112,7.264,0.2,1
Ohio,Furnishings,Contemporary Wood/Metal Frame,38.784,7.272,0.2,1
Washington,Art,Boston 1799 Powerhouse Electric Pencil Sharpener,25.98,7.2744,0.0,1
Florida,Furnishings,"Seth Thomas 8 1/2"" Cubicle Clock",48.672,7.3008,0.2,1
Pennsylvania,Furnishings,"Career Cubicle Clock, 8 1/4"", Black",32.448,7.3008,0.2,1
California,Storage,Acco Perma 4000 Stacking Storage Drawers,48.72,7.308,0.0,1
Indiana,Paper,Hammermill CopyPlus Copy Paper (20Lb. and 84 Bright),14.94,7.3206,0.0,1
North Carolina,Fasteners,Staples,26.456,7.327500000000001,0.2,2
Connecticut,Phones,"Belkin SportFit Armband For iPhone 5s/5c, Fuchsia",14.99,7.3451,0.0,1
Delaware,Accessories,"Perixx PERIBOARD-512B, Ergonomic Split Keyboard",104.97,7.3479,0.0,1
California,Furnishings,"Westinghouse Mesh Shade Clip-On Gooseneck Lamp, Black",28.28,7.3528,0.0,1
New York,Art,"Crayola Anti Dust Chalk, 12/Pack",16.38,7.371,0.0,1
Mississippi,Furnishings,C-Line Cubicle Keepers Polyproplyene Holder With Velcro Backings,18.92,7.3788,0.0,1
New York,Binders,Canvas Sectional Post Binders,20.368,7.3834,0.2,1
California,Supplies,"Acme Design Line 8"" Stainless Steel Bent Scissors w/Champagne Handles, 3-1/8"" Cut",27.36,7.3872,0.0,1
California,Labels,Smead Alpha-Z Color-Coded Second Alphabetical Labels and Starter Set,15.4,7.3919999999999995,0.0,2
Louisiana,Furnishings,Longer-Life Soft White Bulbs,15.4,7.392,0.0,1
Pennsylvania,Paper,"It's Hot Message Books with Stickers, 2 3/4"" x 5""",23.68,7.4,0.2,1
Texas,Paper,"It's Hot Message Books with Stickers, 2 3/4"" x 5""",23.68,7.4,0.2,1
New Jersey,Appliances,Fellowes Advanced Computer Series Surge Protectors,26.49,7.4172,0.0,1
Colorado,Envelopes,"Redi-Strip #10 Envelopes, 4 1/8 x 9 1/2",21.24,7.434,0.2,1
Ohio,Furnishings,G.E. Longer-Life Indoor Recessed Floodlight Bulbs,21.248,7.4368,0.2,1
California,Art,"Eberhard Faber 3 1/2"" Golf Pencils",29.76,7.44,0.0,2
Florida,Storage,Steel Personal Filing/Posting Tote,85.224,7.4571,0.2,1
Michigan,Chairs,SAFCO Optional Arm Kit for Workspace Cribbage Stacking Chair,26.64,7.4592,0.0,1
Illinois,Accessories,Kensington K72356US Mouse-in-a-Box USB Desktop Mouse,39.816,7.4655,0.2,1
Florida,Art,Avery Hi-Liter Smear-Safe Highlighters,37.376,7.4752,0.2,1
Michigan,Art,Stanley Contemporary Battery Pencil Sharpeners,26.7,7.476,0.0,1
Florida,Paper,Xerox 195,21.376,7.4816,0.2,1
Kentucky,Binders,"Avery Durable Slant Ring Binders, No Labels",15.92,7.4824,0.0,1
Michigan,Binders,"Avery Durable Slant Ring Binders, No Labels",15.92,7.4824,0.0,1
Georgia,Binders,"Avery Durable Slant Ring Binders, No Labels",15.92,7.4824,0.0,1
Michigan,Envelopes,Security-Tint Envelopes,15.28,7.4872,0.0,1
Georgia,Envelopes,Security-Tint Envelopes,15.28,7.4872,0.0,1
Ohio,Paper,Xerox 1921,23.976,7.4925,0.2,1
California,Phones,Panasonic KX T7736-B Digital phone,119.96,7.4975,0.2,1
Pennsylvania,Accessories,Plantronics Audio 478 Stereo USB Headset,39.992,7.4985,0.2,1
California,Art,Avery Hi-Liter Fluorescent Desk Style Markers,20.279999999999998,7.5036000000000005,0.0,2
Colorado,Furnishings,Electrix 20W Halogen Replacement Bulb for Zoom-In Desk Lamp,21.44,7.504,0.2,1
Ohio,Paper,"Wirebound Message Books, Four 2 3/4"" x 5"" Forms per Page, 600 Sets per Book",22.248,7.5087,0.2,1
Washington,Binders,Ibico Presentation Index for Binding Systems,22.288,7.5222,0.2,2
Maryland,Furnishings,"Eldon Image Series Desk Accessories, Burgundy",20.9,7.524,0.0,1
Nebraska,Appliances,Fellowes Basic Home/Office Series Surge Protectors,25.96,7.5284,0.0,1
New York,Art,"BOSTON Ranger #55 Pencil Sharpener, Black",25.99,7.5371,0.0,1
Michigan,Art,"BOSTON Ranger #55 Pencil Sharpener, Black",25.99,7.5371,0.0,1
Utah,Art,"BOSTON Ranger #55 Pencil Sharpener, Black",25.99,7.5371,0.0,1
Texas,Storage,"Tennsco Lockers, Sand",151.056,7.5528,0.2,1
Florida,Storage,"Decoflex Hanging Personal Folder File, Blue",86.352,7.5558,0.2,2
Georgia,Labels,Self-Adhesive Removable Labels,15.75,7.56,0.0,1
Utah,Labels,Self-Adhesive Removable Labels,15.75,7.56,0.0,1
California,Paper,Tops Wirebound Message Log Books,16.45,7.567,0.0,2
Delaware,Paper,Tops Wirebound Message Log Books,16.45,7.567,0.0,1
North Carolina,Storage,Project Tote Personal File,67.344,7.5762,0.2,1
Virginia,Art,Crayola Colored Pencils,22.96,7.5768,0.0,1
Wisconsin,Furnishings,"DAX Two-Tone Rosewood/Black Document Frame, Desktop, 5 x 7",18.96,7.584,0.0,1
California,Binders,Wilson Jones Four-Pocket Poly Binders,20.928,7.5864,0.2,1
Florida,Art,"Hunt PowerHouse Electric Pencil Sharpener, Blue",60.768,7.596,0.2,1
New Hampshire,Labels,Avery 476,16.52,7.5992,0.0,1
New York,Art,Newell Chalk Holder,16.52,7.5992,0.0,1
Oregon,Envelopes,Peel & Seel Envelopes,21.728,7.6048,0.2,1
Washington,Supplies,"Elite 5"" Scissors",25.35,7.605,0.0,1
Texas,Accessories,Logitech ClearChat Comfort/USB Headset H390,46.864,7.6154,0.2,1
Tennessee,Accessories,Logitech ClearChat Comfort/USB Headset H390,46.864,7.6154,0.2,1
Tennessee,Envelopes,Staple envelope,23.472,7.6284,0.2,1
Pennsylvania,Furnishings,Staple-based wall hangings,25.472,7.6416,0.2,1
Virginia,Binders,Zipper Ring Binder Pockets,15.6,7.644,0.0,1
Massachusetts,Accessories,"Verbatim 25 GB 6x Blu-ray Single Layer Recordable Disc, 10/Pack",23.18,7.6494,0.0,1
California,Supplies,Acme Value Line Scissors,25.55,7.665,0.0,3
New York,Paper,"Adams Telephone Message Book W/Dividers/Space For Phone Numbers, 5 1/4""X8 1/2"", 200/Messages",17.04,7.668,0.0,1
Rhode Island,Paper,"Adams Telephone Message Book W/Dividers/Space For Phone Numbers, 5 1/4""X8 1/2"", 200/Messages",17.04,7.668,0.0,1
California,Paper,"Wirebound Message Forms, Four 2 3/4 x 5 Forms per Page, Pink Paper",16.34,7.6798,0.0,1
Nebraska,Binders,GBC VeloBinder Strips,15.36,7.68,0.0,1
Mississippi,Paper,EcoTones Memo Sheets,16.0,7.68,0.0,1
Oregon,Paper,"TOPS 4 x 6 Fluorescent Color Memo Sheets, 500 Sheets per Pack",22.776,7.6869,0.2,1
Ohio,Furnishings,Nu-Dell Oak Frame,51.264,7.6896,0.2,1
Arizona,Furnishings,"Electrix Incandescent Magnifying Lamp, Black",87.96,7.6965,0.2,1
Illinois,Storage,"SAFCO Mobile Desk Side File, Wire Frame",102.624,7.6968,0.2,1
Illinois,Paper,Tops Wirebound Message Log Books,23.688,7.6986,0.2,1
Ohio,Furnishings,"Eldon 400 Class Desk Accessories, Black Carbon",28.0,7.7,0.2,1
Arizona,Storage,"Sortfiler Multipurpose Personal File Organizer, Black",68.448,7.7004,0.2,1
Washington,Furnishings,"DAX Value U-Channel Document Frames, Easel Back",24.85,7.7035,0.0,1
California,Furnishings,"DAX Value U-Channel Document Frames, Easel Back",24.85,7.7035,0.0,2
California,Paper,Xerox 1927,17.12,7.704,0.0,2
New York,Paper,Xerox 1962,17.12,7.704,0.0,1
Pennsylvania,Storage,Eldon ProFile File 'N Store Portable File Tub Letter/Legal Size Black,77.24,7.724,0.2,1
New York,Phones,Plantronics MX500i Earset,257.7,7.731,0.0,3
Ohio,Paper,Xerox 19,24.784,7.745,0.2,1
Oregon,Paper,"IBM Multi-Purpose Copy Paper, 8 1/2 x 11"", Case",24.784,7.745,0.2,1
Washington,Binders,GBC Instant Report Kit,20.704,7.764,0.2,1
California,Phones,"Logitech B530 USB Headset - headset - Full size, Binaural",88.776,7.7679,0.2,1
Texas,Phones,"Logitech B530 USB Headset - headset - Full size, Binaural",88.776,7.7679,0.2,1
Pennsylvania,Labels,Avery 499,23.904,7.7688,0.2,1
Texas,Labels,Avery 499,23.904,7.7688,0.2,2
Washington,Bookcases,O'Sullivan 2-Shelf Heavy-Duty Bookcases,48.58,7.7728,0.0,1
Ohio,Art,BIC Liqua Brite Liner,38.864,7.7728,0.2,1
Rhode Island,Paper,Avoid Verbal Orders Carbonless Minifold Book,16.9,7.774,0.0,1
Rhode Island,Furnishings,Eldon Wave Desk Accessories,17.67,7.7748,0.0,1
Alabama,Art,"Sanford Colorific Colored Pencils, 12/Box",25.92,7.776,0.0,1
Missouri,Binders,3M Organizer Strips,16.2,7.776,0.0,1
Tennessee,Paper,"Southworth 100% Résumé Paper, 24lb.",24.896,7.78,0.2,1
California,Storage,"Eldon Base for stackable storage shelf, platinum",155.76,7.788,0.0,2
Pennsylvania,Furnishings,"GE 4 Foot Flourescent Tube, 40 Watt",23.968,7.7896,0.2,1
Minnesota,Storage,Personal File Boxes with Fold-Down Carry Handle,31.16,7.79,0.0,1
Washington,Art,Prang Drawing Pencil Set,22.240000000000002,7.8118,0.0,2
Ohio,Furnishings,G.E. Halogen Desk Lamp Bulbs,22.336,7.8176,0.2,1
Washington,Binders,"Acco Data Flex Cable Posts For Top & Bottom Load Binders, 6"" Capacity",25.032,7.8225,0.2,1
Colorado,Appliances,Belkin 6 Outlet Metallic Surge Strip,104.54400000000001,7.8408,0.2,2
Virginia,Storage,Hanging Personal Folder File,31.4,7.85,0.0,1
Texas,Paper,"Wirebound Message Book, 4 per Page",21.72,7.8735,0.2,1
Washington,Furnishings,"DAX Metal Frame, Desktop, Stepped-Edge",20.24,7.8936,0.0,1
Arizona,Furnishings,Nu-Dell Float Frame 11 x 14 1/2,28.736,7.9024,0.2,2
Massachusetts,Binders,"Acco PRESSTEX Data Binder with Storage Hooks, Dark Blue, 14 7/8"" X 11""",16.14,7.9086,0.0,1
California,Furnishings,"Eldon 200 Class Desk Accessories, Burgundy",18.84,7.9128,0.0,1
Georgia,Furnishings,"Eldon 200 Class Desk Accessories, Smoke",18.84,7.9128,0.0,1
Washington,Phones,Clarity 53712,105.584,7.9188,0.2,1
Illinois,Paper,Xerox 4200 Series MultiUse Premium Copy Paper (20Lb. and 84 Bright),25.344,7.92,0.2,1
Arizona,Paper,Xerox 4200 Series MultiUse Premium Copy Paper (20Lb. and 84 Bright),25.344,7.92,0.2,1
Pennsylvania,Paper,Xerox 4200 Series MultiUse Premium Copy Paper (20Lb. and 84 Bright),25.344,7.92,0.2,1
Missouri,Binders,Binder Posts,17.22,7.9212,0.0,1
New York,Art,Newell 331,29.34,7.9218,0.0,1
New York,Art,50 Colored Long Pencils,30.48,7.9248,0.0,1
Pennsylvania,Envelopes,"White Envelopes, White Envelopes with Clear Poly Window",24.4,7.93,0.2,1
Illinois,Labels,"Avery 4027 File Folder Labels for Dot Matrix Printers, 5000 Labels per Box, White",24.424,7.9378,0.2,1
Ohio,Labels,"Avery 4027 File Folder Labels for Dot Matrix Printers, 5000 Labels per Box, White",24.424,7.9378,0.2,1
California,Art,Newell 343,29.4,7.938,0.0,4
Utah,Storage,"Safco Wire Cube Shelving System, For Use as 4 or 5 14"" Cubes, Black",158.9,7.945,0.0,1
Delaware,Labels,Avery 492,17.28,7.9488,0.0,1
California,Binders,Acco Suede Grain Vinyl Round Ring Binder,24.464,7.9508,0.20000000000000004,3
Georgia,Envelopes,Fashion Color Clasp Envelopes,16.23,7.9527,0.0,1
California,Furnishings,Eldon 500 Class Desk Accessories,24.14,7.9662,0.0,1
Pennsylvania,Labels,Avery 487,23.616,7.9704,0.2,1
Ohio,Labels,Avery 501,23.616,7.9704,0.2,2
Maryland,Storage,Acco Perma 3000 Stacking Storage Drawers,41.96,7.9724,0.0,1
Connecticut,Supplies,Acme Box Cutter Scissors,30.69,7.9794,0.0,1
Michigan,Paper,"Adams Telephone Message Book w/Frequently-Called Numbers Space, 400 Messages per Book",15.96,7.98,0.0,1
Nebraska,Paper,"Adams Telephone Message Book w/Frequently-Called Numbers Space, 400 Messages per Book",15.96,7.98,0.0,1
Virginia,Phones,"SKILCRAFT Telephone Shoulder Rest, 2"" x 6.5"" x 2.5"", Black",29.56,7.9812,0.0,1
New Mexico,Storage,Fellowes Bases and Tops For Staxonsteel/High-Stak Systems,33.29,7.9896,0.0,1
Kansas,Storage,Fellowes Bases and Tops For Staxonsteel/High-Stak Systems,33.29,7.9896,0.0,1
Idaho,Binders,GBC Instant Index System for Binding Systems,21.312,7.992,0.2,1
New York,Phones,iOttie HLCRIO102 Car Mount,159.92,7.996,0.0,2
Texas,Phones,Anker 36W 4-Port USB Wall Charger Travel Power Adapter for iPhone 5s 5c 5,79.96,7.996,0.2,1
Virginia,Accessories,Case Logic 2.4GHz Wireless Keyboard,99.98,7.9984,0.0,1
New York,Accessories,Case Logic 2.4GHz Wireless Keyboard,99.98,7.9984,0.0,1
California,Accessories,Case Logic 2.4GHz Wireless Keyboard,99.98,7.9984,0.0,1
California,Furnishings,Dana Swing-Arm Lamps,32.04,8.01,0.0,1
Nebraska,Binders,Fellowes Black Plastic Comb Bindings,17.43,8.0178,0.0,1
Washington,Binders,Avery Metallic Poly Binders,22.92,8.022,0.2,1
California,Fasteners,OIC Bulk Pack Metal Binder Clips,17.45,8.027,0.0,1
California,Storage,Rogers Profile Extra Capacity Storage Tub,200.88,8.0352,0.0,2
Alabama,Binders,Avery Heavy-Duty EZD  Binder With Locking Rings,16.74,8.0352,0.0,1
Florida,Appliances,APC 7 Outlet Network SurgeArrest Surge Protector,64.384,8.048,0.2,1
New York,Appliances,Euro-Pro Shark Turbo Vacuum,30.98,8.0548,0.0,1
New York,Art,SANFORD Major Accent Highlighters,21.24,8.0712,0.0,1
Kansas,Art,SANFORD Major Accent Highlighters,21.24,8.0712,0.0,1
New York,Paper,Great White Multi-Use Recycled Paper (20Lb. and 84 Bright),17.94,8.073,0.0,1
North Carolina,Art,Newell 309,64.68,8.085,0.2,1
Indiana,Chairs,"Global Stack Chair with Arms, Black",29.98,8.0946,0.0,1
New York,Chairs,"Global Leather Task Chair, Black",80.991,8.0991,0.1,1
New Jersey,Supplies,Acme Forged Steel Scissors with Black Enamel Handles,27.93,8.0997,0.0,1
Washington,Supplies,Acme Forged Steel Scissors with Black Enamel Handles,27.93,8.0997,0.0,1
New Hampshire,Supplies,Acme Forged Steel Scissors with Black Enamel Handles,27.93,8.0997,0.0,1
New York,Accessories,Kingston Digital DataTraveler 64GB USB 2.0,101.34,8.1072,0.0,1
New Mexico,Accessories,Kingston Digital DataTraveler 64GB USB 2.0,101.34,8.1072,0.0,1
Virginia,Paper,"Ampad Gold Fibre Wirebound Steno Books, 6"" x 9"", Gregg Ruled",17.64,8.1144,0.0,1
New York,Paper,"Ampad Gold Fibre Wirebound Steno Books, 6"" x 9"", Gregg Ruled",17.64,8.1144,0.0,1
Alabama,Furnishings,Acrylic Self-Standing Desk Frames,21.36,8.1168,0.0,1
California,Art,Fluorescent Highlighters by Dixon,23.88,8.1192,0.0,1
New York,Binders,"Wilson Jones Clip & Carry Folder Binder Tool for Ring Binders, Clear",23.2,8.120000000000001,0.2,2
Massachusetts,Fasteners,"Acco Banker's Clasps, 5 3/4""-Long",17.28,8.1216,0.0,1
California,Storage,"Perma STOR-ALL Hanging File Box, 13 1/8""W x 12 1/4""D x 10 1/2""H",47.84,8.1328,0.0,3
Colorado,Phones,AT&T 17929 Lendline Telephone,108.576,8.1432,0.2,1
California,Labels,Staple-on labels,17.34,8.1498,0.0,2
North Carolina,Appliances,Acco 6 Outlet Guardian Premium Surge Suppressor,93.184,8.1536,0.2,2
Pennsylvania,Appliances,Tripp Lite TLP810NET Broadband Surge for Modem/Fax,81.552,8.1552,0.2,1
Washington,Fasteners,Advantus SlideClip Paper Clips,17.05,8.184,0.0,1
New York,Chairs,"Global Wood Trimmed Manager's Task Chair, Khaki",245.646,8.1882,0.1,1
Tennessee,Bookcases,O'Sullivan 5-Shelf Heavy-Duty Bookcases,131.104,8.194,0.2,1
California,Art,Prang Drawing Pencil Set,25.02,8.201,0.0,3
Minnesota,Binders,Wilson Jones Leather-Like Binders with DublLock Round Rings,17.46,8.2062,0.0,1
Virginia,Binders,Wilson Jones Leather-Like Binders with DublLock Round Rings,17.46,8.2062,0.0,1
Kentucky,Envelopes,"#10- 4 1/8"" x 9 1/2"" Recycled Envelopes",17.48,8.2156,0.0,1
New York,Envelopes,"#10- 4 1/8"" x 9 1/2"" Recycled Envelopes",17.48,8.2156,0.0,1
Michigan,Envelopes,"#10- 4 1/8"" x 9 1/2"" Recycled Envelopes",17.48,8.2156,0.0,1
California,Furnishings,Stacking Trays by OIC,24.9,8.217,0.0,1
Texas,Paper,Things To Do Today Pad,23.479999999999997,8.218,0.2,2
Florida,Paper,Things To Do Today Pad,23.48,8.218,0.2,1
California,Phones,AT&T 1080 Phone,109.592,8.2194,0.2,1
California,Binders,"Acco Pressboard Covers with Storage Hooks, 9 1/2"" x 11"", Executive Red",24.384,8.229600000000001,0.2,2
Pennsylvania,Paper,"While You Were Out Pads, 50 per Pad, 4 x 5 1/4, Green Cycle",22.704,8.2302,0.2,2
Ohio,Paper,"While You Were Out Pads, 50 per Pad, 4 x 5 1/4, Green Cycle",22.704,8.2302,0.2,1
Kentucky,Art,"Quartet Omega Colored Chalk, 12/Pack",17.52,8.2344,0.0,1
Indiana,Art,Manco Dry-Lighter Erasable Highlighter,24.32,8.2688,0.0,1
New Jersey,Paper,"Telephone Message Books with Fax/Mobile Section, 4 1/4"" x 6""",18.0,8.28,0.0,1
Florida,Accessories,"TRENDnet 56K USB 2.0 Phone, Internet and Fax Modem",41.424,8.2848,0.2,1
Texas,Accessories,"TRENDnet 56K USB 2.0 Phone, Internet and Fax Modem",41.424,8.2848,0.2,1
Ohio,Furnishings,Flat Face Poster Frame,30.144,8.2896,0.2,1
Oregon,Art,Dixon Ticonderoga Core-Lock Colored Pencils,51.016,8.2901,0.2,1
North Dakota,Art,"BIC Brite Liner Highlighters, Chisel Tip",25.92,8.2944,0.0,1
California,Storage,Iris Project Case,31.92,8.2992,0.0,1
Michigan,Furnishings,"C-Line Magnetic Cubicle Keepers, Clear Polypropylene",19.76,8.2992,0.0,1
Florida,Furnishings,"DAX Copper Panel Document Frame, 5 x 7 Size",30.192,8.3028,0.2,1
Michigan,Binders,Wilson Jones International Size A4 Ring Binders,17.3,8.304,0.0,1
New York,Binders,Wilson Jones Hanging Recycled Pressboard Data Binders,23.744,8.3104,0.2,1
Florida,Fasteners,Staples,26.04,8.315100000000001,0.2,2
Texas,Art,Newell 345,111.104,8.332799999999999,0.2,2
Texas,Art,Prismacolor Color Pencil Set,31.744,8.3328,0.2,1
Tennessee,Art,Prismacolor Color Pencil Set,31.744,8.3328,0.2,1
Ohio,Art,Newell 34,111.104,8.3328,0.2,1
Virginia,Paper,"REDIFORM Incoming/Outgoing Call Register, 11"" X 8 1/2"", 100 Messages",16.68,8.34,0.0,1
North Carolina,Phones,Geemarc AmpliPOWER60,74.24,8.352,0.2,1
Illinois,Labels,Avery File Folder Labels,23.04,8.352,0.2,2
North Carolina,Accessories,Memorex Froggy Flash Drive 4 GB,35.168,8.3524,0.2,1
Tennessee,Accessories,Memorex Froggy Flash Drive 4 GB,35.168,8.3524,0.2,1
Pennsylvania,Furnishings,"Master Caster Door Stop, Large Neon Orange",29.12,8.372,0.2,2
Washington,Binders,GBC Wire Binding Combs,24.816,8.3754,0.2,1
Arizona,Paper,Xerox 1978,23.12,8.381,0.2,1
Illinois,Paper,Xerox 1978,23.12,8.381,0.2,1
Texas,Accessories,"Verbatim 25 GB 6x Blu-ray Single Layer Recordable Disc, 3/Pack",27.96,8.388,0.2,1
Nevada,Appliances,Hoover Commercial Soft Guard Upright Vacuum And Disposable Filtration Bags,31.08,8.3916,0.0,1
Pennsylvania,Phones,"Square Credit Card Reader, 4 1/2"" x 4 1/2"" x 1"", White",71.928,8.3916,0.4,1
Florida,Art,Bulldog Vacuum Base Pencil Sharpener,95.92,8.393,0.2,2
Texas,Accessories,Logitech LS21 Speaker System - PC Multimedia - 2.1-CH - Wired,47.976,8.3958,0.2,1
California,Binders,Cardinal Poly Pocket Divider Pockets for Ring Binders,26.88,8.4,0.2,2
Illinois,Storage,Advantus Rolling Storage Box,96.03999999999999,8.403500000000001,0.2,2
Tennessee,Art,"Boston Model 1800 Electric Pencil Sharpener, Gray",67.56,8.445,0.2,1
California,Paper,Things To Do Today Pad,17.61,8.4528,0.0,1
Nebraska,Paper,Things To Do Today Pad,17.61,8.4528,0.0,1
Michigan,Phones,KLD Oscar II Style Snap-on Ultra Thin Side Flip Synthetic Leather Cover Case for HTC One HTC M7,29.16,8.4564,0.0,1
Louisiana,Phones,KLD Oscar II Style Snap-on Ultra Thin Side Flip Synthetic Leather Cover Case for HTC One HTC M7,29.16,8.4564,0.0,1
Wisconsin,Storage,Adjustable Personal File Tote,32.56,8.4656,0.0,1
Pennsylvania,Furnishings,DAX Natural Wood-Tone Poster Frame,42.368,8.4736,0.2,1
Michigan,Storage,"Gould Plastics 9-Pocket Panel Bin, 18-3/8w x 5-1/4d x 20-1/2h, Black",211.96,8.4784,0.0,1
California,Storage,"Gould Plastics 9-Pocket Panel Bin, 18-3/8w x 5-1/4d x 20-1/2h, Black",211.96,8.4784,0.0,1
Pennsylvania,Art,DIXON Ticonderoga Erasable Checking Pencils,35.712,8.4816,0.2,2
Arizona,Envelopes,Letter or Legal Size Expandable Poly String Tie Envelopes,23.408,8.4854,0.2,2
New York,Envelopes,Brown Kraft Recycled Envelopes,16.98,8.49,0.0,1
New York,Appliances,Belkin 6 Outlet Metallic Surge Strip,32.67,8.4942,0.0,1
Mississippi,Appliances,Belkin 6 Outlet Metallic Surge Strip,32.67,8.4942,0.0,1
California,Appliances,Belkin 6 Outlet Metallic Surge Strip,32.67,8.4942,0.0,2
Michigan,Paper,Xerox 1978,17.34,8.4966,0.0,1
Delaware,Paper,Xerox 1978,17.34,8.4966,0.0,1
Missouri,Paper,Xerox 1978,17.34,8.4966,0.0,1
Florida,Bookcases,O'Sullivan Cherrywood Estates Traditional Bookcase,339.92,8.498,0.2,1
Texas,Phones,Panasonic KX TS3282W Corded phone,67.992,8.499,0.2,1
Pennsylvania,Paper,Southworth Parchment Paper & Envelopes,26.16,8.501999999999999,0.2,2
Massachusetts,Storage,Crate-A-Files,32.7,8.502,0.0,1
Ohio,Appliances,Tripp Lite Isotel 8 Ultra 8 Outlet Metal Surge,113.552,8.5164,0.2,1
Illinois,Paper,"Adams Telephone Message Book W/Dividers/Space For Phone Numbers, 5 1/4""X8 1/2"", 300/Messages",23.52,8.526,0.2,1
New York,Furnishings,"DAX Charcoal/Nickel-Tone Document Frame, 5 x 7",18.96,8.532,0.0,1
Indiana,Furnishings,"DAX Charcoal/Nickel-Tone Document Frame, 5 x 7",18.96,8.532,0.0,1
New York,Binders,Angle-D Ring Binders,26.256,8.5332,0.2,2
California,Bookcases,"Sauder Facets Collection Library, Sky Alder Finish",726.665,8.549,0.15,2
Maryland,Furnishings,"DAX Executive Solid Wood Document Frame, Desktop or Hang, Mahogany, 5 x 7",25.16,8.5544,0.0,1
Connecticut,Furnishings,"DAX Executive Solid Wood Document Frame, Desktop or Hang, Mahogany, 5 x 7",25.16,8.5544,0.0,1
Ohio,Furnishings,"Linden 10"" Round Wall Clock, Black",48.896,8.5568,0.2,1
California,Art,Newell 351,29.519999999999996,8.5608,0.0,2
Washington,Accessories,Memorex Froggy Flash Drive 4 GB,21.98,8.5722,0.0,1
Wisconsin,Binders,Prestige Round Ring Binders,18.24,8.5728,0.0,1
Maryland,Furnishings,24-Hour Round Wall Clock,19.98,8.5914,0.0,1
Georgia,Envelopes,Ampad #10 Peel & Seel Holiday Envelopes,17.92,8.6016,0.0,1
Louisiana,Binders,Avery Non-Stick Heavy Duty View Round Locking Ring Binders,17.94,8.6112,0.0,1
California,Binders,Cardinal Hold-It CD Pocket,25.536,8.6184,0.2,2
Mississippi,Accessories,SanDisk Ultra 32 GB MicroSDHC Class 10 Memory Card,66.3,8.619,0.0,1
Washington,Phones,Griffin GC17055 Auxiliary Audio Cable,86.352,8.6352,0.2,1
Washington,Furnishings,"Master Caster Door Stop, Brown",25.4,8.636,0.0,1
California,Furnishings,"Master Caster Door Stop, Brown",25.4,8.636,0.0,1
California,Storage,Akro-Mils 12-Gallon Tote,29.79,8.6391,0.0,1
Idaho,Paper,"Adams Telephone Message Book W/Dividers/Space For Phone Numbers, 5 1/4""X8 1/2"", 300/Messages",17.64,8.6436,0.0,1
Nebraska,Paper,"Adams Telephone Message Book W/Dividers/Space For Phone Numbers, 5 1/4""X8 1/2"", 300/Messages",17.64,8.6436,0.0,1
New York,Binders,Avery Binding System Hidden Tab Executive Style Index Sets,23.08,8.655000000000001,0.2,2
Missouri,Furnishings,Eldon Advantage Chair Mats for Low to Medium Pile Carpets,86.62,8.662,0.0,1
Pennsylvania,Paper,Xerox 1956,23.92,8.671,0.2,1
New Mexico,Labels,Avery 517,18.45,8.6715,0.0,1
Washington,Labels,Avery 487,18.45,8.6715,0.0,2
Delaware,Art,Newell 325,28.91,8.673,0.0,1
California,Supplies,Acme Elite Stainless Steel Scissors,33.36,8.6736,0.0,1
California,Art,Bulldog Table or Wall-Mount Pencil Sharpener,29.95,8.6855,0.0,1
Texas,Storage,"Personal Filing Tote with Lid, Black/Gray",86.856,8.685599999999999,0.2,2
New York,Labels,Avery 48,18.9,8.694,0.0,1
Kansas,Labels,Avery 51,18.9,8.694,0.0,1
Pennsylvania,Labels,Avery 489,24.84,8.694,0.2,1
New York,Labels,Avery 51,18.9,8.694,0.0,1
Georgia,Furnishings,DAX Two-Tone Silver Metal Document Frame,20.24,8.7032,0.0,1
Ohio,Storage,"Fellowes Mobile File Cart, Black",99.488,8.7052,0.2,1
Michigan,Paper,"Wirebound Message Books, Four 2 3/4"" x 5"" Forms per Page, 600 Sets per Book",18.54,8.7138,0.0,1
Washington,Paper,"Wirebound Message Books, Four 2 3/4"" x 5"" Forms per Page, 600 Sets per Book",18.54,8.7138,0.0,1
Illinois,Storage,"Trav-L-File Heavy-Duty Shuttle II, Black",69.712,8.714,0.2,1
Tennessee,Appliances,Belkin 5 Outlet SurgeMaster Power Centers,87.168,8.7168,0.2,1
Oregon,Appliances,Belkin 5 Outlet SurgeMaster Power Centers,87.168,8.7168,0.2,1
Ohio,Furnishings,"Master Giant Foot Doorstop, Safety Yellow",30.36,8.7285,0.2,1
New York,Supplies,Acme Value Line Scissors,29.2,8.76,0.0,3
California,Paper,"Telephone Message Books with Fax/Mobile Section, 5 1/2"" x 3 3/16""",19.05,8.763,0.0,1
Michigan,Paper,"Telephone Message Books with Fax/Mobile Section, 5 1/2"" x 3 3/16""",19.05,8.763,0.0,1
New Jersey,Fasteners,"OIC Colored Binder Clips, Assorted Sizes",17.9,8.771,0.0,1
California,Fasteners,"OIC Colored Binder Clips, Assorted Sizes",17.9,8.771,0.0,1
Idaho,Phones,Dexim XPower Skin Super-Thin Power Case for iPhone 5 - Black,140.376,8.7735,0.2,1
Washington,Paper,Xerox 1903,17.94,8.7906,0.0,1
New York,Envelopes,Wausau Papers Astrobrights Colored Envelopes,17.94,8.7906,0.0,1
Georgia,Envelopes,Wausau Papers Astrobrights Colored Envelopes,17.94,8.7906,0.0,1
Georgia,Paper,Xerox 1965,17.94,8.7906,0.0,1
Massachusetts,Paper,Xerox 193,17.94,8.7906,0.0,1
California,Paper,Universal Premium White Copier/Laser Paper (20Lb. and 87 Bright),17.94,8.7906,0.0,1
Massachusetts,Paper,Xerox 1992,17.94,8.7906,0.0,1
Minnesota,Paper,Xerox 1992,17.94,8.7906,0.0,1
New York,Accessories,Sony 32GB Class 10 Micro SDHC R40 Memory Card,41.9,8.799,0.0,1
Michigan,Accessories,Sony 32GB Class 10 Micro SDHC R40 Memory Card,41.9,8.799,0.0,1
Ohio,Accessories,Memorex Mini Travel Drive 8 GB USB 2.0 Flash Drive,37.056,8.8008,0.2,1
Arizona,Envelopes,Staple envelope,23.472,8.802,0.2,1
Alabama,Binders,Avery Heavy-Duty EZD View Binder with Locking Rings,19.14,8.8044,0.0,1
California,Storage,X-Rack File for Hanging Folders,33.87,8.8062,0.0,1
California,Furnishings,OIC Stacking Trays,20.04,8.8176,0.0,1
New York,Furnishings,OIC Stacking Trays,20.04,8.8176,0.0,2
New York,Binders,Recycled Premium Regency Composition Covers,24.448,8.8624,0.2,1
Ohio,Envelopes,Security-Tint Envelopes,24.448,8.8624,0.2,1
North Carolina,Paper,"Rediform Wirebound ""Phone Memo"" Message Book, 11 x 5-3/4",24.448,8.8624,0.2,1
Florida,Envelopes,"#10- 4 1/8"" x 9 1/2"" Security-Tint Envelopes",24.448,8.8624,0.2,1
District of Columbia,Art,Staples in misc. colors,22.74,8.8686,0.0,1
Florida,Paper,Astroparche Fine Business Paper,25.344,8.8704,0.2,1
Washington,Chairs,Office Star - Contemporary Task Swivel Chair,177.568,8.8784,0.2,1
New York,Chairs,Office Star Flex Back Scooter Chair with White Frame,199.764,8.8784,0.1,1
Ohio,Labels,Avery 505,23.68,8.88,0.2,1
Virginia,Binders,GBC Instant Index System for Binding Systems,17.76,8.88,0.0,1
New York,Paper,"TOPS 4 x 6 Fluorescent Color Memo Sheets, 500 Sheets per Pack",18.98,8.9206,0.0,1
New York,Storage,Acco Perma 2700 Stacking Storage Drawers,59.48,8.922,0.0,1
Michigan,Binders,Durable Pressboard Binders,19.0,8.93,0.0,1
Ohio,Furnishings,Ultra Door Push Plate,54.992,8.9362,0.2,1
Washington,Fasteners,OIC Binder Clips,17.9,8.95,0.0,1
Michigan,Binders,"Acco Pressboard Covers with Storage Hooks, 9 1/2"" x 11"", Executive Red",19.05,8.9535,0.0,1
Utah,Binders,"GBC Pre-Punched Binding Paper, Plastic, White, 8-1/2"" x 11""",25.584,8.9544,0.2,1
Pennsylvania,Labels,Self-Adhesive Address Labels for Typewriters with Dispenser Box,26.568,8.9667,0.2,2
California,Paper,Hammermill Color Copier Paper (28Lb. and 96 Bright),19.98,8.991,0.0,1
Indiana,Paper,Xerox 1896,19.98,8.991,0.0,1
Florida,Phones,OtterBox Defender Series Case - Samsung Galaxy S4,71.976,8.997,0.2,1
California,Phones,JBL Micro Wireless Portable Bluetooth Speaker,143.976,8.9985,0.2,1
Texas,Phones,JBL Micro Wireless Portable Bluetooth Speaker,143.976,8.9985,0.2,1
Illinois,Machines,"HP Officejet Pro 8600 e-All-In-One Printer, Copier, Scanner, Fax",209.986,8.9994,0.3,1
New York,Labels,Avery 496,18.75,9.0,0.0,1
California,Labels,Smead Alpha-Z Color-Coded Name Labels First Letter Starter Set,18.75,9.0,0.0,1
Nebraska,Fasteners,"Advantus Push Pins, Aluminum Head",29.05,9.0055,0.0,1
California,Binders,"Cardinal Slant-D Ring Binder, Heavy Gauge Vinyl",27.808,9.0376,0.2,2
Oregon,Art,Panasonic KP-150 Electric Pencil Sharpener,120.768,9.0576,0.2,1
Oregon,Labels,Avery 499,27.888,9.0636,0.2,1
Texas,Paper,Xerox 202,25.92,9.072,0.2,1
Pennsylvania,Paper,Xerox 200,25.92,9.072,0.2,1
Texas,Paper,"Eureka Recycled Copy Paper 8 1/2"" x 11"", Ream",25.92,9.072,0.2,2
Texas,Paper,Xerox 225,25.92,9.072,0.2,1
Texas,Paper,Xerox 21,25.92,9.072,0.2,2
Texas,Paper,Xerox 2,25.92,9.072,0.2,2
Oregon,Paper,Xerox 1995,25.92,9.072,0.2,1
Tennessee,Paper,Weyerhaeuser First Choice Laser/Copy Paper (20Lb. and 88 Bright),25.92,9.072,0.2,1
New York,Labels,Avery 518,18.9,9.072,0.0,1
Tennessee,Paper,Xerox 2,25.92,9.072,0.2,1
Texas,Paper,Xerox 1931,25.92,9.072,0.2,1
Pennsylvania,Paper,"Eureka Recycled Copy Paper 8 1/2"" x 11"", Ream",25.92,9.072,0.2,2
Indiana,Storage,SAFCO Boltless Steel Shelving,909.12,9.0912,0.0,1
California,Tables,"Hon Practical Foundations 30 x 60 Training Table, Light Gray/Charcoal",364.08,9.102,0.2,1
Connecticut,Furnishings,3M Hangers With Command Adhesive,22.2,9.102,0.0,1
Washington,Furnishings,3M Hangers With Command Adhesive,22.200000000000003,9.102,0.0,2
Arkansas,Furnishings,3M Hangers With Command Adhesive,22.2,9.102,0.0,1
California,Art,Newell 328,35.04,9.1104,0.0,2
Missouri,Accessories,Memorex Micro Travel Drive 4 GB,21.2,9.116,0.0,1
Tennessee,Fasteners,Staples,24.32,9.12,0.2,1
Kansas,Fasteners,Staples,18.24,9.12,0.0,1
Ohio,Accessories,SanDisk Cruzer 32 GB USB Flash Drive,60.864,9.1296,0.2,1
New York,Phones,Belkin Grip Candy Sheer Case / Cover for iPhone 5 and 5S,35.12,9.1312,0.0,1
New York,Storage,"Tenex Personal Self-Stacking Standard File Box, Black/Gray",33.82,9.1314,0.0,1
Iowa,Binders,Cardinal EasyOpen D-Ring Binders,18.28,9.14,0.0,1
Minnesota,Binders,Avery Hole Reinforcements,18.69,9.1581,0.0,1
Kentucky,Chairs,"Metal Folding Chairs, Beige, 4/Carton",33.94,9.1638,0.0,1
Kansas,Art,"Binney & Smith Crayola Metallic Colored Pencils, 8-Color Set",27.78,9.1674,0.0,1
New York,Furnishings,Tensor Brushed Steel Torchiere Floor Lamp,50.97,9.1746,0.0,1
Ohio,Furnishings,Nu-Dell Leatherette Frames,45.888,9.1776,0.2,1
California,Binders,"Cardinal HOLDit! Binder Insert Strips,Extra Strips",25.32,9.1785,0.2,2
Colorado,Phones,Lunatik TT5L-002 Taktik Strike Impact Protection System for iPhone 5,146.952,9.1845,0.2,1
North Carolina,Paper,Things To Do Today Spiral Book,25.344,9.1872,0.2,1
Virginia,Art,4009 Highlighters by Sanford,27.86,9.1938,0.0,1
Delaware,Furnishings,Tensor Track Tree Floor Lamp,39.98,9.1954,0.0,1
Florida,Envelopes,"Recycled Interoffice Envelopes with Re-Use-A-Seal Closure, 10 x 13",27.312,9.2178,0.2,1
Nebraska,Paper,"Wirebound Message Books, Four 2 3/4 x 5 White Forms per Page",20.07,9.2322,0.0,1
Virginia,Supplies,Acme Design Stainless Steel Bent Scissors,34.2,9.234,0.0,1
New York,Accessories,Sabrent 4-Port USB 2.0 Hub,27.16,9.2344,0.0,2
Montana,Phones,AT&T SB67148 SynJ,105.584,9.2386,0.2,1
Colorado,Phones,AT&T SB67148 SynJ,105.584,9.2386,0.2,1
North Carolina,Phones,Panasonic KX-TG6844B Expandable Digital Cordless Telephone,105.584,9.2386,0.2,1
Arizona,Phones,Panasonic KX-TG6844B Expandable Digital Cordless Telephone,105.584,9.2386,0.2,1
Pennsylvania,Art,Boston 16801 Nautilus Battery Pencil Sharpener,123.256,9.2442,0.2,1
Colorado,Paper,"It's Hot Message Books with Stickers, 2 3/4"" x 5""",29.6,9.25,0.2,1
Virginia,Paper,Riverleaf Stik-Withit Designer Note Cubes,20.12,9.2552,0.0,1
Georgia,Furnishings,"DAX Cubicle Frames, 8-1/2 x 11",25.71,9.2556,0.0,1
Georgia,Paper,"Wirebound Service Call Books, 5 1/2"" x 4""",19.36,9.2928,0.0,1
Ohio,Appliances,Euro-Pro Shark Turbo Vacuum,123.92,9.294,0.2,1
Colorado,Fasteners,"Vinyl Coated Wire Paper Clips in Organizer Box, 800/Box",27.552,9.2988,0.2,1
Maryland,Art,"Eberhard Faber 3 1/2"" Golf Pencils",37.2,9.3,0.0,1
Louisiana,Storage,Safco Commercial Shelving,232.55,9.302,0.0,1
Maryland,Art,Manco Dry-Lighter Erasable Highlighter,27.36,9.3024,0.0,1
New York,Bookcases,O'Sullivan 3-Shelf Heavy-Duty Bookcases,186.048,9.3024,0.2,1
California,Furnishings,"Executive Impressions 14"" Two-Color Numerals Wall Clock",22.72,9.3152,0.0,1
New Hampshire,Appliances,Acco 6 Outlet Guardian Basic Surge Suppressor,33.28,9.3184,0.0,1
Maryland,Furnishings,"Eldon Stackable Tray, Side-Load, Legal, Smoke",27.42,9.3228,0.0,1
Georgia,Furnishings,"Eldon Stackable Tray, Side-Load, Legal, Smoke",27.42,9.3228,0.0,1
New York,Binders,Avery Hanging File Binders,28.704,9.3288,0.2,2
New York,Paper,"TOPS Voice Message Log Book, Flash Format",19.04,9.3296,0.0,1
Connecticut,Paper,Xerox 214,19.44,9.3312,0.0,1
Louisiana,Paper,Xerox 209,19.44,9.3312,0.0,1
Washington,Paper,Xerox 222,19.44,9.3312,0.0,1
New York,Paper,Xerox 209,19.44,9.3312,0.0,1
California,Paper,Xerox 2000,19.44,9.3312,0.0,1
Massachusetts,Paper,Xerox 222,19.44,9.3312,0.0,1
New York,Paper,Xerox 204,19.44,9.3312,0.0,1
New York,Paper,Xerox 203,19.44,9.3312,0.0,1
Mississippi,Paper,Xerox 1995,19.44,9.3312,0.0,1
New York,Paper,Xerox 1997,19.44,9.3312,0.0,1
New York,Paper,Xerox 1996,19.44,9.3312,0.0,1
California,Paper,Xerox 206,19.44,9.3312,0.0,1
Arkansas,Paper,Xerox 1994,19.44,9.3312,0.0,1
California,Paper,Xerox 217,19.44,9.3312,0.0,1
New Mexico,Paper,Xerox 215,19.44,9.3312,0.0,1
Arkansas,Paper,Xerox 1958,19.44,9.3312,0.0,1
District of Columbia,Paper,Weyerhaeuser First Choice Laser/Copy Paper (20Lb. and 88 Bright),19.44,9.3312,0.0,1
Massachusetts,Paper,Xerox 214,19.44,9.3312,0.0,1
Massachusetts,Paper,Xerox 200,19.44,9.3312,0.0,1
Virginia,Paper,"Eureka Recycled Copy Paper 8 1/2"" x 11"", Ream",19.44,9.3312,0.0,1
Michigan,Paper,Xerox 207,19.44,9.3312,0.0,1
Washington,Paper,Xerox 1997,19.44,9.3312,0.0,1
Washington,Paper,Xerox 225,19.44,9.3312,0.0,1
Maryland,Paper,Xerox 202,19.44,9.3312,0.0,1
Washington,Paper,Xerox 202,19.44,9.3312,0.0,1
Washington,Paper,Xerox 203,19.44,9.3312,0.0,1
Utah,Paper,Xerox 220,19.44,9.3312,0.0,1
Tennessee,Furnishings,Staple-based wall hangings,31.168,9.3504,0.2,1
Florida,Paper,Xerox 1968,26.72,9.352,0.2,1
Texas,Paper,Xerox 1898,26.72,9.352,0.2,1
Texas,Paper,Xerox 195,26.72,9.352,0.2,2
Illinois,Paper,HP Office Paper (20Lb. and 87 Bright),26.72,9.352,0.2,1
Colorado,Paper,"Wirebound Four 2-3/4 x 5 Forms per Page, 400 Sets per Book",25.8,9.352500000000001,0.2,2
Colorado,Art,"BOSTON Ranger #55 Pencil Sharpener, Black",83.168,9.3564,0.2,1
Delaware,Binders,"Avery Framed View Binder, EZD Ring (Locking), Navy, 1 1/2""",19.96,9.3812,0.0,1
Maryland,Binders,"Acco Data Flex Cable Posts For Top & Bottom Load Binders, 6"" Capacity",20.86,9.387,0.0,1
California,Paper,Xerox 1884,19.98,9.3906,0.0,1
Illinois,Paper,Xerox 1957,25.92,9.396,0.2,1
Washington,Binders,Wilson Jones Leather-Like Binders with DublLock Round Rings,27.936,9.4284,0.2,1
Washington,Binders,"Acco Flexible ACCOHIDE Square Ring Data Binder, Dark Blue, 11 1/2"" X 14"" 7/8""",26.032,9.4366,0.2,1
Texas,Envelopes,"#10- 4 1/8"" x 9 1/2"" Recycled Envelopes",27.968,9.4392,0.2,1
Pennsylvania,Phones,"Belkin SportFit Armband For iPhone 5s/5c, Fuchsia",62.958,9.4437,0.4,1
Washington,Phones,Logitech Mobile Speakerphone P710e - speaker phone,107.984,9.4486,0.2,1
New Jersey,Binders,Flexible Leather- Look Classic Collection Ring Binder,18.94,9.47,0.0,1
Rhode Island,Storage,2300 Heavy-Duty Transfer File Systems by Perma,49.96,9.4924,0.0,1
Washington,Art,Newell Chalk Holder,20.65,9.499,0.0,1
Kentucky,Labels,Avery 506,20.65,9.499,0.0,1
California,Chairs,"Metal Folding Chairs, Beige, 4/Carton",108.608,9.5032,0.2,1
California,Paper,Xerox 1981,21.12,9.504,0.0,1
South Dakota,Labels,Avery 498,20.23,9.5081,0.0,1
Indiana,Art,Stanley Bostitch Contemporary Electric Pencil Sharpeners,33.96,9.5088,0.0,1
California,Art,Newell 350,32.8,9.512,0.0,2
California,Paper,Xerox 1966,19.44,9.525599999999999,0.0,2
Michigan,Paper,Xerox 1993,19.44,9.5256,0.0,1
New Jersey,Storage,"SimpliFile Personal File, Black Granite, 15w x 6-15/16d x 11-1/4h",34.05,9.534,0.0,1
California,Storage,"SimpliFile Personal File, Black Granite, 15w x 6-15/16d x 11-1/4h",34.05,9.534,0.0,1
Illinois,Paper,"Wirebound Message Books, Four 2 3/4 x 5 Forms per Page, 200 Sets per Book",30.528,9.54,0.2,1
Pennsylvania,Furnishings,"Executive Impressions 12"" Wall Clock",42.408,9.5418,0.2,1
Alabama,Supplies,Compact Automatic Electric Letter Opener,477.24,9.5448,0.0,1
Washington,Binders,GBC Imprintable Covers,26.352,9.5526,0.2,1
California,Furnishings,Contemporary Borderless Frame,25.83,9.5571,0.0,1
California,Furnishings,G.E. Longer-Life Indoor Recessed Floodlight Bulbs,19.92,9.5616,0.0,1
Florida,Storage,"Advantus 10-Drawer Portable Organizer, Chrome Metal Frame, Smoke Drawers",95.616,9.5616,0.2,1
Ohio,Furnishings,Ultra Commercial Grade Dual Valve Door Closer,63.824,9.5736,0.2,1
New York,Binders,"Black Avery Memo-Size 3-Ring Binder, 5 1/2"" x 8 1/2""",26.424,9.5787,0.2,1
Pennsylvania,Envelopes,Globe Weis Peel & Seel First Class Envelopes,30.672,9.585,0.2,1
Kentucky,Storage,Fellowes Bankers Box Stor/Drawer Steel Plus,95.94,9.594,0.0,1
Connecticut,Storage,Fellowes Bankers Box Stor/Drawer Steel Plus,95.94,9.594,0.0,1
Washington,Storage,Fellowes Bankers Box Stor/Drawer Steel Plus,95.94,9.594,0.0,1
North Carolina,Phones,"BlueLounge Milo Smartphone Stand, White/Metallic",95.968,9.5968,0.2,1
Texas,Phones,Jabra Supreme Plus Driver Edition Headset,95.992,9.5992,0.2,1
Kentucky,Fasteners,Advantus Plastic Paper Clips,20.0,9.6,0.0,1
Washington,Fasteners,Acco Glide Clips,19.6,9.604,0.0,1
Connecticut,Binders,"Avery 3 1/2"" Diskette Storage Pages, 10/Pack",20.88,9.6048,0.0,1
California,Paper,Xerox 1923,20.04,9.6192,0.0,1
California,Paper,Xerox 195,20.04,9.6192,0.0,1
Delaware,Paper,Xerox 1959,20.04,9.6192,0.0,1
North Carolina,Paper,Xerox 199,30.816,9.63,0.2,1
Georgia,Paper,Xerox 1962,21.4,9.63,0.0,1
New York,Art,Sanford Pocket Accent Highlighters,22.4,9.632,0.0,3
California,Paper,"Message Book, Wirebound, Four 5 1/2"" X 4"" Forms/Pg., 200 Dupl. Sets/Book",20.56,9.6632,0.0,1
California,Accessories,Logitech ClearChat Comfort/USB Headset H390,29.29,9.6657,0.0,1
Tennessee,Furnishings,"Eldon 200 Class Desk Accessories, Burgundy",35.168,9.6712,0.2,1
Minnesota,Art,"Sanford Uni-Blazer View Highlighters, Chisel Tip, Yellow",22.0,9.68,0.0,1
Florida,Furnishings,"Seth Thomas 14"" Day/Date Wall Clock",45.568,9.6832,0.2,1
Wisconsin,Paper,"Speediset Carbonless Redi-Letter 7"" x 8 1/2""",20.62,9.6914,0.0,1
Colorado,Paper,Avery Personal Creations Heavyweight Cards,27.696,9.6936,0.2,1
Kentucky,Storage,Space Solutions Commercial Steel Shelving,193.95,9.6975,0.0,1
New Jersey,Art,Newell 324,34.65,9.702,0.0,1
California,Art,Newell 324,34.65,9.702,0.0,1
Wisconsin,Binders,"ACCOHIDE 3-Ring Binder, Blue, 1""",20.65,9.7055,0.0,2
Pennsylvania,Art,"BOSTON Model 1800 Electric Pencil Sharpeners, Putty/Woodgrain",86.304,9.7092,0.2,1
Arizona,Art,"BOSTON Model 1800 Electric Pencil Sharpeners, Putty/Woodgrain",86.304,9.7092,0.2,1
Georgia,Art,Bulldog Vacuum Base Pencil Sharpener,35.97,9.7119,0.0,1
New York,Art,Bulldog Vacuum Base Pencil Sharpener,35.97,9.7119,0.0,1
Pennsylvania,Furnishings,"DAX Contemporary Wood Frame with Silver Metal Mat, Desktop, 11 x 14 Size",48.576,9.7152,0.2,1
Minnesota,Storage,Fellowes Bankers Box Recycled Super Stor/Drawer,161.94,9.7164,0.0,1
California,Storage,Fellowes Bankers Box Recycled Super Stor/Drawer,161.94,9.7164,0.0,1
New York,Storage,Fellowes Bankers Box Recycled Super Stor/Drawer,161.94,9.7164,0.0,1
New York,Storage,Carina Double Wide Media Storage Towers in Natural & Black,242.94,9.7176,0.0,1
Virginia,Furnishings,Ultra Door Push Plate,29.46,9.7218,0.0,1
Indiana,Storage,"Multi-Use Personal File Cart and Caster Set, Three Stacking Bins",34.76,9.7328,0.0,1
Virginia,Storage,"Eldon Base for stackable storage shelf, platinum",194.7,9.735,0.0,1
California,Art,Crayola Colored Pencils,29.52,9.7416,0.0,2
Washington,Appliances,"Holmes Replacement Filter for HEPA Air Cleaner, Medium Room",22.66,9.7438,0.0,1
New York,Storage,Acco Perma 4000 Stacking Storage Drawers,64.96,9.744,0.0,1
Texas,Paper,"Important Message Pads, 50 4-1/4 x 5-1/2 Forms per Pad",26.88,9.744,0.2,1
California,Paper,Rediform S.O.S. Phone Message Books,19.92,9.7608,0.0,1
California,Paper,Xerox 1897,19.92,9.7608,0.0,1
North Carolina,Art,"Avery Hi-Liter EverBold Pen Style Fluorescent Highlighters, 4/Pack",39.072,9.768,0.2,1
Ohio,Furnishings,"Seth Thomas 13 1/2"" Wall Clock",71.12,9.779,0.2,1
New York,Furnishings,"Executive Impressions 14""",22.23,9.7812,0.0,1
Washington,Furnishings,"Master Giant Foot Doorstop, Safety Yellow",22.77,9.7911,0.0,1
New York,Accessories,"Perixx PERIBOARD-512B, Ergonomic Split Keyboard",139.96,9.7972,0.0,1
Kentucky,Binders,"Wilson Jones Hanging View Binder, White, 1""",21.3,9.798,0.0,1
Ohio,Appliances,Holmes HEPA Air Purifier,52.272,9.801,0.2,1
New York,Binders,Acco 3-Hole Punch,28.032,9.8112,0.2,2
Wisconsin,Accessories,Logitech Desktop MK120 Mouse and keyboard Combo,98.16,9.816,0.0,1
Kentucky,Accessories,Logitech Desktop MK120 Mouse and keyboard Combo,98.16,9.816,0.0,1
California,Envelopes,Laser & Ink Jet Business Envelopes,21.34,9.8164,0.0,1
New York,Furnishings,"Master Big Foot Doorstop, Beige",31.68,9.8208,0.0,1
California,Binders,Cardinal Holdit Data Disk Pockets,29.12,9.828,0.2,1
North Carolina,Appliances,Belkin 8 Outlet Surge Protector,98.352,9.8352,0.2,1
California,Paper,"Adams Phone Message Book, Professional, 400 Message Capacity, 5 3/6 x 11",20.94,9.8418,0.0,1
New York,Fasteners,Ideal Clamps,20.1,9.849,0.0,2
Illinois,Labels,Self-Adhesive Address Labels for Typewriters by Universal,29.24,9.8685,0.2,1
Pennsylvania,Labels,Avery 519,29.24,9.8685,0.2,1
California,Chairs,Office Star - Contemporary Swivel Chair with Padded Adjustable Arms and Flex Back,789.4879999999999,9.8686,0.2,2
Minnesota,Binders,Avery Durable Binders,20.16,9.8784,0.0,1
Oklahoma,Labels,Avery 49,20.16,9.8784,0.0,1
New York,Labels,Avery File Folder Labels,20.16,9.8784,0.0,2
Maryland,Furnishings,DAX Wood Document Frame,27.46,9.8856,0.0,1
Indiana,Furnishings,DAX Wood Document Frame,27.46,9.8856,0.0,1
Florida,Art,Staples in misc. colors,46.504,9.886099999999999,0.2,2
Kentucky,Storage,Portable Personal File Box,36.63,9.8901,0.0,1
Wisconsin,Storage,Portable Personal File Box,36.63,9.8901,0.0,1
Utah,Paper,"Adams ""While You Were Out"" Message Pads",21.98,9.891,0.0,1
Pennsylvania,Paper,"Telephone Message Books with Fax/Mobile Section, 5 1/2"" x 3 3/16""",30.48,9.906,0.2,1
Illinois,Storage,Economy Rollaway Files,132.16,9.912,0.2,1
Pennsylvania,Art,Newell 319,79.36,9.92,0.2,1
California,Art,"BIC Brite Liner Grip Highlighters, Assorted, 5/Pack",25.44,9.9216,0.0,1
New York,Labels,Avery 489,20.7,9.936,0.0,1
Georgia,Labels,"Avery Address/Shipping Labels for Typewriters, 4"" x 2""",20.7,9.936,0.0,1
New York,Paper,"Telephone Message Books with Fax/Mobile Section, 4 1/4"" x 6""",21.6,9.936,0.0,1
New York,Chairs,Novimex Turbo Task Chair,447.17400000000004,9.9372,0.1,2
California,Binders,"Acco Pressboard Covers with Storage Hooks, 14 7/8"" x 11"", Dark Blue",27.432,9.9441,0.2,2
New York,Supplies,Fiskars Home & Office Scissors,35.52,9.9456,0.0,1
Colorado,Paper,Xerox 1881,29.472,9.9468,0.2,1
Illinois,Storage,Recycled Steel Personal File for Standard File Folders,132.696,9.9522,0.2,1
California,Chairs,Harbour Creations 67200 Series Stacking Chairs,113.888,9.9652,0.2,1
Washington,Chairs,Harbour Creations 67200 Series Stacking Chairs,113.888,9.9652,0.2,1
Arizona,Chairs,Harbour Creations 67200 Series Stacking Chairs,113.888,9.9652,0.2,1
Kentucky,Phones,"Logitech B530 USB Headset - headset - Full size, Binaural",36.99,9.9873,0.0,1
Virginia,Storage,"Carina Mini System Audio Rack, Model AR050B",332.94,9.9882,0.0,1
Oklahoma,Storage,"Carina Mini System Audio Rack, Model AR050B",332.94,9.9882,0.0,1
Utah,Storage,Fellowes Super Stor/Drawer,55.5,9.99,0.0,1
California,Art,BIC Liqua Brite Liner,27.76,9.9936,0.0,1
New York,Furnishings,Telescoping Adjustable Floor Lamp,39.98,9.995,0.0,1
Georgia,Supplies,"Fiskars 8"" Scissors, 2/Pack",34.48,9.9992,0.0,1
Illinois,Art,Staples in misc. colors,73.36,10.0058,0.2,2
Tennessee,Supplies,"Acme Hot Forged Carbon Steel Scissors with Nickel-Plated Handles, 3 7/8"" Cut, 8""L",88.96,10.008,0.2,1
Texas,Paper,"Wirebound Message Books, Four 2 3/4"" x 5"" Forms per Page, 600 Sets per Book",29.664,10.0116,0.2,1
Kentucky,Art,"Premium Writing Pencils, Soft, #2 by Central Association for the Blind",35.76,10.0128,0.0,1
Kentucky,Art,Panasonic KP-350BK Electric Pencil Sharpener with Auto Stop,34.58,10.0282,0.0,1
California,Art,Panasonic KP-350BK Electric Pencil Sharpener with Auto Stop,34.58,10.0282,0.0,1
Michigan,Furnishings,Eldon 200 Class Desk Accessories,31.4,10.048,0.0,1
New York,Furnishings,Eldon 200 Class Desk Accessories,31.4,10.048,0.0,2
California,Furnishings,Eldon 200 Class Desk Accessories,31.4,10.048,0.0,2
Washington,Paper,"TOPS ""Important Message"" Pads, Canary, 4-1/4 x 5-1/2, 50 Sheets per Pad",21.4,10.058,0.0,1
California,Furnishings,DAX Black Cherry Wood-Tone Poster Frame,26.48,10.0624,0.0,1
New York,Binders,GBC Personal VeloBind Strips,28.752,10.0632,0.2,1
California,Supplies,Staple remover,72.4,10.0664,0.0,4
Georgia,Storage,Fellowes Desktop Hanging File Manager,40.29,10.0725,0.0,1
Nebraska,Phones,Griffin GC17055 Auxiliary Audio Cable,35.98,10.0744,0.0,1
Ohio,Paper,EcoTones Memo Sheets,28.8,10.08,0.2,1
Missouri,Paper,Strathmore Photo Frame Cards,21.93,10.0878,0.0,1
California,Storage,"Personal Folder Holder, Ebony",33.63,10.089,0.0,1
Arizona,Chairs,"Global Fabric Manager's Chair, Dark Gray",161.568,10.098,0.2,1
Florida,Furnishings,Executive Impressions Supervisor Wall Clock,67.36,10.104,0.2,1
Tennessee,Paper,Xerox 1949,27.888,10.1094,0.2,1
California,Paper,"Ampad Gold Fibre Wirebound Steno Books, 6"" x 9"", Gregg Ruled",22.05,10.143,0.0,2
Georgia,Accessories,Kingston Digital DataTraveler 32GB USB 2.0,169.5,10.17,0.0,2
California,Art,"Dixon My First Ticonderoga Pencil, #2",35.1,10.179,0.0,1
Louisiana,Accessories,Kingston Digital DataTraveler 16GB USB 2.0,53.7,10.203,0.0,1
California,Envelopes,Convenience Packs of Business Envelopes,21.72,10.2084,0.0,2
Wisconsin,Paper,"Adams Telephone Message Book W/Dividers/Space For Phone Numbers, 5 1/4""X8 1/2"", 200/Messages",22.72,10.224,0.0,1
Massachusetts,Paper,"Adams Telephone Message Book W/Dividers/Space For Phone Numbers, 5 1/4""X8 1/2"", 200/Messages",22.72,10.224,0.0,1
North Carolina,Appliances,Honeywell Quietcare HEPA Air Cleaner,62.92,10.2245,0.2,1
California,Binders,SpineVue Locking Slant-D Ring Binders by Cardinal,29.248,10.2368,0.20000000000000004,3
California,Tables,"Bush Andora Conference Table, Maple/Graphite Gray Finish",273.568,10.2588,0.2,1
North Carolina,Chairs,SAFCO Folding Chair Trolley,102.592,10.2592,0.2,1
Florida,Furnishings,"Eldon Expressions Desk Accessory, Wood Photo Frame, Mahogany",91.392,10.2816,0.2,2
Massachusetts,Labels,Avery 519,21.93,10.3071,0.0,1
New York,Accessories,Sony 16GB Class 10 Micro SDHC R40 Memory Card,103.12,10.312,0.0,1
Massachusetts,Art,Newell 345,39.68,10.3168,0.0,1
Washington,Binders,"C-Line Peel & Stick Add-On Filing Pockets, 8-3/4 x 5-1/8, 10/Pack",30.576,10.3194,0.2,1
Massachusetts,Binders,Avery Non-Stick Binders,22.45,10.327,0.0,1
Indiana,Paper,"Ink Jet Note and Greeting Cards, 8-1/2"" x 5-1/2"" Card Size",22.48,10.3408,0.0,1
Georgia,Storage,Space Solutions HD Industrial Steel Shelving.,344.91,10.3473,0.0,1
California,Storage,Space Solutions HD Industrial Steel Shelving.,344.91,10.3473,0.0,1
Washington,Storage,Space Solutions HD Industrial Steel Shelving.,344.91,10.3473,0.0,1
Wisconsin,Labels,Avery 481,21.56,10.3488,0.0,1
New York,Labels,Smead Alpha-Z Color-Coded Second Alphabetical Labels and Starter Set,21.56,10.3488,0.0,1
California,Labels,Avery 497,21.56,10.3488,0.0,1
California,Phones,AT&T 841000 Phone,165.6,10.35,0.2,1
Michigan,Binders,Ibico Covers for Plastic or Wire Binding Elements,23.0,10.35,0.0,1
Pennsylvania,Labels,Avery 483,31.872,10.3584,0.2,2
California,Art,"BIC Brite Liner Highlighters, Chisel Tip",32.4,10.368,0.0,1
California,Art,"Sanford Colorific Colored Pencils, 12/Box",34.56,10.368,0.0,2
Montana,Storage,Iris Project Case,39.9,10.374,0.0,1
New York,Phones,Square Credit Card Reader,39.96,10.3896,0.0,1
California,Furnishings,"Linden 10"" Round Wall Clock, Black",30.56,10.3904,0.0,1
California,Furnishings,Tenex Chairmats For Use with Hard Floors,129.92,10.3936,0.0,1
Texas,Paper,Spiral Phone Message Books with Labels by Adams,28.672,10.3936,0.2,1
Arizona,Furnishings,"Computer Room Manger, 14""",51.968,10.3936,0.2,1
Louisiana,Furnishings,Tenex Chairmats For Use with Hard Floors,129.92,10.3936,0.0,1
Pennsylvania,Furnishings,"Computer Room Manger, 14""",51.968,10.3936,0.2,1
Virginia,Art,Newell 309,34.65,10.395,0.0,1
Texas,Accessories,Logitech M510 Wireless Mouse,63.984,10.3974,0.2,1
New Jersey,Furnishings,Ultra Door Pull Handle,31.56,10.4148,0.0,1
Oregon,Envelopes,"Peel & Seel Recycled Catalog Envelopes, Brown",27.792,10.422,0.2,1
Washington,Art,"BOSTON Model 1800 Electric Pencil Sharpeners, Putty/Woodgrain",35.96,10.4284,0.0,1
Connecticut,Binders,Wilson Jones Snap Scratch Pad Binder Tool for Ring Binders,23.2,10.44,0.0,1
Massachusetts,Furnishings,"Eldon Imàge Series Desk Accessories, Clear",24.3,10.449,0.0,1
California,Storage,Eldon Simplefile Box Office,37.32,10.4496,0.0,1
New Mexico,Storage,Eldon Simplefile Box Office,37.32,10.4496,0.0,1
New York,Paper,"Adams Write n' Stick Phone Message Book, 11"" X 5 1/4"", 200 Messages",22.72,10.4512,0.0,2
New York,Binders,Avery Non-Stick Binders,32.328,10.4617,0.20000000000000004,3
Georgia,Art,Newell 315,41.86,10.465,0.0,1
Texas,Paper,Xerox 1947,33.488,10.465,0.2,1
California,Art,Blackstonian Pencils,37.38,10.4664,0.0,2
Massachusetts,Storage,"Neat Ideas Personal Hanging Folder Files, Black",40.29,10.4754,0.0,1
California,Bookcases,"O'Sullivan Elevations Bookcase, Cherry Finish",890.664,10.4784,0.15,2
California,Bookcases,"Sauder Mission Library with Doors, Fruitwood Finish",222.666,10.4784,0.15,1
Washington,Binders,Acco Translucent Poly Ring Binders,29.951999999999998,10.4832,0.2,2
California,Envelopes,Pastel Pink Envelopes,21.84,10.4832,0.0,1
California,Binders,Acco Translucent Poly Ring Binders,29.951999999999998,10.4832,0.2,2
New Jersey,Appliances,Black & Decker Filter for Double Action Dustbuster Cordless Vac BLDV7210,41.95,10.4875,0.0,1
New York,Art,Boston 16750 Black Compact Battery Pencil Sharpener,35.0,10.5,0.0,1
Washington,Furnishings,Staple-based wall hangings,23.88,10.5072,0.0,1
California,Furnishings,Document Clip Frames,25.02,10.5084,0.0,1
Michigan,Art,Avery Hi-Liter Smear-Safe Highlighters,29.2,10.512,0.0,1
New York,Storage,"Tenex Personal Project File with Scoop Front Design, Black",40.44,10.5144,0.0,1
California,Supplies,"Acme 10"" Easy Grip Assistive Scissors",35.06,10.518,0.0,1
Kentucky,Supplies,"Acme 10"" Easy Grip Assistive Scissors",35.06,10.518,0.0,1
Virginia,Supplies,"Acme 10"" Easy Grip Assistive Scissors",35.06,10.518,0.0,1
New York,Fasteners,"OIC Colored Binder Clips, Assorted Sizes",21.48,10.5252,0.0,1
Maryland,Appliances,Belkin F9H710-06 7 Outlet SurgeMaster Surge Protector,37.68,10.5504,0.0,1
New York,Phones,OtterBox Commuter Series Case - iPhone 5 & 5s,21.99,10.5552,0.0,1
Texas,Paper,Xerox 1954,33.792,10.56,0.2,1
Florida,Envelopes,Staple envelope,31.296,10.5624,0.2,2
Utah,Furnishings,"DAX Copper Panel Document Frame, 5 x 7 Size",25.16,10.5672,0.0,1
Wisconsin,Storage,"Companion Letter/Legal File, Black",37.76,10.5728,0.0,1
Pennsylvania,Accessories,"Verbatim 25 GB 6x Blu-ray Single Layer Recordable Disc, 25/Pack",36.784,10.5754,0.2,1
New York,Labels,Avery 520,22.049999999999997,10.584,0.0,3
Michigan,Labels,Avery 520,22.05,10.584,0.0,1
Ohio,Paper,Xerox 1912,30.352,10.6232,0.2,1
California,Art,Deluxe Chalkboard Eraser Cleaner,23.1,10.626,0.0,1
Indiana,Art,Newell 328,40.88,10.6288,0.0,1
Tennessee,Chairs,"Situations Contoured Folding Chairs, 4/Set",170.352,10.647,0.2,1
Washington,Art,Sanford 52201 APSCO Electric Pencil Sharpener,40.97,10.6522,0.0,1
Colorado,Chairs,Hon 4700 Series Mobuis Mid-Back Task Chairs with Adjustable Arms,854.352,10.6794,0.2,1
Pennsylvania,Art,Stanley Contemporary Battery Pencil Sharpeners,106.8,10.68,0.2,1
Illinois,Fasteners,Acco Hot Clips Clips to Go,34.216,10.692499999999999,0.2,4
California,Binders,GBC Plastic Binding Combs,29.52,10.701,0.2,2
California,Furnishings,"Eldon Expressions Wood Desk Accessories, Oak",36.9,10.701,0.0,2
Oregon,Art,Berol Giant Pencil Sharpener,95.144,10.7037,0.2,1
Virginia,Binders,Avery Heavy-Duty EZD  Binder With Locking Rings,22.32,10.7136,0.0,1
Washington,Paper,"Wirebound Message Books, Four 2 3/4 x 5 Forms per Page, 200 Sets per Book",23.85,10.7325,0.0,1
Michigan,Paper,"Geographics Note Cards, Blank, White, 8 1/2"" x 11""",22.38,10.7424,0.0,1
Texas,Storage,"Fellowes Personal Hanging Folder Files, Navy",107.44,10.744,0.2,1
Kentucky,Binders,GBC Imprintable Covers,21.96,10.7604,0.0,1
California,Paper,Xerox 1920,23.92,10.764,0.0,2
Colorado,Phones,Cisco SPA525G2 IP Phone - Wireless,143.64,10.773,0.2,1
Wisconsin,Furnishings,"DAX Value U-Channel Document Frames, Easel Back",34.79,10.7849,0.0,1
Washington,Phones,Plantronics Encore H101 Dual Earpieces Headset,107.88,10.788,0.2,1
California,Phones,Plantronics Encore H101 Dual Earpieces Headset,107.88,10.788,0.2,1
Louisiana,Furnishings,DAX Clear Channel Poster Frame,29.16,10.7892,0.0,1
Washington,Fasteners,"Vinyl Coated Wire Paper Clips in Organizer Box, 800/Box",22.96,10.7912,0.0,1
Florida,Art,Panasonic KP-380BK Classic Electric Pencil Sharpener,172.704,10.794,0.2,1
Connecticut,Accessories,Micro Innovations Wireless Classic Keyboard with Mouse,59.98,10.7964,0.0,1
Minnesota,Supplies,Acme Forged Steel Scissors with Black Enamel Handles,37.24,10.7996,0.0,1
Delaware,Labels,Avery 480,22.5,10.8,0.0,1
California,Labels,Avery 496,22.5,10.8,0.0,1
Florida,Envelopes,Jiffy Padded Mailers with Self-Seal Closure,29.808,10.8054,0.2,1
Connecticut,Storage,Eldon ProFile File 'N Store Portable File Tub Letter/Legal Size Black,38.62,10.8136,0.0,1
Washington,Art,Staples in misc. colors,39.02,10.8162,0.0,2
Pennsylvania,Furnishings,"DataProducts Ampli Magnifier Task Lamp, Black,",108.24000000000001,10.824,0.2,2
New Jersey,Storage,"Tennsco Stur-D-Stor Boltless Shelving, 5 Shelves, 24"" Deep, Sand",1082.48,10.8248,0.0,1
Wisconsin,Accessories,"Maxell 74 Minute CDR, 10/Pack",29.34,10.8558,0.0,1
Florida,Bookcases,O'Sullivan 2-Door Barrister Bookcase in Odessa Pine,289.568,10.8588,0.2,1
California,Envelopes,#10 Self-Seal White Envelopes,22.18,10.8682,0.0,1
Washington,Accessories,HP Standard 104 key PS/2 Keyboard,43.5,10.875,0.0,1
North Carolina,Phones,Avaya 5410 Digital phone,108.784,10.8784,0.2,1
Iowa,Art,Boston 19500 Mighty Mite Electric Pencil Sharpener,40.3,10.881,0.0,1
California,Furnishings,Westinghouse Clip-On Gooseneck Lamps,41.849999999999994,10.881,0.0,2
Nebraska,Appliances,Acco 6 Outlet Guardian Standard Surge Suppressor,36.27,10.881,0.0,1
Virginia,Appliances,Acco 6 Outlet Guardian Standard Surge Suppressor,36.27,10.881,0.0,1
Indiana,Furnishings,Westinghouse Clip-On Gooseneck Lamps,41.85,10.881,0.0,1
Oregon,Paper,Xerox 216,31.104,10.8864,0.2,1
Ohio,Paper,Xerox 222,31.104,10.8864,0.20000000000000004,3
Arizona,Paper,Xerox 210,31.104,10.8864,0.2,1
Florida,Paper,Xerox 229,31.104,10.8864,0.2,1
Pennsylvania,Paper,Xerox 211,31.104,10.8864,0.2,1
Florida,Paper,Xerox 23,31.104,10.8864,0.2,1
Colorado,Paper,Xerox 1931,31.104,10.8864,0.2,1
Texas,Paper,Xerox 1994,31.104,10.8864,0.2,2
Florida,Paper,Xerox 21,31.104,10.8864,0.2,2
Ohio,Paper,Xerox 203,31.104,10.8864,0.2,1
Washington,Furnishings,"Eldon 300 Class Desk Accessories, Black",24.75,10.89,0.0,1
Florida,Accessories,SanDisk Cruzer 64 GB USB Flash Drive,87.168,10.896,0.2,1
Georgia,Appliances,Belkin 7-Outlet SurgeMaster Home Series,41.91,10.8966,0.0,1
California,Supplies,Fiskars Spring-Action Scissors,41.94,10.904399999999999,0.0,2
Kansas,Accessories,SanDisk Cruzer 16 GB USB Flash Drive,57.4,10.906,0.0,1
Illinois,Phones,LG Exalt,124.792,10.9193,0.2,1
Virginia,Paper,Southworth Structures Collection,21.84,10.92,0.0,1
California,Binders,"Acco PRESSTEX Data Binder with Storage Hooks, Dark Blue, 14 7/8"" X 11""",30.128,10.9214,0.2,2
Kansas,Phones,Jawbone MINI JAMBOX Wireless Bluetooth Speaker,273.96,10.9584,0.0,1
Arkansas,Envelopes,Staple envelope,23.34,10.9698,0.0,1
California,Paper,Spiral Phone Message Books with Labels by Adams,22.4,10.975999999999999,0.0,2
Colorado,Furnishings,DAX Wood Document Frame,54.92,10.984,0.2,1
Washington,Binders,GBC Standard Plastic Binding Systems' Combs,35.168,10.99,0.2,2
New Hampshire,Binders,Avery Metallic Poly Binders,22.92,11.0016,0.0,1
California,Furnishings,"Eldon 400 Class Desk Accessories, Black Carbon",26.25,11.025,0.0,1
California,Binders,Avery Poly Binder Pockets,31.504,11.0264,0.2,1
Virginia,Furnishings,"Westinghouse Floor Lamp with Metal Mesh Shade, Black",47.98,11.0354,0.0,1
Alabama,Storage,"Gould Plastics 18-Pocket Panel Bin, 34w x 5-1/4d x 20-1/2h",275.97,11.0388,0.0,1
Delaware,Appliances,Belkin 7 Outlet SurgeMaster II,39.48,11.0544,0.0,1
Arizona,Furnishings,"DAX Copper Panel Document Frame, 5 x 7 Size",40.256,11.0704,0.2,1
Nebraska,Furnishings,Coloredge Poster Frame,28.4,11.076,0.0,1
Michigan,Furnishings,Coloredge Poster Frame,28.4,11.076,0.0,1
California,Supplies,Acme Design Stainless Steel Bent Scissors,41.04,11.0808,0.0,1
Michigan,Binders,Wilson Jones Turn Tabs Binder Tool for Ring Binders,24.1,11.086,0.0,1
South Carolina,Binders,Wilson Jones Turn Tabs Binder Tool for Ring Binders,24.1,11.086,0.0,1
Pennsylvania,Envelopes,#6 3/4 Gummed Flap White Envelopes,31.68,11.088,0.2,1
California,Phones,OtterBox Defender Series Case - iPhone 5c,88.752,11.094,0.2,1
Oregon,Paper,"Message Book, Wirebound, Four 5 1/2"" X 4"" Forms/Pg., 200 Dupl. Sets/Book",32.896,11.1024,0.2,1
Illinois,Fasteners,Staples,39.775999999999996,11.114999999999998,0.20000000000000004,3
Kentucky,Art,Boston 1730 StandUp Electric Pencil Sharpener,42.76,11.1176,0.0,1
California,Storage,"SAFCO Mobile Desk Side File, Wire Frame",42.76,11.1176,0.0,1
Rhode Island,Storage,"SAFCO Mobile Desk Side File, Wire Frame",42.76,11.1176,0.0,1
California,Storage,"Safco Wire Cube Shelving System, For Use as 4 or 5 14"" Cubes, Black",222.46,11.123000000000001,0.0,2
New York,Phones,Panasonic KX - TS880B Telephone,41.22,11.1294,0.0,1
New York,Art,Barrel Sharpener,42.84,11.1384,0.0,2
New York,Supplies,Acme Office Executive Series Stainless Steel Trimmers,42.85,11.141,0.0,2
New York,Accessories,Maxell 4.7GB DVD+RW 3/Pack,31.86,11.151,0.0,1
California,Accessories,Maxell 4.7GB DVD+RW 3/Pack,31.86,11.151,0.0,1
Minnesota,Furnishings,"Deflect-o EconoMat Studded, No Bevel Mat for Low Pile Carpeting",123.96,11.1564,0.0,1
New York,Furnishings,Luxo Economy Swing Arm Lamp,39.88,11.1664,0.0,1
Utah,Binders,GBC Wire Binding Combs,33.088,11.1672,0.2,1
Georgia,Furnishings,"Eldon Expressions Wood and Plastic Desk Accessories, Oak",39.92,11.1776,0.0,1
Virginia,Furnishings,"Eldon Expressions Wood and Plastic Desk Accessories, Oak",39.92,11.1776,0.0,1
Indiana,Accessories,"Memorex 25GB 6X Branded Blu-Ray Recordable Disc, 30/Pack",159.75,11.1825,0.0,1
California,Binders,Recycled Easel Ring Binders,35.808,11.19,0.2,1
Illinois,Phones,PureGear Roll-On Screen Protector,31.984,11.1944,0.2,1
Arizona,Phones,ClearSounds CSC500 Amplified Spirit Phone Corded phone,111.984,11.1984,0.2,1
Illinois,Fasteners,Advantus Plastic Paper Clips,32.0,11.2,0.2,2
Georgia,Appliances,"Acco Six-Outlet Power Strip, 4' Cord Length",43.099999999999994,11.206,0.0,2
Washington,Appliances,"Acco Six-Outlet Power Strip, 4' Cord Length",43.1,11.206,0.0,1
Georgia,Art,Stanley Contemporary Battery Pencil Sharpeners,40.05,11.214,0.0,1
South Carolina,Binders,Ibico Presentation Index for Binding Systems,23.88,11.2236,0.0,1
New York,Envelopes,Security-Tint Envelopes,22.92,11.2308,0.0,1
California,Paper,"Rediform Wirebound ""Phone Memo"" Message Book, 11 x 5-3/4",22.92,11.2308,0.0,1
New York,Binders,Avery Metallic Poly Binders,32.088,11.2308,0.2,1
New York,Paper,"Ampad Phone Message Book, Recycled, 400 Message Capacity, 5 ¾ x 11",24.96,11.232,0.0,1
Tennessee,Appliances,Holmes Odor Grabber,69.216,11.2476,0.2,1
Oregon,Paper,Xerox 1930,31.104,11.2752,0.2,1
Texas,Paper,Xerox 1975,31.104,11.2752,0.2,2
California,Accessories,Imation Clip USB flash drive - 8 GB,188.0,11.28,0.0,2
California,Labels,Avery 49,23.04,11.2896,0.0,3
California,Appliances,"Bravo II Megaboss 12-Amp Hard Body Upright, Replacement Belts, 2 Belts per Pack",39.0,11.31,0.0,1
Wisconsin,Furnishings,Nu-Dell Float Frame 11 x 14 1/2,26.94,11.3148,0.0,1
Arizona,Fasteners,Staples,36.232,11.322500000000002,0.2,2
North Carolina,Paper,Southworth 25% Cotton Linen-Finish Paper & Envelopes,36.24,11.325,0.2,1
Maryland,Paper,HP Office Recycled Paper (20Lb. and 87 Bright),23.12,11.3288,0.0,1
California,Paper,Xerox 1924,23.12,11.3288,0.0,1
New York,Chairs,Office Star - Ergonomically Designed Knee Chair,510.17400000000004,11.337200000000001,0.1,2
Illinois,Paper,"Black Print Carbonless 8 1/2"" x 8 1/4"" Rapid Memo Book",34.944,11.3568,0.2,2
Illinois,Paper,"Adams Telephone Message Book W/Dividers/Space For Phone Numbers, 5 1/4""X8 1/2"", 200/Messages",36.352,11.36,0.2,1
Alabama,Binders,Presstex Flexible Ring Binders,22.75,11.375,0.0,1
New York,Furnishings,"DAX Two-Tone Rosewood/Black Document Frame, Desktop, 5 x 7",28.44,11.376,0.0,1
Texas,Labels,Avery 493,31.424,11.3912,0.2,2
New York,Envelopes,"#10 Gummed Flap White Envelopes, 100/Box",24.78,11.3988,0.0,2
Washington,Phones,Anker 24W Portable Micro USB Car Charger,35.168,11.4296,0.2,1
Washington,Art,Boston 16801 Nautilus Battery Pencil Sharpener,44.02,11.4452,0.0,1
Indiana,Storage,Fellowes Stor/Drawer Steel Plus Storage Drawers,190.86,11.4516,0.0,1
Michigan,Accessories,Logitech Desktop MK120 Mouse and keyboard Combo,114.52,11.452,0.0,1
New York,Labels,Avery White Multi-Purpose Labels,24.9,11.454,0.0,1
California,Binders,Deluxe Heavy-Duty Vinyl Round Ring Binder,36.672,11.46,0.2,1
New York,Accessories,"Verbatim 25 GB 6x Blu-ray Single Layer Recordable Disc, 10/Pack",34.77,11.4741,0.0,1
California,Binders,Prestige Round Ring Binders,34.048,11.4912,0.2,2
California,Envelopes,Poly String Tie Envelopes,24.48,11.5056,0.0,3
Texas,Phones,Griffin GC17055 Auxiliary Audio Cable,115.136,11.5136,0.2,1
Pennsylvania,Furnishings,Howard Miller Distant Time Traveler Alarm Clock,43.872,11.5164,0.2,1
California,Paper,"Adams Telephone Message Book W/Dividers/Space For Phone Numbers, 5 1/4""X8 1/2"", 300/Messages",23.52,11.5248,0.0,2
California,Supplies,Acme Preferred Stainless Steel Scissors,39.76,11.5304,0.0,2
California,Paper,Xerox 1907,24.56,11.5432,0.0,1
Massachusetts,Paper,Easy-staple paper,24.56,11.5432,0.0,1
Massachusetts,Paper,Xerox 1881,24.56,11.5432,0.0,1
Kentucky,Paper,Xerox 1933,24.56,11.5432,0.0,1
Texas,Paper,Xerox 1897,31.872,11.5536,0.2,1
California,Paper,Xerox 1953,25.68,11.556,0.0,1
New York,Binders,"GBC Laser Imprintable Binding System Covers, Desert Sand",34.248,11.5587,0.2,1
California,Binders,"GBC Laser Imprintable Binding System Covers, Desert Sand",34.248,11.5587,0.2,1
California,Art,Newell 31,41.300000000000004,11.564,0.0,2
Missouri,Art,"BIC Brite Liner Grip Highlighters, Assorted, 5/Pack",29.68,11.5752,0.0,1
Arkansas,Furnishings,"Eldon Expressions Desk Accessory, Wood Pencil Holder, Oak",38.6,11.58,0.0,1
Kentucky,Furnishings,9-3/4 Diameter Round Wall Clock,27.58,11.5836,0.0,1
Virginia,Supplies,Premier Electric Letter Opener,231.72,11.586,0.0,1
Wisconsin,Labels,"Permanent Self-Adhesive File Folder Labels for Typewriters, 1 1/8 x 3 1/2, White",25.2,11.592,0.0,1
Texas,Labels,"Avery Address/Shipping Labels for Typewriters, 4"" x 2""",33.12,11.592,0.2,1
New York,Phones,GE DSL Phone Line Filter,39.99,11.5971,0.0,1
Massachusetts,Phones,GE DSL Phone Line Filter,39.99,11.5971,0.0,1
Washington,Accessories,Kensington K72356US Mouse-in-a-Box USB Desktop Mouse,33.18,11.613,0.0,1
New York,Fasteners,Advantus Push Pins,28.34,11.6194,0.0,3
Ohio,Furnishings,DAX Solid Wood Frames,54.712,11.6263,0.2,1
New York,Storage,Fellowes Econo/Stor Drawers,193.86,11.6316,0.0,1
Pennsylvania,Furnishings,"6"" Cubicle Wall Clock, Black",58.248,11.6496,0.2,1
Pennsylvania,Appliances,Fellowes Advanced 8 Outlet Surge Suppressor with Phone/Fax Protection,133.248,11.6592,0.2,2
California,Binders,"Mead 1st Gear 2"" Zipper Binder, Asst. Colors",31.128,11.673,0.2,1
Michigan,Fasteners,"Acco Clips to Go Binder Clips, 24 Clips in Two Sizes",24.85,11.6795,0.0,1
New Jersey,Envelopes,Staple envelope,23.36,11.68,0.0,1
Georgia,Storage,Personal File Boxes with Fold-Down Carry Handle,46.74,11.685,0.0,1
North Carolina,Chairs,"Global Stack Chair without Arms, Black",187.056,11.691,0.2,1
Missouri,Paper,Xerox 1970,24.9,11.703,0.0,1
New York,Paper,Xerox 190,24.9,11.703,0.0,1
Washington,Binders,Avery Durable Slant Ring Binders With Label Holder,33.44,11.704,0.2,1
California,Binders,Avery Durable Slant Ring Binders With Label Holder,33.44,11.704,0.2,2
California,Accessories,Sony Micro Vault Click 4 GB USB 2.0 Flash Drive,83.64,11.7096,0.0,2
Alabama,Paper,Xerox 1983,23.92,11.7208,0.0,1
South Carolina,Paper,Xerox 193,23.92,11.7208,0.0,1
Minnesota,Paper,Universal Premium White Copier/Laser Paper (20Lb. and 87 Bright),23.92,11.7208,0.0,1
Ohio,Paper,Xerox 1924,32.368,11.7334,0.2,2
New York,Binders,Premium Transparent Presentation Covers by GBC,33.568,11.7488,0.2,1
California,Furnishings,36X48 HARDFLOOR CHAIRMAT,167.84,11.7488,0.0,1
Massachusetts,Furnishings,"Executive Impressions 16-1/2"" Circular Wall Clock",26.72,11.7568,0.0,1
California,Phones,Panasonic KX TS208W Corded phone,117.576,11.7576,0.2,1
California,Art,Prang Dustless Chalk Sticks,23.52,11.76,0.0,3
Washington,Accessories,Imation 8GB Mini TravelDrive USB 2.0 Flash Drive,90.57,11.7741,0.0,1
California,Accessories,Imation 8GB Mini TravelDrive USB 2.0 Flash Drive,90.57,11.7741,0.0,1
Maryland,Binders,GBC ProClick Spines for 32-Hole Punch,25.06,11.7782,0.0,1
California,Binders,Heavy-Duty E-Z-D Binders,34.912,11.7828,0.2,2
New York,Binders,Cardinal Holdit Data Disk Pockets,34.944,11.7936,0.2,1
California,Supplies,Acme Softgrip Scissors,40.7,11.803,0.0,1
Virginia,Supplies,Acme Softgrip Scissors,40.7,11.803,0.0,1
North Carolina,Fasteners,OIC Binder Clips,31.504,11.814,0.2,1
Iowa,Art,Staples in misc. colors,30.32,11.8248,0.0,1
California,Furnishings,Stackable Trays,36.96,11.8272,0.0,3
New Hampshire,Labels,Avery 481,24.64,11.8272,0.0,1
Pennsylvania,Furnishings,"DAX Charcoal/Nickel-Tone Document Frame, 5 x 7",37.92,11.850000000000001,0.2,2
Texas,Paper,Xerox 1902,36.544,11.8768,0.2,1
Indiana,Paper,Xerox 1981,26.4,11.88,0.0,1
Kentucky,Paper,Xerox 1963,26.4,11.88,0.0,1
New York,Paper,Xerox 4200 Series MultiUse Premium Copy Paper (20Lb. and 84 Bright),26.4,11.88,0.0,1
Colorado,Paper,"White Dual Perf Computer Printout Paper, 2700 Sheets, 1 Part, Heavyweight, 20 lbs., 14 7/8 x 11",32.792,11.8871,0.2,1
New Jersey,Binders,Wilson Jones Standard D-Ring Binders,25.3,11.891,0.0,1
Connecticut,Binders,Wilson Jones Standard D-Ring Binders,25.3,11.891,0.0,1
Texas,Envelopes,"White Envelopes, White Envelopes with Clear Poly Window",36.6,11.895,0.2,1
Massachusetts,Art,"Boston 1827 Commercial Additional Cutter, Drive Gear & Gear Rack for 1606",39.66,11.898,0.0,1
Washington,Accessories,Kingston Digital DataTraveler 16GB USB 2.0,62.65,11.9035,0.0,2
Pennsylvania,Envelopes,Staple envelope,34.24,11.9064,0.2,2
Tennessee,Accessories,Maxell 4.7GB DVD-R,45.408,11.9196,0.2,1
New Hampshire,Art,"Sanford Colorific Scented Colored Pencils, 12/Pack",38.52,11.9412,0.0,1
Michigan,Storage,Acco Perma 3000 Stacking Storage Drawers,62.94,11.9586,0.0,1
Florida,Accessories,Imation 32GB Pocket Pro USB 3.0 Flash Drive - 32 GB - Black - 1 P ...,47.92,11.98,0.2,1
New York,Furnishings,"Executive Impressions 10"" Spectator Wall Clock",35.28,11.9952,0.0,1
Ohio,Accessories,NETGEAR RangeMax WNR1000 Wireless Router,59.976,11.9952,0.2,1
Texas,Phones,Nokia Lumia 521 (T-Mobile),119.96,11.996,0.2,1
Arizona,Accessories,Logitech Wireless Anywhere Mouse MX for PC and Mac,95.984,11.998,0.2,1
Illinois,Phones,Apple iPhone 5C,159.984,11.9988,0.2,1
New York,Bookcases,"Bush Andora Bookcase, Maple/Graphite Gray Finish",479.96000000000004,11.998999999999999,0.2,2
New York,Accessories,Dell Slim USB Multimedia Keyboard,50.0,12.0,0.0,1
Tennessee,Art,Deluxe Chalkboard Eraser Cleaner,36.96,12.012,0.2,1
Oklahoma,Art,Dixon Ticonderoga Core-Lock Colored Pencils,36.44,12.0252,0.0,1
California,Art,Dixon Ticonderoga Core-Lock Colored Pencils,36.44,12.0252,0.0,1
New Jersey,Storage,Decoflex Hanging Personal Folder File,46.26,12.0276,0.0,1
New York,Labels,Avery 478,24.55,12.0295,0.0,1
California,Binders,"Acco PRESSTEX Data Binder with Storage Hooks, Light Blue, 9 1/2"" X 11""",34.432,12.0512,0.2,2
Washington,Paper,"Message Book, Phone, Wirebound Standard Line Memo, 2 3/4"" X 5""",26.2,12.052,0.0,1
California,Binders,"Fellowes Twister Kit, Gray/Clear, 3/pkg",38.592,12.06,0.2,2
Pennsylvania,Furnishings,"Howard Miller 11-1/2"" Diameter Grantwood Wall Clock",69.008,12.0764,0.2,1
California,Tables,"Barricks 18"" x 48"" Non-Folding Utility Table with Bottom Storage Shelf",161.28,12.096,0.2,1
California,Storage,"Tenex File Box, Personal Filing Tote with Lid, Black",46.53,12.0978,0.0,1
New Jersey,Bookcases,O'Sullivan Living Dimensions 2-Shelf Bookcases,120.98,12.098,0.0,1
Florida,Appliances,Fellowes 8 Outlet Superior Workstation Surge Protector w/o Phone/Fax/Modem Protection,161.376,12.1032,0.2,1
California,Chairs,Office Star Flex Back Scooter Chair with Aluminum Finish Frame,242.136,12.1068,0.2,1
Florida,Furnishings,"Executive Impressions 13"" Clairmont Wall Clock",46.152,12.114899999999999,0.2,2
North Carolina,Furnishings,"Executive Impressions 13"" Clairmont Wall Clock",46.152,12.1149,0.2,1
California,Art,Boston 16765 Mini Stand Up Battery Pencil Sharpener,46.64,12.1264,0.0,2
Minnesota,Paper,Easy-staple paper,26.38,12.1348,0.0,1
North Carolina,Furnishings,9-3/4 Diameter Round Wall Clock,44.128,12.1352,0.2,1
New York,Labels,Avery 487,25.83,12.1401,0.0,1
Missouri,Accessories,SanDisk Cruzer 32 GB USB Flash Drive,38.04,12.1728,0.0,1
Illinois,Paper,"Wirebound Message Books, Four 2 3/4 x 5 White Forms per Page",37.464,12.1758,0.2,1
North Carolina,Chairs,"Global Value Mid-Back Manager's Chair, Gray",194.848,12.178,0.2,1
Virginia,Storage,Acco Perma 4000 Stacking Storage Drawers,81.2,12.18,0.0,1
Colorado,Furnishings,Aluminum Document Frame,97.76,12.22,0.2,2
New Mexico,Paper,Southworth 25% Cotton Linen-Finish Paper & Envelopes,27.18,12.231,0.0,1
California,Phones,Plantronics Cordless Phone Headset with In-line Volume - M214C,139.8,12.2325,0.2,1
Colorado,Appliances,Tripp Lite TLP810NET Broadband Surge for Modem/Fax,122.328,12.2328,0.2,1
Virginia,Furnishings,Tensor Brushed Steel Torchiere Floor Lamp,67.96,12.2328,0.0,1
Washington,Accessories,"Perixx PERIBOARD-512B, Ergonomic Split Keyboard",174.95,12.2465,0.0,1
Virginia,Appliances,Bionaire 99.97% HEPA Air Cleaner,35.04,12.264,0.0,1
New York,Binders,"ACCOHIDE 3-Ring Binder, Blue, 1""",36.344,12.2661,0.2,2
California,Binders,Plastic Binding Combs,36.36,12.2715,0.2,1
Washington,Appliances,Harmony HEPA Quiet Air Purifiers,35.1,12.285,0.0,1
Florida,Furnishings,Ultra Door Pull Handle,75.744,12.3084,0.2,2
California,Fasteners,Advantus T-Pin Paper Clips,31.57,12.312299999999999,0.0,2
Arizona,Accessories,Memorex Micro Travel Drive 16 GB,89.544,12.3123,0.2,1
Pennsylvania,Furnishings,"Eldon Executive Woodline II Desk Accessories, Mahogany",140.728,12.3137,0.20000000000000004,3
Texas,Phones,OtterBox Commuter Series Case - iPhone 5 & 5s,35.184,12.3144,0.2,1
North Carolina,Art,Boston 1645 Deluxe Heavier-Duty Electric Pencil Sharpener,140.736,12.3144,0.2,1
Missouri,Envelopes,"#10- 4 1/8"" x 9 1/2"" Recycled Envelopes",26.22,12.3234,0.0,1
Pennsylvania,Furnishings,"DAX Executive Solid Wood Document Frame, Desktop or Hang, Mahogany, 5 x 7",70.448,12.3284,0.2,1
New York,Binders,"Acco Pressboard Covers with Storage Hooks, 9 1/2"" x 11"", Executive Red",36.576,12.3444,0.2,5
Indiana,Art,Sanford Liquid Accent Highlighters,33.4,12.358,0.0,1
Michigan,Appliances,Acco 6 Outlet Guardian Premium Surge Suppressor,65.52,12.376,0.1,1
Pennsylvania,Appliances,"Acco Smartsocket Table Surge Protector, 6 Color-Coded Adapter Outlets",99.28,12.41,0.2,1
California,Furnishings,"Eldon Stackable Tray, Side-Load, Legal, Smoke",36.56,12.4304,0.0,2
Utah,Supplies,Fiskars Home & Office Scissors,44.4,12.432,0.0,1
Georgia,Paper,Xerox 1997,25.92,12.4416,0.0,1
California,Paper,Xerox 2,25.92,12.4416,0.0,1
South Carolina,Paper,Xerox 224,25.92,12.4416,0.0,1
Louisiana,Paper,Xerox 231,25.92,12.4416,0.0,1
Michigan,Paper,Xerox 1996,25.92,12.4416,0.0,1
Minnesota,Paper,Xerox 205,25.92,12.4416,0.0,1
Washington,Paper,Xerox 212,25.92,12.4416,0.0,1
Indiana,Paper,Xerox 226,25.92,12.4416,0.0,1
Georgia,Paper,Xerox 201,25.92,12.4416,0.0,1
New York,Paper,Xerox 1994,25.92,12.4416,0.0,1
New York,Paper,Xerox 1967,25.92,12.4416,0.0,2
Idaho,Paper,Xerox 1931,25.92,12.4416,0.0,1
New York,Paper,Xerox 2000,25.92,12.4416,0.0,1
New York,Paper,Xerox 192,25.92,12.4416,0.0,1
New Jersey,Paper,Xerox 215,25.92,12.4416,0.0,1
Missouri,Paper,Xerox 214,25.92,12.4416,0.0,1
Nevada,Paper,Xerox 1997,25.92,12.4416,0.0,1
Washington,Paper,Xerox 220,25.92,12.4416,0.0,1
California,Paper,Xerox 223,25.92,12.441600000000001,0.0,2
Connecticut,Paper,Strathmore Photo Mount Cards,27.12,12.4752,0.0,1
Massachusetts,Storage,"Decoflex Hanging Personal Folder File, Blue",46.26,12.4902,0.0,1
Michigan,Art,BIC Liqua Brite Liner,34.7,12.492,0.0,1
Texas,Storage,Safco Steel Mobile File Cart,200.064,12.504,0.2,1
Pennsylvania,Paper,Southworth 25% Cotton Antique Laid Paper & Envelopes,40.032,12.51,0.2,1
Minnesota,Art,Peel-Off China Markers,29.79,12.5118,0.0,1
Virginia,Furnishings,"Master Caster Door Stop, Large Neon Orange",29.12,12.5216,0.0,1
New York,Furnishings,"Master Caster Door Stop, Large Neon Orange",29.12,12.5216,0.0,2
Virginia,Fasteners,OIC Binder Clips,25.06,12.53,0.0,1
Colorado,Paper,"Geographics Note Cards, Blank, White, 8 1/2"" x 11""",35.808,12.5328,0.2,1
Missouri,Binders,Wilson Jones 14 Line Acrylic Coated Pressboard Data Binders,26.7,12.549,0.0,1
New York,Binders,"Avery Trapezoid Extra Heavy Duty 4"" Binders",33.552,12.582,0.2,1
New York,Storage,Super Decoflex Portable Personal File,44.94,12.5832,0.0,1
Alabama,Phones,Plantronics Encore H101 Dual Earpieces Headset,44.95,12.586,0.0,1
Wisconsin,Art,"Hunt BOSTON Vista Battery-Operated Pencil Sharpener, Black",46.64,12.5928,0.0,1
New York,Fasteners,"Advantus Push Pins, Aluminum Head",40.67,12.6077,0.0,1
California,Furnishings,Eldon Antistatic Chair Mats for Low to Medium Pile Carpets,210.58,12.6348,0.0,1
Wisconsin,Paper,"Adams Phone Message Book, 200 Message Capacity, 8 1/16 x 11",27.52,12.6592,0.0,1
North Carolina,Furnishings,"Seth Thomas 16"" Steel Case Clock",77.952,12.6672,0.2,1
Maryland,Paper,Astroparche Fine Business Paper,26.4,12.672,0.0,1
Michigan,Binders,"Wilson Jones 1"" Hanging DublLock Ring Binders",26.4,12.672,0.0,1
California,Supplies,"Elite 5"" Scissors",42.25,12.675,0.0,2
California,Furnishings,"Advantus Employee of the Month Certificate Frame, 11 x 13-1/2",30.93,12.6813,0.0,1
Iowa,Binders,Wilson Jones Impact Binders,25.9,12.691,0.0,1
North Dakota,Binders,Wilson Jones Impact Binders,25.9,12.691,0.0,1
Florida,Envelopes,"#10 White Business Envelopes,4 1/8 x 9 1/2",37.608,12.6927,0.2,1
California,Paper,Xerox 1975,25.92,12.7008,0.0,2
Virginia,Paper,Xerox 1957,25.92,12.7008,0.0,2
Tennessee,Paper,Xerox 1931,36.288,12.7008,0.2,1
Texas,Paper,Xerox 224,36.288,12.7008,0.2,1
Arkansas,Paper,Xerox 1993,25.92,12.7008,0.0,1
Ohio,Paper,Xerox 214,36.288,12.7008,0.2,1
Texas,Paper,Xerox 22,36.288,12.7008,0.2,1
Arizona,Paper,Xerox 21,36.288,12.7008,0.2,1
Pennsylvania,Paper,Xerox 216,36.288,12.700800000000001,0.2,2
New York,Storage,"SimpliFile Personal File, Black Granite, 15w x 6-15/16d x 11-1/4h",45.4,12.712,0.0,1
New Jersey,Binders,Storex DuraTech Recycled Plastic Frosted Binders,25.44,12.72,0.0,1
Michigan,Art,Panasonic KP-4ABK Battery-Operated Pencil Sharpener,43.92,12.7368,0.0,1
New York,Art,Panasonic KP-4ABK Battery-Operated Pencil Sharpener,43.92,12.7368,0.0,1
California,Envelopes,"Redi-Strip #10 Envelopes, 4 1/8 x 9 1/2",26.55,12.744,0.0,2
Virginia,Envelopes,"Redi-Strip #10 Envelopes, 4 1/8 x 9 1/2",26.55,12.744,0.0,1
New York,Envelopes,"Tyvek  Top-Opening Peel & Seel Envelopes, Plain White",27.18,12.7746,0.0,1
New York,Bookcases,"Hon Metal Bookcases, Putty",113.568,12.7764,0.2,1
Alabama,Binders,Wilson Jones Four-Pocket Poly Binders,26.16,12.8184,0.0,1
New York,Paper,Xerox 1923,26.72,12.8256,0.0,2
California,Tables,"Chromcraft 48"" x 96"" Racetrack Double Pedestal Table",513.024,12.8256,0.2,1
California,Furnishings,"DAX Executive Solid Wood Document Frame, Desktop or Hang, Mahogany, 5 x 7",37.74,12.8316,0.0,1
New York,Furnishings,"DAX Executive Solid Wood Document Frame, Desktop or Hang, Mahogany, 5 x 7",37.74,12.8316,0.0,1
Massachusetts,Paper,Advantus Motivational Note Cards,26.2,12.838,0.0,1
Texas,Paper,Xerox 1962,41.088,12.84,0.2,2
Washington,Furnishings,"Eldon Expressions Wood Desk Accessories, Oak",44.28,12.8412,0.0,2
Minnesota,Furnishings,Staple-based wall hangings,29.22,12.8568,0.0,1
Colorado,Storage,Letter Size Cart,114.288,12.8574,0.2,1
Georgia,Accessories,Memorex Froggy Flash Drive 4 GB,32.97,12.8583,0.0,1
Utah,Art,Boston KS Multi-Size Manual Pencil Sharpener,45.98,12.8744,0.0,1
California,Art,Boston KS Multi-Size Manual Pencil Sharpener,45.98,12.8744,0.0,1
Ohio,Furnishings,Nu-Dell Executive Frame,60.672,12.8928,0.2,1
New Jersey,Envelopes,Ampad #10 Peel & Seel Holiday Envelopes,26.88,12.9024,0.0,1
Ohio,Furnishings,"Seth Thomas 14"" Putty-Colored Wall Clock",93.888,12.9096,0.2,1
Kentucky,Furnishings,C-Line Cubicle Keepers Polyproplyene Holder With Velcro Backings,33.11,12.9129,0.0,1
Virginia,Art,Newell 324,46.2,12.936,0.0,1
California,Binders,GBC Standard Therm-A-Bind Covers,39.872,12.9584,0.2,1
Minnesota,Accessories,KeyTronic E03601U1 - Keyboard - Beige,72.0,12.96,0.0,1
California,Binders,Large Capacity Hanging Post Binders,39.92,12.974,0.2,1
Kansas,Furnishings,"Seth Thomas 8 1/2"" Cubicle Clock",40.56,12.9792,0.0,1
California,Phones,PowerGen Dual USB Car Charger,39.96,12.987,0.2,1
Florida,Furnishings,"DataProducts Ampli Magnifier Task Lamp, Black,",129.888,12.9888,0.2,1
Louisiana,Chairs,"Global Stack Chair without Arms, Black",51.96,12.99,0.0,1
New Jersey,Furnishings,Eldon Advantage Chair Mats for Low to Medium Pile Carpets,129.93,12.993,0.0,1
Georgia,Furnishings,Eldon Advantage Chair Mats for Low to Medium Pile Carpets,129.93,12.993,0.0,1
Illinois,Paper,Xerox 1949,35.856,12.9978,0.2,1
Arizona,Accessories,Memorex Micro Travel Drive 8 GB,41.6,13.0,0.2,1
Delaware,Binders,GBC Standard Plastic Binding Systems Combs,26.55,13.0095,0.0,1
Ohio,Appliances,Kensington 4 Outlet MasterPiece Compact Power Control Center,130.112,13.0112,0.2,1
Washington,Storage,"Personal Filing Tote with Lid, Black/Gray",46.53,13.0284,0.0,1
Utah,Binders,"Acco Data Flex Cable Posts For Top & Bottom Load Binders, 6"" Capacity",41.72,13.0375,0.2,1
Oklahoma,Furnishings,"Master Giant Foot Doorstop, Safety Yellow",30.36,13.0548,0.0,1
Missouri,Binders,"Wilson Jones Hanging View Binder, White, 1""",28.4,13.064,0.0,1
Virginia,Paper,"Wirebound Message Books, Four 2 3/4"" x 5"" Forms per Page, 600 Sets per Book",27.81,13.0707,0.0,1
New York,Storage,"Trav-L-File Heavy-Duty Shuttle II, Black",43.57,13.071,0.0,1
Oregon,Paper,Riverleaf Stik-Withit Designer Note Cubes,40.24,13.078,0.2,1
Ohio,Paper,Xerox 1923,37.408,13.0928,0.2,1
Colorado,Furnishings,Dana Halogen Swing-Arm Architect Lamp,131.104,13.1104,0.2,2
North Carolina,Envelopes,"White Business Envelopes with Contemporary Seam, Recycled White Business Envelopes",35.008,13.128,0.2,1
Washington,Furnishings,"Eldon Expressions Punched Metal & Wood Desk Accessories, Black & Cherry",46.9,13.132,0.0,1
Texas,Paper,Xerox 1966,36.288,13.154399999999999,0.2,2
Texas,Paper,Xerox 1930,36.288000000000004,13.1544,0.2,2
Connecticut,Binders,"Acco PRESSTEX Data Binder with Storage Hooks, Dark Blue, 14 7/8"" X 11""",26.9,13.181,0.0,1
California,Storage,Portable Personal File Box,48.84,13.1868,0.0,1
Massachusetts,Furnishings,"Eldon 200 Class Desk Accessories, Burgundy",31.4,13.188,0.0,1
New Hampshire,Accessories,Logitech 910-002974 M325 Wireless Mouse for Web Scrolling,29.99,13.1956,0.0,1
North Carolina,Accessories,Logitech Trackman Marble Mouse,47.984,13.1956,0.2,1
Florida,Paper,Xerox 1963,42.24,13.2,0.2,1
Texas,Paper,Xerox 1928,42.24,13.2,0.2,1
California,Labels,Avery 494,28.71,13.206599999999998,0.0,2
District of Columbia,Art,"BIC Brite Liner Grip Highlighters, Assorted, 5/Pack",33.92,13.2288,0.0,1
Washington,Fasteners,Staples,27.18,13.232399999999998,0.0,2
Indiana,Paper,"Wirebound Message Books, 2 7/8"" x 5"", 3 Forms per Page",28.16,13.2352,0.0,1
Indiana,Phones,Spigen Samsung Galaxy S5 Case Wallet,50.97,13.2522,0.0,1
California,Binders,"Pressboard Covers with Storage Hooks, 9 1/2"" x 11"", Light Blue",39.28,13.257,0.2,2
Washington,Accessories,Logitech Media Keyboard K200,69.98,13.2962,0.0,1
New York,Labels,Avery 506,28.91,13.2986,0.0,1
Michigan,Labels,Avery 491,28.91,13.2986,0.0,1
California,Labels,Avery 476,28.909999999999997,13.2986,0.0,2
Texas,Accessories,"Maxell 74 Minute CDR, 10/Pack",62.592,13.3008,0.2,1
New York,Binders,"Wilson Jones 1"" Hanging DublLock Ring Binders",38.016000000000005,13.3056,0.2,2
California,Labels,Avery 481,27.72,13.3056,0.0,1
Michigan,Labels,Avery 511,27.72,13.3056,0.0,1
Wisconsin,Storage,"Stur-D-Stor Shelving, Vertical 5-Shelf: 72""H x 36""W x 18 1/2""D",665.88,13.3176,0.0,1
Arizona,Chairs,Office Star - Contemporary Task Swivel Chair,266.352,13.3176,0.2,1
Indiana,Storage,"Carina Mini System Audio Rack, Model AR050B",443.92,13.3176,0.0,1
California,Paper,"It's Hot Message Books with Stickers, 2 3/4"" x 5""",29.6,13.32,0.0,1
Texas,Labels,Avery 505,35.52,13.32,0.2,1
Iowa,Binders,"Avery Durable Plastic 1"" Binders",27.24,13.3476,0.0,1
New Mexico,Envelopes,Staple envelope,28.4,13.348,0.0,1
Michigan,Binders,Storex Dura Pro Binders,29.7,13.365,0.0,1
Rhode Island,Binders,Storex Dura Pro Binders,29.7,13.365,0.0,1
California,Binders,"ACCOHIDE 3-Ring Binder, Blue, 1""",39.647999999999996,13.3812,0.20000000000000004,3
New York,Furnishings,G.E. Halogen Desk Lamp Bulbs,27.92,13.4016,0.0,2
Georgia,Binders,Recycled Easel Ring Binders,29.84,13.428,0.0,1
Maine,Binders,Recycled Easel Ring Binders,29.84,13.428,0.0,1
Washington,Furnishings,"Executive Impressions 12"" Wall Clock",35.34,13.4292,0.0,1
California,Furnishings,"Executive Impressions 12"" Wall Clock",35.34,13.4292,0.0,1
California,Binders,"GBC Pre-Punched Binding Paper, Plastic, White, 8-1/2"" x 11""",38.376,13.4316,0.2,1
New York,Chairs,Global Super Steno Chair,172.764,13.4372,0.1,1
Illinois,Phones,Pyle PMP37LED,153.584,13.4386,0.2,1
New York,Paper,Strathmore Photo Frame Cards,29.24,13.4504,0.0,2
Illinois,Paper,Xerox 1910,38.432,13.4512,0.2,1
Washington,Art,SANFORD Major Accent Highlighters,35.4,13.452,0.0,1
Georgia,Art,SANFORD Major Accent Highlighters,35.4,13.452,0.0,1
Virginia,Paper,Xerox 1920,29.9,13.455,0.0,1
California,Paper,Xerox 1962,29.96,13.482,0.0,3
Washington,Paper,Xerox 1896,29.97,13.4865,0.0,1
Washington,Binders,DXL Angle-View Binders with Locking Rings by Samsill,43.176,13.4925,0.2,1
Kentucky,Binders,"XtraLife ClearVue Slant-D Ring Binder, White, 3""",29.36,13.5056,0.0,1
Colorado,Accessories,Logitech MX Performance Wireless Mouse,63.824,13.5626,0.2,1
Florida,Phones,AT&T 17929 Lendline Telephone,180.96,13.572,0.2,1
Texas,Phones,AT&T 17929 Lendline Telephone,180.96,13.572,0.2,1
Illinois,Phones,AT&T 17929 Lendline Telephone,180.96,13.572,0.2,1
Arkansas,Accessories,Kingston Digital DataTraveler 16GB USB 2.0,71.6,13.604,0.0,2
New York,Accessories,Kingston Digital DataTraveler 16GB USB 2.0,71.6,13.604,0.0,1
New York,Storage,Staple magnet,49.5,13.6464,0.0,2
New Jersey,Accessories,Memorex Micro Travel Drive 4 GB,31.8,13.674,0.0,1
Arizona,Appliances,Fellowes Superior 10 Outlet Split Surge Protector,121.792,13.7016,0.2,1
Tennessee,Paper,Xerox 1909,42.208,13.7176,0.2,1
Washington,Phones,Plantronics Calisto P620-M USB Wireless Speakerphone System,156.792,13.7193,0.2,1
Washington,Labels,Avery 519,29.24,13.7428,0.0,1
New York,Phones,Samsung Replacement EH64AVFWE Premium Headset,55.0,13.75,0.0,2
Illinois,Paper,Things To Do Today Spiral Book,38.016,13.7808,0.2,1
Florida,Furnishings,24-Hour Round Wall Clock,47.952,13.7862,0.2,1
California,Accessories,Anker Ultra-Slim Mini Bluetooth 3.0 Wireless Keyboard,59.97,13.7931,0.0,1
Ohio,Furnishings,"Eldon 200 Class Desk Accessories, Burgundy",50.239999999999995,13.816,0.2,2
New York,Binders,Wilson Jones data.warehouse D-Ring Binders with DublLock,39.504,13.8264,0.2,2
Texas,Envelopes,"Recycled Interoffice Envelopes with Re-Use-A-Seal Closure, 10 x 13",40.968,13.8267,0.2,1
California,Furnishings,"Master Caster Door Stop, Large Brown",36.4,13.832,0.0,1
Tennessee,Furnishings,"Ultra Door Kickplate, 8""H x 34""W",79.12,13.846,0.2,1
Pennsylvania,Furnishings,"Ultra Door Kickplate, 8""H x 34""W",79.12,13.846,0.2,1
Washington,Chairs,"Safco Chair Connectors, 6/Carton",123.136,13.8528,0.2,1
Florida,Storage,Advantus Rolling Drawer Organizers,184.704,13.8528,0.2,1
Texas,Storage,Eldon Portable Mobile Manager,158.368,13.8572,0.2,1
Florida,Phones,Samsung Rugby III,158.376,13.8579,0.2,1
Texas,Phones,Samsung Rugby III,158.376,13.8579,0.2,1
Illinois,Phones,Samsung Rugby III,158.376,13.8579,0.2,1
Washington,Binders,JM Magazine Binder,39.624,13.8684,0.2,1
New York,Labels,Avery 52,29.52,13.8744,0.0,2
Delaware,Binders,DXL Angle-View Binders with Locking Rings by Samsill,30.84,13.878,0.0,1
New York,Paper,Riverleaf Stik-Withit Designer Note Cubes,30.18,13.8828,0.0,1
Washington,Paper,Riverleaf Stik-Withit Designer Note Cubes,30.18,13.8828,0.0,1
Rhode Island,Storage,Advantus Rolling Storage Box,51.45,13.8915,0.0,1
Montana,Storage,Advantus Rolling Storage Box,51.45,13.8915,0.0,1
New York,Art,Bulldog Table or Wall-Mount Pencil Sharpener,47.92,13.896799999999999,0.0,2
Massachusetts,Bookcases,"Bush Westfield Collection Bookcases, Dark Cherry Finish",173.94,13.9152,0.0,1
Pennsylvania,Paper,"Speediset Carbonless Redi-Letter 7"" x 8 1/2""",41.24,13.9185,0.2,1
Massachusetts,Binders,"Wilson Jones Clip & Carry Folder Binder Tool for Ring Binders, Clear",29.0,13.92,0.0,1
New York,Binders,Avery Printable Repositionable Plastic Tabs,41.28,13.932,0.2,1
Wisconsin,Storage,Eldon Simplefile Box Office,49.76,13.9328,0.0,1
Montana,Paper,"Wirebound Service Call Books, 5 1/2"" x 4""",29.04,13.9392,0.0,1
California,Paper,"Wirebound Service Call Books, 5 1/2"" x 4""",29.04,13.9392,0.0,2
California,Binders,Cardinal Holdit Business Card Pockets,39.84,13.944,0.2,4
California,Binders,GBC Wire Binding Combs,41.36,13.959,0.2,1
Michigan,Storage,"Neat Ideas Personal Hanging Folder Files, Black",53.72,13.9672,0.0,1
Florida,Chairs,"Iceberg Nesting Folding Chair, 19w x 6d x 43h",186.304,13.9728,0.2,1
California,Binders,Tuff Stuff Recycled Round Ring Binders,38.56,13.977999999999998,0.20000000000000004,3
Rhode Island,Binders,Ibico Plastic Spiral Binding Combs,30.4,13.984,0.0,1
Illinois,Accessories,Kensington SlimBlade Notebook Wireless Mouse with Nano Receiver ,79.984,13.9972,0.2,1
Colorado,Phones,RCA ViSYS 25423RE1 Corded phone,159.984,13.9986,0.2,1
New York,Labels,Avery 477,30.53,14.0438,0.0,1
New York,Phones,"Square Credit Card Reader, 4 1/2"" x 4 1/2"" x 1"", White",29.97,14.0859,0.0,1
Michigan,Binders,Avery Durable Binders,28.799999999999997,14.112,0.0,3
New York,Chairs,Office Star Flex Back Scooter Chair with Aluminum Finish Frame,90.801,14.1246,0.1,1
California,Paper,"Adams ""While You Were Out"" Message Pads",31.4,14.13,0.0,2
California,Furnishings,"Executive Impressions 8-1/2"" Career Panel/Partition Cubicle Clock",41.6,14.144,0.0,1
Minnesota,Storage,Sterilite Officeware Hinged File Box,52.4,14.148,0.0,1
Maryland,Paper,Xerox 1950,28.9,14.161,0.0,1
New York,Paper,HP Office Recycled Paper (20Lb. and 87 Bright),28.9,14.161,0.0,1
California,Paper,Xerox 196,28.9,14.161000000000001,0.0,2
Wisconsin,Storage,Crate-A-Files,54.5,14.17,0.0,1
Kentucky,Accessories,Maxell DVD-RAM Discs,32.96,14.1728,0.0,1
Washington,Paper,"Ampad Gold Fibre Wirebound Steno Books, 6"" x 9"", Gregg Ruled",30.87,14.2002,0.0,1
South Carolina,Fasteners,Staples,31.56,14.202,0.0,1
Nevada,Furnishings,"Executive Impressions 13-1/2"" Indoor/Outdoor Wall Clock",37.4,14.212,0.0,1
Pennsylvania,Art,"Sanford Prismacolor Professional Thick Lead Art Pencils, 36-Color Set",59.904,14.2272,0.2,1
Illinois,Art,"Sanford Prismacolor Professional Thick Lead Art Pencils, 36-Color Set",59.904,14.2272,0.2,1
California,Art,"Dixon Ticonderoga Erasable Colored Pencil Set, 12-Color",41.86,14.2324,0.0,1
California,Storage,2300 Heavy-Duty Transfer File Systems by Perma,74.94,14.2386,0.0,1
Indiana,Paper,Xerox 1954,31.68,14.256,0.0,1
Massachusetts,Art,Stanley Bostitch Contemporary Electric Pencil Sharpeners,50.94,14.2632,0.0,1
Indiana,Binders,Wilson Jones Active Use Binders,29.12,14.2688,0.0,1
California,Appliances,Holmes Odor Grabber,43.26,14.2758,0.0,1
Florida,Furnishings,DAX Black Cherry Wood-Tone Poster Frame,63.552,14.2992,0.2,1
New York,Paper,"Wirebound Message Books, Two 4 1/4"" x 5"" Forms per Page",30.44,14.3068,0.0,1
Illinois,Storage,Recycled Steel Personal File for Hanging File Folders,228.92,14.3075,0.2,1
Florida,Furnishings,"Executive Impressions 14"" Two-Color Numerals Wall Clock",54.528,14.3136,0.2,1
New York,Binders,Ibico Standard Transparent Covers,39.552,14.3376,0.2,1
New York,Art,Boston 16701 Slimline Battery Pencil Sharpener,47.82,14.346,0.0,1
New York,Storage,Fellowes Officeware Wire Shelving,718.64,14.372800000000002,0.0,2
Virginia,Furnishings,12-1/2 Diameter Round Wall Clock,39.96,14.3856,0.0,1
Pennsylvania,Appliances,Belkin 8 Outlet SurgeMaster II Gold Surge Protector,143.952,14.3952,0.2,1
Arkansas,Fasteners,Advantus Plastic Paper Clips,30.0,14.4,0.0,1
Kentucky,Labels,Smead Alpha-Z Color-Coded Name Labels First Letter Starter Set,30.0,14.4,0.0,1
Pennsylvania,Accessories,NETGEAR N750 Dual Band Wi-Fi Gigabit Router,72.0,14.4,0.2,1
Arizona,Appliances,3M Replacement Filter for Office Air Cleaner for 20' x 33' Room,60.672,14.4096,0.2,1
California,Paper,"TOPS Money Receipt Book, Consecutively Numbered in Red,",32.04,14.418,0.0,1
California,Supplies,Premier Automatic Letter Opener,480.74,14.4222,0.0,1
Oklahoma,Binders,Avery Binding System Hidden Tab Executive Style Index Sets,28.85,14.425,0.0,1
Oklahoma,Labels,Avery 508,29.46,14.4354,0.0,1
Tennessee,Furnishings,"Executive Impressions 14"" Contract Wall Clock",88.92,14.4495,0.2,1
New York,Furnishings,DAX Solid Wood Frames,39.08,14.4596,0.0,1
California,Labels,Avery 495,31.5,14.490000000000002,0.0,2
Massachusetts,Furnishings,"Deflect-o DuraMat Lighweight, Studded, Beveled Mat for Low Pile Carpeting",85.3,14.501,0.0,1
Texas,Paper,Xerox 1997,41.472,14.5152,0.2,1
Pennsylvania,Paper,Xerox 231,41.472,14.5152,0.2,2
North Carolina,Paper,Xerox 220,41.472,14.5152,0.2,2
Florida,Paper,Xerox 211,41.472,14.5152,0.2,1
Pennsylvania,Paper,Xerox 210,41.472,14.5152,0.20000000000000004,3
Pennsylvania,Paper,Xerox 1995,41.472,14.5152,0.2,1
Iowa,Furnishings,"C-Line Magnetic Cubicle Keepers, Clear Polypropylene",34.58,14.5236,0.0,1
Tennessee,Furnishings,3M Polarizing Light Filter Sleeves,44.76,14.547,0.2,1
Wisconsin,Chairs,Global Highback Leather Tilter in Burgundy,90.99,14.5584,0.0,1
Virginia,Furnishings,Luxo Professional Magnifying Clamp-On Fluorescent Lamps,104.01,14.5614,0.0,1
New York,Furnishings,"DAX Contemporary Wood Frame with Silver Metal Mat, Desktop, 11 x 14 Size",40.48,14.5728,0.0,1
Washington,Storage,"Carina 42""Hx23 3/4""W Media Storage Unit",728.8199999999999,14.5764,0.0,2
Florida,Phones,Wi-Ex zBoost YX540 Cellular Phone Signal Booster,116.76,14.595,0.2,1
Missouri,Appliances,"Holmes Replacement Filter for HEPA Air Cleaner, Medium Room",33.99,14.6157,0.0,1
New York,Chairs,"Safco Chair Connectors, 6/Carton",69.264,14.6224,0.1,1
Virginia,Envelopes,Staple envelope,31.12,14.6264,0.0,1
Florida,Accessories,Memorex Micro Travel Drive 4 GB,50.88,14.628,0.2,1
Washington,Paper,Universal Premium White Copier/Laser Paper (20Lb. and 87 Bright),29.9,14.651,0.0,1
North Carolina,Appliances,"Eureka The Boss Plus 12-Amp Hard Box Upright Vacuum, Red",167.44,14.651,0.2,1
New Hampshire,Paper,Xerox 1903,29.9,14.651,0.0,1
Washington,Furnishings,"Howard Miller 11-1/2"" Diameter Grantwood Wall Clock",43.13,14.6642,0.0,1
New York,Furnishings,"Executive Impressions 14"" Contract Wall Clock",44.46,14.6718,0.0,1
South Carolina,Storage,X-Rack File for Hanging Folders,56.45,14.677,0.0,1
Virginia,Storage,X-Rack File for Hanging Folders,56.45,14.677,0.0,1
Washington,Chairs,"Global Stack Chair with Arms, Black",167.888,14.6902,0.2,1
Rhode Island,Furnishings,"Eldon 400 Class Desk Accessories, Black Carbon",35.0,14.7,0.0,1
Idaho,Furnishings,"Eldon 400 Class Desk Accessories, Black Carbon",35.0,14.7,0.0,1
Massachusetts,Furnishings,"Westinghouse Mesh Shade Clip-On Gooseneck Lamp, Black",56.56,14.7056,0.0,1
Arkansas,Storage,"Gould Plastics 18-Pocket Panel Bin, 34w x 5-1/4d x 20-1/2h",367.96,14.7184,0.0,1
Washington,Accessories,Logitech Desktop MK120 Mouse and keyboard Combo,147.24,14.724,0.0,2
Maryland,Accessories,Logitech Desktop MK120 Mouse and keyboard Combo,147.24,14.724,0.0,2
Texas,Labels,"Permanent Self-Adhesive File Folder Labels for Typewriters, 1 1/8 x 3 1/2, White",45.36,14.742,0.2,1
Colorado,Storage,Mobile Personal File Cube,168.624,14.7546,0.2,1
Texas,Phones,Panasonic KX TS3282B Corded phone,196.776,14.7582,0.2,1
California,Storage,SAFCO Boltless Steel Shelving,1477.3200000000002,14.7732,0.0,3
California,Labels,Avery 490,29.6,14.8,0.0,1
New York,Fasteners,Acco Hot Clips Clips to Go,32.9,14.805,0.0,2
New York,Supplies,Acme Preferred Stainless Steel Scissors,51.12,14.8248,0.0,2
Michigan,Furnishings,"Tenex Carpeted, Granite-Look or Clear Contemporary Contour Shape Chair Mats",212.13,14.8491,0.0,1
Michigan,Fasteners,Staples,32.36,14.866,0.0,3
California,Art,Newell 325,49.56,14.868,0.0,2
Wisconsin,Accessories,Memorex Micro Travel Drive 16 GB,47.97,14.8707,0.0,1
California,Furnishings,"Eldon Expressions Punched Metal & Wood Desk Accessories, Pewter & Cherry",53.2,14.896,0.0,1
New York,Binders,"Acco Four Pocket Poly Ring Binder with Label Holder, Smoke, 1""",47.68,14.9,0.2,2
Washington,Labels,Avery 489,31.05,14.904,0.0,1
New Jersey,Labels,Avery 503,31.05,14.904,0.0,1
Delaware,Binders,"GBC Twin Loop Wire Binding Elements, 9/16"" Spine, Black",30.44,14.9156,0.0,1
Mississippi,Binders,"GBC Twin Loop Wire Binding Elements, 9/16"" Spine, Black",30.44,14.9156,0.0,1
Delaware,Furnishings,Eldon Econocleat Chair Mats for Low Pile Carpets,124.41,14.9292,0.0,1
New York,Art,Newell 315,59.8,14.95,0.0,2
Maine,Accessories,Lenovo 17-Key USB Numeric Keypad,67.98,14.9556,0.0,1
Minnesota,Envelopes,Security-Tint Envelopes,30.56,14.9744,0.0,2
California,Envelopes,Security-Tint Envelopes,30.56,14.9744,0.0,1
Kentucky,Storage,Fellowes Super Stor/Drawer,83.25,14.985,0.0,1
Connecticut,Accessories,Micropad Numeric Keypads,59.97,14.9925,0.0,1
New York,Accessories,Micropad Numeric Keypads,59.97,14.9925,0.0,1
New York,Accessories,Anker Ultrathin Bluetooth Wireless Keyboard Aluminum Cover with Stand ,149.95,14.995,0.0,1
Pennsylvania,Paper,"REDIFORM Incoming/Outgoing Call Register, 11"" X 8 1/2"", 100 Messages",40.032,15.012,0.2,1
Oregon,Appliances,Fellowes 8 Outlet Superior Workstation Surge Protector,133.472,15.0156,0.2,1
New York,Accessories,AmazonBasics 3-Button USB Wired Mouse,34.95,15.0285,0.0,2
Texas,Phones,Jabra SPEAK 410,150.384,15.0384,0.2,1
California,Storage,"Fellowes Personal Hanging Folder Files, Navy",53.72,15.0416,0.0,1
California,Paper,"Message Book, Phone, Wirebound Standard Line Memo, 2 3/4"" X 5""",32.75,15.065,0.0,1
Colorado,Furnishings,"Master Caster Door Stop, Large Neon Orange",52.416,15.0696,0.2,1
Texas,Phones,Classic Ivory Antique Telephone ZL1810,241.176,15.0735,0.2,1
California,Art,"BOSTON Ranger #55 Pencil Sharpener, Black",51.98,15.0742,0.0,1
Texas,Paper,Xerox 1978,41.616,15.085799999999999,0.2,2
New York,Furnishings,Nu-Dell Float Frame 11 x 14 1/2,35.92,15.0864,0.0,1
California,Accessories,"Maxell 74 Minute CD-R Spindle, 50/Pack",41.94,15.0984,0.0,1
Washington,Accessories,"Maxell 74 Minute CD-R Spindle, 50/Pack",41.94,15.0984,0.0,1
California,Binders,Fellowes Black Plastic Comb Bindings,46.48,15.106,0.20000000000000004,3
California,Fasteners,Stockwell Push Pins,45.78,15.1074,0.0,4
Georgia,Accessories,Sony 64GB Class 10 Micro SDHC R40 Memory Card,71.98,15.1158,0.0,1
Washington,Accessories,Sony 64GB Class 10 Micro SDHC R40 Memory Card,71.98,15.1158,0.0,1
Louisiana,Accessories,Sony 64GB Class 10 Micro SDHC R40 Memory Card,71.98,15.1158,0.0,1
Arizona,Phones,Adtran 1202752G1,201.584,15.1188,0.2,1
New York,Chairs,"Global Fabric Manager's Chair, Dark Gray",90.882,15.147,0.1,1
North Carolina,Chairs,"Global Fabric Manager's Chair, Dark Gray",242.352,15.147,0.2,1
California,Binders,Pressboard Hanging Data Binders for Unburst Sheets,43.296,15.153599999999999,0.20000000000000004,3
Texas,Art,"Boston School Pro Electric Pencil Sharpener, 1670",173.488,15.1802,0.2,2
Massachusetts,Chairs,"Global Value Steno Chair, Gray",60.74,15.185,0.0,1
Illinois,Art,"Hunt PowerHouse Electric Pencil Sharpener, Blue",121.536,15.192,0.2,1
California,Art,Newell Chalk Holder,33.04,15.1984,0.0,3
Pennsylvania,Paper,"Wirebound Message Books, 2 7/8"" x 5"", 3 Forms per Page",45.056,15.2064,0.2,1
Missouri,Chairs,"Global Value Mid-Back Manager's Chair, Gray",60.89,15.2225,0.0,1
Arizona,Phones,Jabra BIZ 2300 Duo QD Duo Corded Headset,203.184,15.2388,0.2,1
California,Appliances,Holmes HEPA Air Purifier,43.56,15.246,0.0,1
Missouri,Appliances,Belkin 5 Outlet SurgeMaster Power Centers,54.48,15.2544,0.0,1
Ohio,Envelopes,Brown Kraft Recycled Envelopes,40.752,15.282,0.2,1
Texas,Art,Peel-Off China Markers,55.608000000000004,15.292200000000001,0.2,2
Florida,Furnishings,"Dana Fluorescent Magnifying Lamp, White, 36""",122.352,15.294,0.2,1
California,Accessories,"Verbatim 25 GB 6x Blu-ray Single Layer Recordable Disc, 10/Pack",46.36,15.2988,0.0,1
Washington,Accessories,Belkin Standard 104 key USB Keyboard,102.13,15.3195,0.0,1
California,Binders,Ibico Plastic and Wire Spiral Binding Combs,47.208,15.342600000000001,0.2,2
California,Tables,"Barricks Non-Folding Utility Table with Steel Legs, Laminate Tops",136.464,15.3522,0.2,1
Kansas,Accessories,"Verbatim 25 GB 6x Blu-ray Single Layer Recordable Disc, 3/Pack",34.95,15.378,0.0,1
Arkansas,Accessories,"Verbatim 25 GB 6x Blu-ray Single Layer Recordable Disc, 3/Pack",34.95,15.378,0.0,1
Pennsylvania,Furnishings,"Contract Clock, 14"", Brown",87.92,15.386,0.2,1
Indiana,Paper,"Wirebound Message Books, Four 2 3/4 x 5 White Forms per Page",33.45,15.387,0.0,1
Oklahoma,Binders,Avery Recycled Flexi-View Covers for Binding Systems,32.06,15.3888,0.0,1
California,Appliances,"Holmes Visible Mist Ultrasonic Humidifier with 2.3-Gallon Output per Day, Replacement Filter",45.28,15.3952,0.0,1
New York,Paper,Xerox 1980,34.24,15.408,0.0,2
California,Binders,DXL Angle-View Binders with Locking Rings by Samsill,49.344,15.419999999999998,0.2,2
New Jersey,Furnishings,"DAX Cubicle Frames, 8-1/2 x 11",42.85,15.426,0.0,1
Connecticut,Binders,GBC VeloBind Cover Sets,30.88,15.44,0.0,1
California,Furnishings,"Tenex Traditional Chairmats for Hard Floors, Average Lip, 36"" x 48""",128.9,15.468,0.0,1
New York,Art,Newell 34,59.52,15.4752,0.0,1
Delaware,Art,Newell 34,59.52,15.4752,0.0,1
California,Furnishings,Nu-Dell Leatherette Frames,43.02,15.4872,0.0,1
Ohio,Paper,Xerox 1951,49.568,15.49,0.2,1
Florida,Paper,"IBM Multi-Purpose Copy Paper, 8 1/2 x 11"", Case",49.568,15.49,0.2,1
Pennsylvania,Paper,Xerox 1979,49.568,15.49,0.2,1
Texas,Fasteners,"Vinyl Coated Wire Paper Clips in Organizer Box, 800/Box",45.92,15.498,0.2,1
Texas,Paper,"Rediform Wirebound ""Phone Memo"" Message Book, 11 x 5-3/4",42.784,15.5092,0.2,1
Michigan,Binders,Ibico Plastic and Wire Spiral Binding Combs,33.72,15.5112,0.0,1
Alabama,Binders,Wilson Jones Turn Tabs Binder Tool for Ring Binders,33.74,15.5204,0.0,1
California,Labels,Avery File Folder Labels,31.68,15.5232,0.0,3
Minnesota,Binders,"GBC Standard Recycled Report Covers, Clear Plastic Sheets",32.34,15.5232,0.0,1
California,Labels,Avery 474,31.68,15.5232,0.0,2
Georgia,Furnishings,"Howard Miller 13-3/4"" Diameter Brushed Chrome Round Wall Clock",51.75,15.525,0.0,1
Georgia,Binders,Ibico Covers for Plastic or Wire Binding Elements,34.5,15.525,0.0,1
Nebraska,Binders,Ibico Covers for Plastic or Wire Binding Elements,34.5,15.525,0.0,1
Delaware,Binders,Ibico Covers for Plastic or Wire Binding Elements,34.5,15.525,0.0,1
Wisconsin,Binders,ACCOHIDE Binder by Acco,33.04,15.5288,0.0,1
Florida,Paper,Xerox 194,44.384,15.5344,0.2,1
Washington,Phones,"Logitech B530 USB Headset - headset - Full size, Binaural",177.552,15.5358,0.2,2
Rhode Island,Chairs,Office Star Flex Back Scooter Chair with White Frame,110.98,15.5372,0.0,1
North Carolina,Labels,Avery 513,47.808,15.5376,0.2,1
California,Paper,Xerox 211,32.400000000000006,15.552,0.0,2
Alabama,Paper,Xerox 204,32.4,15.552,0.0,1
Louisiana,Paper,Xerox 222,32.4,15.552,0.0,1
California,Paper,Xerox 201,32.400000000000006,15.552,0.0,2
Virginia,Paper,Xerox 214,32.4,15.552,0.0,1
Virginia,Paper,Xerox 23,32.4,15.552,0.0,1
California,Paper,Xerox 23,32.400000000000006,15.552,0.0,2
Virginia,Paper,Xerox 230,32.4,15.552,0.0,1
Missouri,Paper,Xerox 23,32.4,15.552,0.0,1
Virginia,Paper,Xerox 192,32.4,15.552,0.0,1
Michigan,Paper,Xerox 192,32.4,15.552,0.0,1
California,Paper,Xerox 222,32.4,15.552,0.0,1
Washington,Paper,Xerox 219,32.4,15.552,0.0,1
Indiana,Paper,Xerox 213,32.4,15.552,0.0,1
California,Paper,Xerox 1967,32.4,15.552,0.0,1
Oklahoma,Paper,Xerox 202,32.4,15.552,0.0,1
California,Paper,Xerox 221,32.4,15.552,0.0,1
New York,Paper,Xerox 228,32.4,15.552,0.0,1
New Jersey,Paper,Xerox 223,32.4,15.552,0.0,1
California,Paper,Xerox 220,32.400000000000006,15.552,0.0,2
Minnesota,Paper,Xerox 217,32.4,15.552,0.0,1
New York,Paper,Xerox 212,32.400000000000006,15.552,0.0,2
New York,Paper,Xerox 232,32.4,15.552,0.0,1
Washington,Storage,Personal File Boxes with Fold-Down Carry Handle,62.32,15.58,0.0,2
Massachusetts,Furnishings,"Linden 10"" Round Wall Clock, Black",45.84,15.5856,0.0,1
North Carolina,Furnishings,"Computer Room Manger, 14""",77.952,15.5904,0.2,1
Nebraska,Paper,Strathmore Photo Mount Cards,33.9,15.594,0.0,1
Tennessee,Accessories,Logitech M510 Wireless Mouse,95.976,15.5961,0.2,1
Washington,Phones,Motorola L703CM,249.584,15.599,0.2,1
Texas,Phones,Cisco SPA301,124.792,15.599,0.2,1
Ohio,Paper,Universal Premium White Copier/Laser Paper (20Lb. and 87 Bright),43.056,15.6078,0.2,1
Georgia,Phones,QVS USB Car Charger 2-Port 2.1Amp for iPod/iPhone/iPad/iPad 2/iPad 3,34.75,15.6375,0.0,1
Illinois,Storage,Home/Office Personal File Carts,250.272,15.642,0.2,1
Georgia,Phones,Apple EarPods with Remote and Mic,55.98,15.6744,0.0,1
Rhode Island,Binders,GBC Recycled VeloBinder Covers,34.08,15.6768,0.0,1
Mississippi,Binders,XtraLife ClearVue Slant-D Ring Binders by Cardinal,31.36,15.68,0.0,1
Nebraska,Appliances,"Acco Six-Outlet Power Strip, 4' Cord Length",60.34,15.6884,0.0,1
Massachusetts,Fasteners,Staples,33.879999999999995,15.69,0.0,2
California,Bookcases,O'Sullivan 3-Shelf Heavy-Duty Bookcases,148.257,15.6978,0.15,1
California,Storage,Hanging Personal Folder File,62.8,15.7,0.0,1
Colorado,Phones,Griffin GC36547 PowerJolt SE Lightning Charger,125.944,15.743,0.2,1
Georgia,Furnishings,"Eldon Expressions Punched Metal & Wood Desk Accessories, Black & Cherry",56.28,15.7584,0.0,1
Louisiana,Art,"Boston Electric Pencil Sharpener, Model 1818, Charcoal Black",56.3,15.764,0.0,1
Mississippi,Art,"Boston Electric Pencil Sharpener, Model 1818, Charcoal Black",56.3,15.764,0.0,1
Texas,Art,"Boston Electric Pencil Sharpener, Model 1818, Charcoal Black",157.64,15.764,0.20000000000000004,3
California,Binders,"Angle-D Binders with Locking Rings, Label Holders",46.72,15.768,0.20000000000000004,3
Missouri,Supplies,"Acme 10"" Easy Grip Assistive Scissors",52.59,15.777,0.0,1
New York,Furnishings,"DAX Metal Frame, Desktop, Stepped-Edge",40.48,15.7872,0.0,1
California,Paper,"Wirebound Four 2-3/4 x 5 Forms per Page, 400 Sets per Book",32.25,15.8025,0.0,2
California,Paper,"Adams Phone Message Book, 200 Message Capacity, 8 1/16 x 11",34.4,15.824,0.0,1
California,Appliances,Belkin F9H710-06 7 Outlet SurgeMaster Surge Protector,56.52,15.8256,0.0,1
New York,Appliances,Belkin F9H710-06 7 Outlet SurgeMaster Surge Protector,56.52,15.8256,0.0,1
District of Columbia,Furnishings,Flat Face Poster Frame,37.68,15.8256,0.0,1
California,Phones,Griffin GC17055 Auxiliary Audio Cable,158.31199999999998,15.831199999999999,0.20000000000000004,3
California,Phones,Clearsounds A400,211.168,15.8376,0.2,1
California,Phones,Clarity 53712,211.168,15.8376,0.2,1
Florida,Appliances,Acco Smartsocket Color-Coded Six-Outlet AC Adapter Model Surge Protectors,211.248,15.8436,0.2,1
Virginia,Binders,JM Magazine Binder,33.02,15.8496,0.0,1
Ohio,Accessories,"Verbatim 25 GB 6x Blu-ray Single Layer Recordable Disc, 25/Pack",55.176,15.8631,0.2,1
Texas,Labels,"Avery 4027 File Folder Labels for Dot Matrix Printers, 5000 Labels per Box, White",48.848,15.8756,0.2,1
Nevada,Paper,Xerox 1930,32.4,15.876,0.0,1
California,Accessories,Imation Swivel Flash Drive USB flash drive - 8 GB,45.48,15.918,0.0,1
Arizona,Envelopes,"Manila Recycled Extra-Heavyweight Clasp Envelopes, 6"" x 9""",43.92,15.921,0.2,1
California,Binders,Recycled Pressboard Report Cover with Reinforced Top Hinge,43.928,15.9239,0.20000000000000004,3
Illinois,Paper,Computer Printout Paper with Letter-Trim Perforations,45.528,15.9348,0.2,1
Pennsylvania,Paper,Xerox 1887,45.528,15.9348,0.2,1
Florida,Paper,Computer Printout Paper with Letter-Trim Perforations,45.528,15.9348,0.2,1
Indiana,Appliances,Acco 6 Outlet Guardian Premium Plus Surge Suppressor,54.96,15.9384,0.0,1
Texas,Paper,"Black Print Carbonless Snap-Off Rapid Letter, 8 1/2"" x 7""",51.016,15.9425,0.2,1
Georgia,Binders,"Acco Flexible ACCOHIDE Square Ring Data Binder, Dark Blue, 11 1/2"" X 14"" 7/8""",32.54,15.9446,0.0,1
Delaware,Binders,"Acco Flexible ACCOHIDE Square Ring Data Binder, Dark Blue, 11 1/2"" X 14"" 7/8""",32.54,15.9446,0.0,1
Indiana,Accessories,Maxell LTO Ultrium - 800 GB,83.97,15.9543,0.0,1
Washington,Supplies,Acme Box Cutter Scissors,61.38,15.9588,0.0,1
Michigan,Storage,Fellowes Bases and Tops For Staxonsteel/High-Stak Systems,66.58,15.9792,0.0,1
Florida,Furnishings,Luxo Adjustable Task Clamp Lamp,213.216,15.9912,0.2,1
Ohio,Phones,PureGear Roll-On Screen Protector,119.94,15.992,0.4,1
Indiana,Accessories,Case Logic 2.4GHz Wireless Keyboard,199.96,15.9968,0.0,1
Tennessee,Furnishings,"Executive Impressions 14"" Contract Wall Clock with Quartz Movement",53.352,16.0056,0.2,1
California,Phones,Cisco SPA 501G IP Phone,213.48,16.011,0.2,1
Massachusetts,Appliances,Euro-Pro Shark Turbo Vacuum,61.96,16.1096,0.0,1
New York,Supplies,"Acme Hot Forged Carbon Steel Scissors with Nickel-Plated Handles, 3 7/8"" Cut, 8""L",55.6,16.124,0.0,1
Indiana,Paper,Xerox 1895,35.88,16.146,0.0,1
New Hampshire,Paper,Xerox 1920,35.88,16.146,0.0,1
Minnesota,Binders,Ibico Standard Transparent Covers,32.96,16.1504,0.0,1
Washington,Envelopes,Jet-Pak Recycled Peel 'N' Seal Padded Mailers,35.89,16.1505,0.0,1
Missouri,Accessories,Sabrent 4-Port USB 2.0 Hub,47.53,16.1602,0.0,1
California,Storage,Fellowes Officeware Wire Shelving,808.47,16.1694,0.0,2
Wisconsin,Art,Newell 324,57.75,16.17,0.0,1
California,Binders,"DXL Angle-View Binders with Locking Rings, Black",47.92,16.173,0.2,2
Iowa,Binders,GBC Instant Report Kit,32.35,16.175,0.0,1
North Carolina,Paper,Xerox 1884,47.952,16.1838,0.2,1
Texas,Paper,Xerox 1936,47.952,16.1838,0.2,1
North Carolina,Paper,Xerox 1936,47.952,16.1838,0.2,1
Texas,Paper,Xerox 1884,47.952,16.1838,0.2,1
Pennsylvania,Paper,Xerox 191,47.952,16.1838,0.2,1
New York,Fasteners,"Vinyl Coated Wire Paper Clips in Organizer Box, 800/Box",34.44,16.1868,0.0,1
New Hampshire,Storage,Fellowes Bankers Box Recycled Super Stor/Drawer,269.9,16.194,0.0,1
Minnesota,Storage,Carina Double Wide Media Storage Towers in Natural & Black,404.9,16.196,0.0,1
Michigan,Fasteners,"Advantus Push Pins, Aluminum Head",52.29,16.2099,0.0,1
Washington,Storage,Eldon ProFile File 'N Store Portable File Tub Letter/Legal Size Black,57.93,16.2204,0.0,1
Arizona,Paper,Xerox 1882,44.784,16.2342,0.2,1
Mississippi,Accessories,Maxell 4.7GB DVD-RW 3/Pack,47.79,16.2486,0.0,1
Virginia,Accessories,Maxell 4.7GB DVD-RW 3/Pack,47.79,16.2486,0.0,1
Texas,Accessories,Memorex Micro Travel Drive 8 GB,52.0,16.25,0.2,2
Indiana,Art,Prismacolor Color Pencil Set,39.68,16.2688,0.0,1
California,Art,Prismacolor Color Pencil Set,39.68,16.2688,0.0,1
New York,Binders,"Avery 3 1/2"" Diskette Storage Pages, 10/Pack",50.112,16.2864,0.2,1
Tennessee,Appliances,"Holmes Replacement Filter for HEPA Air Cleaner, Large Room",59.24,16.291,0.2,1
California,Furnishings,"Eldon Image Series Desk Accessories, Ebony",37.05,16.302,0.0,1
New York,Art,Boston 19500 Mighty Mite Electric Pencil Sharpener,60.45,16.3215,0.0,1
Ohio,Paper,Xerox 227,46.656,16.3296,0.2,2
Texas,Paper,Xerox 1998,46.656,16.3296,0.2,2
California,Appliances,Harmony HEPA Quiet Air Purifiers,46.8,16.38,0.0,1
Michigan,Paper,Easy-staple paper,34.86,16.3842,0.0,2
New York,Paper,Xerox 1926,34.86,16.3842,0.0,1
Indiana,Appliances,Staple holder,60.69,16.3863,0.0,1
California,Paper,"Black Print Carbonless Snap-Off Rapid Letter, 8 1/2"" x 7""",36.44,16.398,0.0,1
Oklahoma,Binders,GBC Poly Designer Binding Covers,33.48,16.4052,0.0,1
Florida,Chairs,"Global Push Button Manager's Chair, Indigo",146.136,16.4403,0.2,1
California,Furnishings,Advantus Panel Wall Acrylic Frame,38.29,16.4647,0.0,1
New York,Accessories,Imation 8gb Micro Traveldrive Usb 2.0 Flash Drive,150.0,16.5,0.0,2
Florida,Envelopes,"#10- 4 1/8"" x 9 1/2"" Recycled Envelopes",48.944,16.5186,0.2,1
Minnesota,Furnishings,"Seth Thomas 13 1/2"" Wall Clock",53.34,16.5354,0.0,1
California,Paper,"Wirebound Message Books, 2 7/8"" x 5"", 3 Forms per Page",35.2,16.544,0.0,1
Illinois,Art,Boston KS Multi-Size Manual Pencil Sharpener,165.528,16.552799999999998,0.2,2
California,Furnishings,"Eldon Image Series Desk Accessories, Burgundy",45.98,16.5528,0.0,3
California,Phones,Jensen SMPS-640 - speaker phone,220.704,16.5528,0.2,2
New York,Furnishings,"Westinghouse Floor Lamp with Metal Mesh Shade, Black",71.97,16.5531,0.0,1
Illinois,Phones,Panasonic Kx-TS550,147.168,16.5564,0.2,1
Indiana,Appliances,Kensington 6 Outlet Guardian Standard Surge Protector,61.44,16.5888,0.0,1
New York,Appliances,Kensington 6 Outlet Guardian Standard Surge Protector,61.44,16.5888,0.0,1
California,Furnishings,C-Line Cubicle Keepers Polyproplyene Holder With Velcro Backings,42.57,16.6023,0.0,2
Virginia,Binders,Wilson Jones International Size A4 Ring Binders,34.6,16.608,0.0,1
Kentucky,Furnishings,Coloredge Poster Frame,42.6,16.614,0.0,1
New York,Binders,3M Organizer Strips,47.52,16.631999999999998,0.20000000000000004,3
New York,Paper,"It's Hot Message Books with Stickers, 2 3/4"" x 5""",37.0,16.65,0.0,1
New York,Art,Boston 1730 StandUp Electric Pencil Sharpener,64.14,16.6764,0.0,1
California,Art,Boston 1730 StandUp Electric Pencil Sharpener,64.14,16.6764,0.0,1
North Carolina,Phones,Toshiba IPT2010-SD IP Telephone,222.384,16.6788,0.2,1
Louisiana,Binders,"SlimView Poly Binder, 3/8""",36.26,16.6796,0.0,1
Michigan,Paper,"REDIFORM Incoming/Outgoing Call Register, 11"" X 8 1/2"", 100 Messages",33.36,16.68,0.0,1
Texas,Phones,Geemarc AmpliPOWER60,148.48,16.704,0.2,1
Michigan,Paper,"RSVP Cards & Envelopes, Blank White, 8-1/2"" X 11"", 24 Cards/25 Envelopes/Set",35.56,16.7132,0.0,1
Georgia,Storage,"Advantus 10-Drawer Portable Organizer, Chrome Metal Frame, Smoke Drawers",59.76,16.7328,0.0,1
Texas,Phones,RCA Visys Integrated PBX 8-Line Router,267.96,16.7475,0.2,1
California,Envelopes,Peel & Seel Envelopes,34.92,16.7616,0.0,2
Oregon,Accessories,"Verbatim 25 GB 6x Blu-ray Single Layer Recordable Disc, 3/Pack",55.92,16.776,0.2,1
Kentucky,Storage,Super Decoflex Portable Personal File,59.92,16.7776,0.0,1
Oregon,Paper,Southworth 25% Cotton Premium Laser Paper and Envelopes,47.952,16.7832,0.2,1
New York,Storage,Fellowes Desktop Hanging File Manager,67.15,16.7875,0.0,1
Minnesota,Storage,Fellowes Desktop Hanging File Manager,67.15,16.7875,0.0,1
New Jersey,Storage,"Fellowes Mobile File Cart, Black",62.18,16.7886,0.0,1
Pennsylvania,Accessories,Memorex Micro Travel Drive 32 GB,58.416,16.7946,0.2,1
Texas,Accessories,Memorex Micro Travel Drive 32 GB,58.416,16.7946,0.2,1
Arizona,Chairs,Global Chrome Stack Chair,191.968,16.7972,0.2,1
California,Chairs,Global Chrome Stack Chair,191.968,16.7972,0.2,1
Minnesota,Fasteners,Advantus Plastic Paper Clips,35.0,16.8,0.0,1
New York,Storage,"Personal Folder Holder, Ebony",56.050000000000004,16.815,0.0,3
Indiana,Binders,"Acco Pressboard Covers with Storage Hooks, 14 7/8"" x 11"", Light Blue",34.37,16.8413,0.0,1
Washington,Paper,"Ampad Phone Message Book, Recycled, 400 Message Capacity, 5 ¾ x 11",37.44,16.848,0.0,1
Florida,Furnishings,Deflect-o DuraMat Antistatic Studded Beveled Mat for Medium Pile Carpeting,337.088,16.8544,0.2,1
Alabama,Binders,Wilson Jones DublLock D-Ring Binders,33.75,16.875,0.0,1
Ohio,Appliances,Holmes 99% HEPA Air Purifier,103.968,16.8948,0.2,1
New York,Storage,Adjustable Personal File Tote,65.12,16.9312,0.0,1
Massachusetts,Binders,GBC Standard Plastic Binding Systems' Combs,37.68,16.956,0.0,1
Washington,Storage,Sterilite Officeware Hinged File Box,62.88,16.9776,0.0,2
Virginia,Envelopes,Brown Kraft Recycled Envelopes,33.96,16.98,0.0,1
Texas,Storage,Eldon ProFile File 'N Store Portable File Tub Letter/Legal Size Black,169.928,16.9928,0.20000000000000004,3
California,Paper,Xerox 1987,34.68,16.9932,0.0,1
Washington,Paper,Xerox 1978,34.68,16.9932,0.0,1
North Carolina,Phones,Nortel Networks T7316 E Nt8 B27,271.96,16.9975,0.2,1
California,Accessories,Kingston Digital DataTraveler 16GB USB 2.0,89.5,17.005,0.0,3
Indiana,Chairs,"Global Leather Task Chair, Black",89.99,17.0981,0.0,1
New York,Paper,Avoid Verbal Orders Carbonless Minifold Book,37.18,17.1028,0.0,2
Georgia,Binders,Cardinal Holdit Data Disk Pockets,36.4,17.108,0.0,1
Florida,Appliances,Fellowes Superior 10 Outlet Split Surge Protector,152.24,17.127,0.2,1
New York,Phones,Plantronics 81402,65.99,17.1574,0.0,1
Kentucky,Phones,Clarity 53712,65.99,17.1574,0.0,1
Missouri,Furnishings,3M Polarizing Light Filter Sleeves,37.3,17.158,0.0,1
Wisconsin,Furnishings,Eldon Expressions Mahogany Wood Desk Collection,68.64,17.16,0.0,1
Missouri,Storage,Fellowes Stor/Drawer Steel Plus Storage Drawers,286.29,17.1774,0.0,1
New York,Labels,Avery 486,36.55,17.1785,0.0,3
Virginia,Storage,Recycled Eldon Regeneration Jumbo File,61.400000000000006,17.192,0.0,2
New Hampshire,Paper,Southworth 100% Cotton The Best Paper,34.44,17.22,0.0,1
New York,Paper,Southworth 100% Cotton The Best Paper,34.44,17.22,0.0,1
Minnesota,Binders,Avery Non-Stick Heavy Duty View Round Locking Ring Binders,35.88,17.2224,0.0,1
Michigan,Envelopes,Globe Weis Peel & Seel First Class Envelopes,38.34,17.253,0.0,1
Georgia,Binders,Ibico Recycled Grain-Textured Covers,34.54,17.27,0.0,1
Minnesota,Paper,Xerox 1881,36.84,17.3148,0.0,1
Connecticut,Furnishings,Eldon Advantage Chair Mats for Low to Medium Pile Carpets,173.24,17.324,0.0,1
New York,Binders,"Square Ring Data Binders, Rigid 75 Pt. Covers, 11"" x 14-7/8""",49.536,17.3376,0.2,1
Texas,Art,Boston Heavy-Duty Trimline Electric Pencil Sharpeners,154.24,17.352,0.2,1
California,Phones,Seidio BD2-HK3IPH5-BK DILEX Case and Holster Combo for Apple iPhone 5/5s - Black,173.656,17.3656,0.2,1
New York,Envelopes,"Peel & Seel Recycled Catalog Envelopes, Brown",34.74,17.37,0.0,1
Arkansas,Storage,"Personal Filing Tote with Lid, Black/Gray",62.04,17.3712,0.0,1
District of Columbia,Furnishings,9-3/4 Diameter Round Wall Clock,41.37,17.3754,0.0,1
New Mexico,Furnishings,9-3/4 Diameter Round Wall Clock,41.37,17.3754,0.0,1
New York,Supplies,Premier Electric Letter Opener,347.58,17.379,0.0,1
Indiana,Binders,Cardinal Slant-D Ring Binders,34.76,17.38,0.0,2
Rhode Island,Storage,Home/Office Personal File Carts,69.52,17.38,0.0,1
California,Labels,Avery 51,37.8,17.388,0.0,2
New Jersey,Furnishings,DAX Two-Tone Silver Metal Document Frame,40.48,17.4064,0.0,1
Colorado,Storage,"Trav-L-File Heavy-Duty Shuttle II, Black",139.424,17.428,0.2,1
Virginia,Envelopes,Pastel Pink Envelopes,36.4,17.472,0.0,1
Indiana,Paper,"Southworth 100% Résumé Paper, 24lb.",38.9,17.505,0.0,1
New Hampshire,Storage,"Tenex Personal Project File with Scoop Front Design, Black",67.4,17.524,0.0,1
Indiana,Storage,"Tenex Personal Project File with Scoop Front Design, Black",67.4,17.524,0.0,1
Texas,Paper,"Ink Jet Note and Greeting Cards, 8-1/2"" x 5-1/2"" Card Size",53.952,17.5344,0.2,1
Washington,Binders,Wilson Jones Turn Tabs Binder Tool for Ring Binders,53.984,17.5448,0.2,1
California,Accessories,Memorex Micro Travel Drive 8 GB,39.0,17.55,0.0,1
California,Paper,Xerox 1992,35.88,17.5812,0.0,1
Nevada,Paper,Xerox 193,35.88,17.5812,0.0,1
North Carolina,Accessories,Memorex Mini Travel Drive 8 GB USB 2.0 Flash Drive,74.112,17.6016,0.2,1
New York,Storage,X-Rack File for Hanging Folders,67.74,17.6124,0.0,3
Oregon,Phones,LG G3,156.792,17.6391,0.2,1
Washington,Labels,Avery 50,37.59,17.6673,0.0,1
Washington,Storage,"Belkin 19"" Center-Weighted Shelf, Gray",353.88,17.694,0.0,1
South Carolina,Storage,Sensible Storage WireTech Storage Systems,354.9,17.745,0.0,1
South Carolina,Storage,"Stur-D-Stor Shelving, Vertical 5-Shelf: 72""H x 36""W x 18 1/2""D",887.84,17.7568,0.0,1
Illinois,Labels,Avery 505,47.36,17.76,0.2,1
Pennsylvania,Labels,Avery 490,47.36,17.76,0.2,1
Texas,Labels,Alphabetical Labels for Top Tab Filing,47.36,17.76,0.2,2
Arizona,Appliances,Belkin 7 Outlet SurgeMaster Surge Protector with Phone Protection,157.92,17.766,0.2,1
Georgia,Binders,Avery Durable Poly Binders,38.71,17.8066,0.0,1
Illinois,Paper,Xerox 1929,54.816,17.8152,0.2,1
Arizona,Paper,Xerox 1973,54.816,17.8152,0.2,1
Pennsylvania,Paper,Xerox 1991,54.816,17.8152,0.2,1
Florida,Storage,"Hot File 7-Pocket, Floor Stand",142.776,17.847,0.2,1
Tennessee,Storage,"Hot File 7-Pocket, Floor Stand",142.776,17.847,0.2,1
Illinois,Accessories,Maxell 4.7GB DVD-R,68.112,17.8794,0.2,1
Ohio,Appliances,Hoover Shoulder Vac Commercial Portable Vacuum,286.256,17.891,0.2,1
Oregon,Art,"Avery Hi-Liter EverBold Pen Style Fluorescent Highlighters, 4/Pack",71.632,17.908,0.2,1
New York,Binders,"GBC Pre-Punched Binding Paper, Plastic, White, 8-1/2"" x 11""",51.168,17.9088,0.2,2
California,Tables,Hon 4060 Series Tables,716.544,17.9136,0.2,2
New York,Binders,SpineVue Locking Slant-D Ring Binders by Cardinal,51.184000000000005,17.9144,0.2,2
Texas,Accessories,Sony Micro Vault Click 16 GB USB 2.0 Flash Drive,358.336,17.916800000000002,0.2,2
Ohio,Storage,"SAFCO Mobile Desk Side File, Wire Frame",239.456,17.9592,0.2,1
California,Binders,Trimflex Flexible Post Binders,51.312,17.9592,0.2,1
Indiana,Binders,"C-Line Peel & Stick Add-On Filing Pockets, 8-3/4 x 5-1/8, 10/Pack",38.22,17.9634,0.0,1
South Carolina,Storage,Fellowes Officeware Wire Shelving,898.3,17.966,0.0,2
Rhode Island,Paper,Xerox 1948,39.96,17.982,0.0,1
New York,Paper,Xerox 1948,39.96,17.982,0.0,1
New York,Art,Panasonic KP-380BK Classic Electric Pencil Sharpener,71.96,17.99,0.0,1
Arkansas,Phones,OtterBox Defender Series Case - Samsung Galaxy S4,59.98,17.994,0.0,1
Washington,Phones,OtterBox Defender Series Case - Samsung Galaxy S4,143.952,17.994,0.2,2
Texas,Phones,Apple iPhone 5C,239.976,17.9982,0.2,1
Tennessee,Phones,Apple iPhone 5C,239.976,17.9982,0.2,1
Georgia,Accessories,Dell Slim USB Multimedia Keyboard,75.0,18.0,0.0,1
California,Furnishings,"Master Big Foot Doorstop, Beige",58.08,18.0048,0.0,2
Virginia,Art,Dixon Ticonderoga Core-Lock Colored Pencils,54.66,18.0378,0.0,1
California,Accessories,Memorex Mini Travel Drive 8 GB USB 2.0 Flash Drive,46.32,18.0648,0.0,1
New York,Paper,"Message Book, Phone, Wirebound Standard Line Memo, 2 3/4"" X 5""",39.3,18.078,0.0,2
New Jersey,Binders,"Fellowes Twister Kit, Gray/Clear, 3/pkg",40.2,18.09,0.0,1
Michigan,Binders,"Fellowes Twister Kit, Gray/Clear, 3/pkg",40.2,18.09,0.0,1
Arkansas,Accessories,"Maxell 74 Minute CDR, 10/Pack",48.9,18.093,0.0,1
New York,Paper,"TOPS ""Important Message"" Pads, Canary, 4-1/4 x 5-1/2, 50 Sheets per Pad",38.52,18.1044,0.0,1
California,Labels,Avery 488,37.8,18.144,0.0,3
Texas,Paper,Xerox 201,51.84,18.144,0.2,2
California,Labels,Self-Adhesive Removable Labels,37.800000000000004,18.144000000000002,0.0,3
New Jersey,Chairs,Global Low Back Tilter Chair,302.94,18.1764,0.0,1
New York,Chairs,Hon Valutask Swivel Chairs,272.646,18.1764,0.1,1
Virginia,Binders,Presstex Flexible Ring Binders,36.4,18.2,0.0,1
Washington,Paper,Computer Printout Paper with Letter-Trim Perforations,37.94,18.2112,0.0,1
Idaho,Paper,Computer Printout Paper with Letter-Trim Perforations,37.94,18.2112,0.0,1
New York,Paper,Computer Printout Paper with Letter-Trim Perforations,37.94,18.2112,0.0,1
Washington,Paper,Xerox 1939,37.94,18.2112,0.0,1
California,Binders,Avery Non-Stick Binders,57.472,18.229400000000002,0.2,5
South Carolina,Accessories,Imation Secure Drive + Hardware Encrypted USB flash drive - 16 GB,75.98,18.2352,0.0,1
New York,Accessories,SanDisk Cruzer 32 GB USB Flash Drive,57.06,18.2592,0.0,1
Michigan,Binders,Cardinal EasyOpen D-Ring Binders,36.56,18.28,0.0,1
Kentucky,Furnishings,Magna Visual Magnetic Picture Hangers,48.2,18.316,0.0,2
California,Labels,Avery White Multi-Purpose Labels,39.84,18.3264,0.0,1
Georgia,Chairs,"Metal Folding Chairs, Beige, 4/Carton",67.88,18.3276,0.0,1
Virginia,Furnishings,Aluminum Document Frame,61.1,18.33,0.0,1
New York,Furnishings,Artistic Insta-Plaque,47.04,18.3456,0.0,1
Delaware,Furnishings,Artistic Insta-Plaque,47.04,18.3456,0.0,1
New York,Appliances,Bionaire 99.97% HEPA Air Cleaner,52.56,18.396,0.0,1
Pennsylvania,Appliances,Bionaire 99.97% HEPA Air Cleaner,98.112,18.396,0.2,1
New York,Storage,"Gould Plastics 18-Pocket Panel Bin, 34w x 5-1/4d x 20-1/2h",459.95,18.398,0.0,1
New Jersey,Art,Boston Home & Office Model 2000 Electric Pencil Sharpeners,70.95,18.447,0.0,1
Maryland,Binders,"Acco PRESSTEX Data Binder with Storage Hooks, Dark Blue, 14 7/8"" X 11""",37.66,18.4534,0.0,1
California,Bookcases,"Safco Value Mate Series Steel Bookcases, Baked Enamel Finish on Steel, Gray",120.666,18.4548,0.15,1
Michigan,Appliances,Belkin Premiere Surge Master II 8-outlet surge protector,87.444,18.4604,0.1,1
California,Binders,JM Magazine Binder,52.832,18.4912,0.2,2
New Mexico,Accessories,KeyTronic KT400U2 - Keyboard - Black,92.52,18.504,0.0,1
Washington,Binders,"Acco Pressboard Covers with Storage Hooks, 14 7/8"" x 11"", Light Blue",51.06399999999999,18.5107,0.2,2
New York,Supplies,Staple remover,63.84,18.5136,0.0,1
California,Art,Prang Colored Pencils,41.16,18.522,0.0,2
California,Phones,AT&T CL83451 4-Handset Telephone,164.792,18.5391,0.2,1
Tennessee,Fasteners,"Vinyl Coated Wire Paper Clips in Organizer Box, 800/Box",55.104,18.5976,0.2,1
Washington,Binders,Acco D-Ring Binder w/DublLock,51.312,18.6006,0.2,1
New York,Binders,Acco D-Ring Binder w/DublLock,51.312,18.6006,0.2,1
California,Supplies,Acme Box Cutter Scissors,71.61,18.6186,0.0,2
California,Binders,"Acco Four Pocket Poly Ring Binder with Label Holder, Smoke, 1""",59.6,18.625,0.2,2
Virginia,Appliances,"Holmes Replacement Filter for HEPA Air Cleaner, Large Room",44.43,18.6606,0.0,1
Delaware,Paper,Xerox 226,38.88,18.6624,0.0,1
California,Paper,Xerox 202,38.88,18.6624,0.0,1
California,Paper,Xerox 229,38.88,18.6624,0.0,1
New York,Paper,Xerox 1905,38.88,18.6624,0.0,1
New Jersey,Paper,Xerox 208,38.88,18.6624,0.0,1
California,Paper,Xerox 22,38.88,18.6624,0.0,2
Georgia,Paper,Xerox 1931,38.88,18.6624,0.0,1
California,Paper,"Eureka Recycled Copy Paper 8 1/2"" x 11"", Ream",38.88,18.6624,0.0,1
California,Binders,VariCap6 Expandable Binder,55.36,18.684,0.2,1
Washington,Bookcases,O'Sullivan Cherrywood Estates Traditional Bookcase,84.98,18.6956,0.0,1
Rhode Island,Art,Lumber Crayons,49.25,18.715,0.0,1
Washington,Binders,"Acco PRESSTEX Data Binder with Storage Hooks, Dark Blue, 14 7/8"" X 11""",51.648,18.7224,0.2,1
Indiana,Storage,Tennsco Single-Tier Lockers,375.34,18.767,0.0,1
New York,Storage,Tennsco Single-Tier Lockers,375.34,18.767,0.0,1
North Carolina,Appliances,Fellowes 8 Outlet Superior Workstation Surge Protector,166.84,18.7695,0.2,1
New York,Paper,Xerox 1884,39.96,18.7812,0.0,1
Rhode Island,Paper,Xerox 191,39.96,18.7812,0.0,1
Arkansas,Paper,Xerox 1884,39.96,18.7812,0.0,1
Nevada,Appliances,Fellowes Basic Home/Office Series Surge Protectors,64.9,18.821,0.0,1
California,Paper,Xerox 1947,41.86,18.837,0.0,2
Washington,Paper,Xerox 1947,41.86,18.837,0.0,1
New York,Paper,Xerox 1895,41.86,18.837,0.0,2
California,Binders,"Avery Framed View Binder, EZD Ring (Locking), Navy, 1 1/2""",55.888000000000005,18.8622,0.2,2
Indiana,Phones,Plantronics Cordless Phone Headset with In-line Volume - M214C,69.9,18.873,0.0,1
New York,Binders,"Acco Flexible ACCOHIDE Square Ring Data Binder, Dark Blue, 11 1/2"" X 14"" 7/8""",52.064,18.8732,0.2,1
Tennessee,Envelopes,"#10- 4 1/8"" x 9 1/2"" Recycled Envelopes",55.936,18.8784,0.2,1
Maryland,Accessories,Belkin F8E887 USB Wired Ergonomic Keyboard,89.97,18.8937,0.0,1
Nebraska,Accessories,Belkin F8E887 USB Wired Ergonomic Keyboard,89.97,18.8937,0.0,1
New York,Accessories,Belkin F8E887 USB Wired Ergonomic Keyboard,89.97,18.8937,0.0,1
Virginia,Accessories,Microsoft Natural Ergonomic Keyboard 4000,89.97,18.8937,0.0,1
Connecticut,Supplies,Acme Forged Steel Scissors with Black Enamel Handles,65.17,18.8993,0.0,1
Wisconsin,Binders,Acco 3-Hole Punch,39.42,18.921599999999998,0.0,2
Massachusetts,Binders,Flexible Leather- Look Classic Collection Ring Binder,37.88,18.94,0.0,1
California,Storage,"Tennsco Stur-D-Stor Boltless Shelving, 5 Shelves, 24"" Deep, Sand",1894.34,18.9434,0.0,3
New Jersey,Furnishings,"DAX Two-Tone Rosewood/Black Document Frame, Desktop, 5 x 7",47.4,18.96,0.0,1
New York,Storage,Mobile Personal File Cube,70.26,18.9702,0.0,1
California,Labels,Avery 512,40.46,19.0162,0.0,2
Washington,Appliances,Holmes Odor Grabber,57.68,19.0344,0.0,1
Tennessee,Furnishings,"Executive Impressions 13"" Chairman Wall Clock",101.52,19.035,0.2,1
Texas,Phones,"Plantronics CS 50-USB - headset - Convertible, Monaural",217.584,19.0386,0.2,1
Washington,Furnishings,DAX Cubicle Frames - 8x10,63.47,19.041,0.0,1
California,Paper,Xerox 1930,38.88,19.0512,0.0,1
Oklahoma,Binders,Storex DuraTech Recycled Plastic Frosted Binders,38.16,19.08,0.0,1
Ohio,Furnishings,"Executive Impressions 14"" Two-Color Numerals Wall Clock",72.704,19.0848,0.2,1
Tennessee,Furnishings,"Executive Impressions 14"" Two-Color Numerals Wall Clock",72.704,19.0848,0.2,1
Texas,Paper,Xerox 1906,56.704,19.1376,0.2,1
Illinois,Paper,Xerox 1880,56.704,19.1376,0.2,1
California,Tables,Safco Drafting Table,170.352,19.1646,0.2,1
Ohio,Accessories,Microsoft Sculpt Comfort Mouse,63.92,19.176,0.2,1
Florida,Phones,AT&T 1080 Corded phone,219.184,19.1786,0.2,1
California,Paper,Southworth 25% Cotton Premium Laser Paper and Envelopes,39.96,19.1808,0.0,1
New York,Storage,Fellowes Bankers Box Stor/Drawer Steel Plus,191.88,19.188,0.0,1
Oregon,Phones,Mophie Juice Pack Helium for iPhone,191.976,19.1976,0.2,1
Nevada,Paper,Xerox 195,40.08,19.2384,0.0,1
Massachusetts,Paper,Xerox 1977,40.08,19.2384,0.0,1
District of Columbia,Paper,Xerox 195,40.08,19.2384,0.0,1
Wisconsin,Furnishings,"Howard Miller 13"" Diameter Goldtone Round Wall Clock",46.94,19.2454,0.0,1
Washington,Labels,Avery 478,39.28,19.2472,0.0,1
Oklahoma,Binders,Avery Hanging File Binders,41.86,19.2556,0.0,1
New York,Binders,DXL Angle-View Binders with Locking Rings by Samsill,61.68000000000001,19.275,0.2,2
New York,Paper,"Wirebound Message Books, Four 2 3/4 x 5 Forms per Page, 200 Sets per Book",42.93,19.3185,0.0,1
Nevada,Accessories,Logitech ClearChat Comfort/USB Headset H390,58.58,19.3314,0.0,1
Pennsylvania,Furnishings,Nu-Dell Executive Frame,91.008,19.3392,0.2,1
New York,Appliances,Staple holder,71.82,19.3914,0.0,2
Washington,Binders,Wilson Jones Heavy-Duty Casebound Ring Binders with Metal Hinges,55.424,19.3984,0.2,1
Wisconsin,Binders,GBC Instant Report Kit,38.82,19.41,0.0,1
California,Binders,GBC Poly Designer Binding Covers,53.568,19.4184,0.2,1
Texas,Envelopes,Laser & Ink Jet Business Envelopes,59.752,19.4194,0.2,1
Florida,Paper,Great White Multi-Use Recycled Paper (20Lb. and 84 Bright),62.192,19.435,0.2,1
California,Chairs,"Padded Folding Chairs, Black, 4/Carton",194.352,19.4352,0.2,1
Utah,Binders,GBC Standard Therm-A-Bind Covers,59.808,19.4376,0.2,1
California,Accessories,KeyTronic E03601U1 - Keyboard - Beige,108.0,19.44,0.0,2
Kentucky,Storage,"Multi-Use Personal File Cart and Caster Set, Three Stacking Bins",69.52,19.4656,0.0,1
Virginia,Furnishings,"Seth Thomas 8 1/2"" Cubicle Clock",60.84,19.4688,0.0,1
California,Furnishings,"Seth Thomas 8 1/2"" Cubicle Clock",60.84,19.4688,0.0,1
Illinois,Accessories,Memorex Micro Travel Drive 8 GB,62.4,19.5,0.2,1
California,Chairs,Hon Deluxe Fabric Upholstered Stacking Chairs,195.184,19.5184,0.2,1
Michigan,Binders,Wilson Jones Century Plastic Molded Ring Binders,41.54,19.5238,0.0,1
Nevada,Binders,Wilson Jones Impact Binders,53.872,19.5286,0.2,2
New York,Fasteners,Staples,40.239999999999995,19.555999999999997,0.0,2
California,Furnishings,"Eldon Expressions Wood and Plastic Desk Accessories, Oak",69.86,19.5608,0.0,3
Pennsylvania,Fasteners,Staples,60.256,19.5832,0.20000000000000004,3
Texas,Phones,Panasonic KX TS208W Corded phone,195.96,19.596,0.2,1
Arizona,Phones,Panasonic KX TS208W Corded phone,195.96,19.596,0.2,1
Arizona,Paper,"TOPS Carbonless Receipt Book, Four 2-3/4 x 7-1/4 Money Receipts per Page",56.064,19.6224,0.2,1
New York,Art,Panasonic KP-150 Electric Pencil Sharpener,75.48,19.6248,0.0,1
Texas,Storage,"Mini 13-1/2 Capacity Data Binder Rack, Pearl",314.088,19.6305,0.2,1
Mississippi,Envelopes,Laser & Ink Jet Business Envelopes,42.68,19.6328,0.0,1
New York,Labels,Self-Adhesive Removable Labels,40.95,19.656,0.0,2
Kentucky,Appliances,Acco 6 Outlet Guardian Premium Surge Suppressor,72.8,19.656,0.0,1
California,Paper,"Wirebound Message Books, 5-1/2 x 4 Forms, 2 or 4 Forms per Page",40.14,19.6686,0.0,1
Texas,Paper,Xerox 188,54.432,19.7316,0.2,2
Delaware,Phones,KLD Oscar II Style Snap-on Ultra Thin Side Flip Synthetic Leather Cover Case for HTC One HTC M7,68.04,19.7316,0.0,1
California,Accessories,Sony Micro Vault Click 8 GB USB 2.0 Flash Drive,140.97,19.7358,0.0,1
Illinois,Phones,Samsung HM1900 Bluetooth Headset,52.68,19.755,0.2,1
Florida,Phones,Samsung HM1900 Bluetooth Headset,52.68,19.755,0.2,1
Oregon,Phones,Samsung HM1900 Bluetooth Headset,52.68,19.755,0.2,1
Connecticut,Furnishings,DAX Wood Document Frame,54.92,19.7712,0.0,2
California,Furnishings,DAX Wood Document Frame,54.92,19.7712,0.0,1
Minnesota,Accessories,"Verbatim 25 GB 6x Blu-ray Single Layer Recordable Disc, 25/Pack",45.98,19.7714,0.0,1
New York,Storage,Portable Personal File Box,73.26,19.7802,0.0,2
Oregon,Phones,Plantronics 81402,263.96,19.797,0.2,1
California,Furnishings,"Tenex Carpeted, Granite-Look or Clear Contemporary Contour Shape Chair Mats",282.84,19.7988,0.0,1
California,Storage,Sterilite Officeware Hinged File Box,73.36,19.807199999999998,0.0,3
Alabama,Storage,Sterilite Officeware Hinged File Box,73.36,19.8072,0.0,1
Michigan,Binders,"Square Ring Data Binders, Rigid 75 Pt. Covers, 11"" x 14-7/8""",41.28,19.8144,0.0,1
Texas,Storage,Economy Rollaway Files,264.32,19.824,0.2,1
Ohio,Storage,Economy Rollaway Files,264.32,19.824,0.2,1
Iowa,Paper,Xerox 1987,40.46,19.8254,0.0,1
California,Paper,HP Office Recycled Paper (20Lb. and 87 Bright),40.46,19.8254,0.0,1
Minnesota,Accessories,Memorex Micro Travel Drive 16 GB,63.96,19.8276,0.0,1
New Jersey,Accessories,Memorex Micro Travel Drive 16 GB,63.96,19.8276,0.0,1
Delaware,Paper,"Adams Telephone Message Books, 5 1/4 x 11",42.28,19.8716,0.0,1
California,Labels,Avery 489,41.4,19.872,0.0,1
Minnesota,Labels,Avery 489,41.4,19.872,0.0,1
Maryland,Paper,"Adams Telephone Message Book w/Frequently-Called Numbers Space, 400 Messages per Book",39.9,19.95,0.0,1
Washington,Phones,Avaya 4621SW VoIP phone,177.48,19.9665,0.2,1
Florida,Phones,Avaya 4621SW VoIP phone,177.48,19.9665,0.2,1
California,Phones,Avaya 4621SW VoIP phone,177.48,19.9665,0.2,1
North Carolina,Phones,Avaya 4621SW VoIP phone,177.48,19.9665,0.2,1
Indiana,Binders,Satellite Sectional Post Binders,43.41,19.9686,0.0,1
New Jersey,Phones,"Logitech B530 USB Headset - headset - Full size, Binaural",73.98,19.9746,0.0,1
Michigan,Phones,"Logitech B530 USB Headset - headset - Full size, Binaural",73.98,19.9746,0.0,1
California,Storage,"Stur-D-Stor Shelving, Vertical 5-Shelf: 72""H x 36""W x 18 1/2""D",998.82,19.976399999999998,0.0,3
New York,Art,BIC Liqua Brite Liner,55.52,19.9872,0.0,2
Ohio,Envelopes,"Blue String-Tie & Button Interoffice Envelopes, 10 x 13",63.968,19.99,0.2,1
Georgia,Accessories,Case Logic 2.4GHz Wireless Keyboard,249.95,19.996,0.0,1
Maryland,Furnishings,Eldon ClusterMat Chair Mat with Cordless Antistatic Protection,181.96,20.0156,0.0,1
New York,Furnishings,"DAX Value U-Channel Document Frames, Easel Back",64.61,20.0291,0.0,3
Massachusetts,Paper,Xerox 1893,40.99,20.0851,0.0,1
Virginia,Paper,Xerox 1945,40.99,20.0851,0.0,1
New Jersey,Furnishings,Tensor Computer Mounted Lamp,74.45,20.1015,0.0,1
Oklahoma,Binders,"GBC Laser Imprintable Binding System Covers, Desert Sand",42.81,20.1207,0.0,1
Rhode Island,Furnishings,DAX Black Cherry Wood-Tone Poster Frame,52.96,20.1248,0.0,1
New York,Storage,"Tennsco Lockers, Sand",83.92,20.1408,0.0,1
California,Binders,GBC VeloBinder Manual Binding System,57.584,20.1544,0.2,1
Virginia,Supplies,"Acme Hot Forged Carbon Steel Scissors with Nickel-Plated Handles, 3 7/8"" Cut, 8""L",69.5,20.155,0.0,1
New Jersey,Supplies,"Acme Hot Forged Carbon Steel Scissors with Nickel-Plated Handles, 3 7/8"" Cut, 8""L",69.5,20.155,0.0,1
New Mexico,Chairs,Global Deluxe Office Fabric Chairs,230.352,20.1558,0.2,1
Colorado,Chairs,Global Deluxe Office Fabric Chairs,230.352,20.1558,0.2,1
Arizona,Phones,Pyle PMP37LED,230.376,20.1579,0.2,1
California,Storage,Safco Industrial Wire Shelving,671.93,20.1579,0.0,1
Colorado,Phones,VTech DS6151,201.584,20.1584,0.2,1
Texas,Phones,HTC One Mini,201.584,20.1584,0.2,1
Utah,Binders,"Premium Transparent Presentation Covers, No Pattern/Clear, 8 1/2"" x 11""",62.048,20.1656,0.2,1
California,Appliances,"Acco Six-Outlet Power Strip, 4' Cord Length",77.58,20.1708,0.0,3
Maryland,Appliances,"Acco Six-Outlet Power Strip, 4' Cord Length",77.58,20.1708,0.0,1
New York,Binders,Pressboard Data Binders by Wilson Jones,59.808,20.1852,0.2,4
California,Chairs,"Global Fabric Manager's Chair, Dark Gray",323.136,20.196,0.2,1
South Dakota,Binders,Avery Printable Repositionable Plastic Tabs,43.0,20.21,0.0,1
Texas,Accessories,Memorex Froggy Flash Drive 8 GB,85.2,20.235,0.2,1
Illinois,Phones,Avaya 5420 Digital phone,323.976,20.2485,0.2,1
Texas,Labels,Avery 50,60.144,20.2986,0.2,1
California,Binders,"Wilson Jones Hanging View Binder, White, 1""",62.48,20.306,0.20000000000000004,3
California,Binders,Avery Heavy-Duty EZD  Binder With Locking Rings,58.032000000000004,20.3112,0.20000000000000004,3
Ohio,Fasteners,Staples,63.776,20.3136,0.20000000000000004,3
Virginia,Appliances,Hoover Commercial SteamVac,67.9,20.37,0.0,1
California,Furnishings,"6"" Cubicle Wall Clock, Black",56.629999999999995,20.3868,0.0,2
Oregon,Appliances,Tripp Lite TLP810NET Broadband Surge for Modem/Fax,203.88,20.388,0.2,1
North Carolina,Furnishings,"Dana Fluorescent Magnifying Lamp, White, 36""",163.136,20.392,0.2,1
Massachusetts,Bookcases,O'Sullivan 5-Shelf Heavy-Duty Bookcases,81.94,20.485,0.0,1
Texas,Paper,"TOPS 4 x 6 Fluorescent Color Memo Sheets, 500 Sheets per Pack",60.736,20.4984,0.2,1
New York,Chairs,Hon Comfortask Task/Swivel Chairs,307.746,20.5164,0.1,2
California,Bookcases,"Rush Hierlooms Collection 1"" Thick Stackable Bookcases",435.999,20.5176,0.15,1
Washington,Furnishings,Hand-Finished Solid Wood Document Frame,68.46,20.538,0.0,1
Michigan,Storage,Eldon Mobile Mega Data Cart  Mega Stackable  Add-On Trays,70.95,20.5755,0.0,1
Illinois,Paper,Xerox 1909,63.312,20.5764,0.2,1
Ohio,Paper,Xerox 1935,63.312,20.5764,0.2,1
Washington,Tables,Safco Drafting Table,70.98,20.5842,0.0,1
Maryland,Paper,"Recycled Desk Saver Line ""While You Were Out"" Book, 5 1/2"" X 4""",44.75,20.585,0.0,1
Iowa,Paper,"Recycled Desk Saver Line ""While You Were Out"" Book, 5 1/2"" X 4""",44.75,20.585,0.0,1
New York,Paper,"Recycled Desk Saver Line ""While You Were Out"" Book, 5 1/2"" X 4""",44.75,20.585,0.0,1
Maryland,Binders,"Angle-D Binders with Locking Rings, Label Holders",43.8,20.586,0.0,1
California,Labels,Avery 500,43.86,20.6142,0.0,1
Michigan,Art,Newell 34,79.36,20.6336,0.0,1
California,Envelopes,"Inter-Office Recycled Envelopes, Brown Kraft, Button-String,10"" x 13"" , 100/Box",43.96,20.6612,0.0,1
Arkansas,Paper,"Ink Jet Note and Greeting Cards, 8-1/2"" x 5-1/2"" Card Size",44.96,20.6816,0.0,1
Ohio,Appliances,Belkin F5C206VTEL 6 Outlet Surge,165.45600000000002,20.682000000000002,0.2,2
California,Phones,Panasonic Kx-TS550,183.96,20.6955,0.2,2
Virginia,Binders,Ibico Covers for Plastic or Wire Binding Elements,46.0,20.7,0.0,1
California,Binders,Ibico Recycled Grain-Textured Covers,55.264,20.724,0.2,1
Delaware,Paper,"1/4 Fold Party Design Invitations & White Envelopes, 24 8-1/2"" X 11"" Cards, 25 Env./Pack",44.1,20.727,0.0,1
Missouri,Binders,"Universal Recycled Hanging Pressboard Report Binders, Letter Size",43.19,20.7312,0.0,1
New York,Furnishings,Eldon Wave Desk Accessories,47.12,20.7328,0.0,1
New Jersey,Chairs,"Global Armless Task Chair, Royal Blue",121.96,20.7332,0.0,1
Colorado,Storage,"Recycled Data-Pak for Archival Bound Computer Printouts, 12-1/2 x 12-1/2 x 16",237.096,20.7459,0.2,1
Texas,Storage,"Recycled Data-Pak for Archival Bound Computer Printouts, 12-1/2 x 12-1/2 x 16",237.096,20.7459,0.2,1
Ohio,Fasteners,"OIC Colored Binder Clips, Assorted Sizes",57.28,20.764,0.2,2
California,Accessories,Memorex Froggy Flash Drive 8 GB,53.25,20.7675,0.0,1
Virginia,Accessories,Memorex Froggy Flash Drive 8 GB,53.25,20.7675,0.0,1
California,Furnishings,Dax Clear Box Frame,61.11,20.7774,0.0,3
New York,Furnishings,"Linden 10"" Round Wall Clock, Black",61.12,20.7808,0.0,1
Illinois,Envelopes,"Peel & Seel Recycled Catalog Envelopes, Brown",55.584,20.844,0.2,1
California,Appliances,Belkin 8-Outlet Premiere SurgeMaster II Surge Protectors,69.48,20.844,0.0,1
California,Storage,"Letter/Legal File Tote with Clear Snap-On Lid, Black Granite",80.3,20.878,0.0,1
New Jersey,Binders,"GBC Clear Cover, 8-1/2 x 11, unpunched, 25 covers per pack",45.48,20.9208,0.0,1
Michigan,Bookcases,Rush Hierlooms Collection Rich Wood Bookcases,160.98,20.9274,0.0,1
Georgia,Paper,"Array Parchment Paper, Assorted Colors",43.68,20.9664,0.0,1
Massachusetts,Tables,"SAFCO PlanMaster Heigh-Adjustable Drafting Table Base, 43w x 30d x 30-37h, Black",244.615,20.967,0.3,1
New York,Appliances,Black & Decker Filter for Double Action Dustbuster Cordless Vac BLDV7210,83.9,20.975,0.0,3
Missouri,Appliances,Black & Decker Filter for Double Action Dustbuster Cordless Vac BLDV7210,83.9,20.975,0.0,1
Virginia,Accessories,Micro Innovations USB RF Wireless Keyboard with Mouse,100.0,21.0,0.0,1
Kentucky,Paper,Xerox 1902,45.68,21.0128,0.0,1
Utah,Paper,Xerox 1982,45.68,21.0128,0.0,1
Washington,Paper,Xerox 1964,45.68,21.0128,0.0,1
Connecticut,Paper,"Xerox Color Copier Paper, 11"" x 17"", Ream",45.68,21.0128,0.0,1
California,Paper,Xerox 1982,45.68,21.0128,0.0,1
Connecticut,Binders,Acco 3-Hole Punch,43.8,21.024,0.0,1
Michigan,Supplies,"Acme 10"" Easy Grip Assistive Scissors",70.12,21.036,0.0,1
Michigan,Binders,Fellowes Binding Cases,46.8,21.06,0.0,1
New York,Paper,Xerox 198,44.82,21.0654,0.0,1
Virginia,Binders,"Acco PRESSTEX Data Binder with Storage Hooks, Dark Blue, 9 1/2"" X 11""",43.04,21.0896,0.0,1
Michigan,Tables,Balt Solid Wood Rectangular Table,210.98,21.098,0.0,1
California,Furnishings,"Eldon 200 Class Desk Accessories, Smoke",50.24,21.1008,0.0,2
New York,Binders,"GBC Standard Recycled Report Covers, Clear Plastic Sheets",60.367999999999995,21.128800000000002,0.2,2
Missouri,Envelopes,Staple envelope,44.959999999999994,21.1312,0.0,2
California,Art,50 Colored Long Pencils,81.28,21.1328,0.0,2
California,Furnishings,"DAX Copper Panel Document Frame, 5 x 7 Size",50.32,21.1344,0.0,1
Florida,Storage,Fellowes High-Stak Drawer Files,563.808,21.1428,0.2,1
Indiana,Storage,Adjustable Personal File Tote,81.4,21.164,0.0,1
New York,Bookcases,"Bush Westfield Collection Bookcases, Fully Assembled",565.488,21.2058,0.2,2
Louisiana,Art,Panasonic KP-4ABK Battery-Operated Pencil Sharpener,73.2,21.228,0.0,1
California,Art,Panasonic KP-4ABK Battery-Operated Pencil Sharpener,73.2,21.228,0.0,1
Washington,Appliances,Acco 6 Outlet Guardian Premium Plus Surge Suppressor,73.28,21.2512,0.0,1
Washington,Art,Deluxe Chalkboard Eraser Cleaner,46.2,21.252,0.0,1
Rhode Island,Paper,"Wirebound Message Book, 4 per Page",43.44,21.2856,0.0,1
Pennsylvania,Labels,"Permanent Self-Adhesive File Folder Labels for Typewriters, 1 1/8 x 3 1/2, White",65.52,21.294,0.2,2
Virginia,Furnishings,"Howard Miller 11-1/2"" Diameter Ridgewood Wall Clock",51.94,21.2954,0.0,1
Wisconsin,Furnishings,"DAX Charcoal/Nickel-Tone Document Frame, 5 x 7",47.4,21.33,0.0,1
Ohio,Art,"Sanford Prismacolor Professional Thick Lead Art Pencils, 36-Color Set",89.856,21.3408,0.2,1
Maryland,Binders,Wilson Jones Active Use Binders,43.68,21.4032,0.0,1
Georgia,Accessories,"Memorex 25GB 6X Branded Blu-Ray Recordable Disc, 15/Pack",101.94,21.4074,0.0,1
Illinois,Accessories,Hypercom P1300 Pinpad,100.8,21.42,0.2,1
Arizona,Accessories,Hypercom P1300 Pinpad,100.8,21.42,0.2,1
California,Furnishings,"Seth Thomas 16"" Steel Case Clock",64.96,21.4368,0.0,1
Virginia,Binders,"SlimView Poly Binder, 3/8""",46.62,21.4452,0.0,1
New York,Furnishings,"Eldon 200 Class Desk Accessories, Black",56.52,21.4776,0.0,1
Washington,Furnishings,"Tenex Contemporary Contur Chairmats for Low and Medium Pile Carpet, Computer, 39"" x 49""",107.53,21.506,0.0,1
California,Phones,Cisco Small Business SPA 502G VoIP phone,246.168,21.5397,0.2,1
North Carolina,Phones,Cisco Small Business SPA 502G VoIP phone,246.168,21.5397,0.2,1
California,Fasteners,"Vinyl Coated Wire Paper Clips in Organizer Box, 800/Box",45.92,21.5824,0.0,1
Iowa,Fasteners,"Vinyl Coated Wire Paper Clips in Organizer Box, 800/Box",45.92,21.5824,0.0,1
Ohio,Envelopes,"Recycled Interoffice Envelopes with String and Button Closure, 10 x 13",57.576,21.591,0.2,1
Pennsylvania,Envelopes,"Recycled Interoffice Envelopes with String and Button Closure, 10 x 13",57.576,21.591,0.2,1
Arizona,Accessories,Logitech 910-002974 M325 Wireless Mouse for Web Scrolling,71.976,21.5928,0.2,1
California,Furnishings,"DAX Cubicle Frames, 8-1/2 x 11",59.99,21.5964,0.0,1
California,Accessories,Logitech VX Revolution Cordless Laser Mouse for Notebooks (Black),359.98,21.5988,0.0,1
California,Labels,Avery 480,45.0,21.6,0.0,2
Virginia,Fasteners,Advantus Plastic Paper Clips,45.0,21.6,0.0,1
California,Binders,Avery Hole Reinforcements,59.808,21.6804,0.20000000000000004,3
Delaware,Storage,"Personal Filing Tote with Lid, Black/Gray",77.55,21.714,0.0,1
Connecticut,Storage,"Personal Filing Tote with Lid, Black/Gray",77.55,21.714,0.0,1
New York,Bookcases,O'Sullivan 2-Door Barrister Bookcase in Odessa Pine,579.136,21.7176,0.2,1
Texas,Phones,"Belkin SportFit Armband For iPhone 5s/5c, Fuchsia",59.96,21.7355,0.2,1
California,Furnishings,"Deflect-o DuraMat Lighweight, Studded, Beveled Mat for Low Pile Carpeting",127.95,21.7515,0.0,1
South Carolina,Furnishings,"Deflect-o DuraMat Lighweight, Studded, Beveled Mat for Low Pile Carpeting",127.95,21.7515,0.0,1
Indiana,Furnishings,"Deflect-o DuraMat Lighweight, Studded, Beveled Mat for Low Pile Carpeting",127.95,21.7515,0.0,1
Montana,Furnishings,"Eldon Stackable Tray, Side-Load, Legal, Smoke",63.98,21.7532,0.0,1
Texas,Paper,Xerox 214,62.208000000000006,21.772799999999997,0.2,2
California,Paper,Xerox 192,45.36,21.7728,0.0,2
California,Paper,Xerox 1894,45.36,21.7728,0.0,1
Rhode Island,Paper,Xerox 209,45.36,21.7728,0.0,1
California,Paper,Xerox 1931,45.36,21.7728,0.0,2
New Mexico,Paper,Xerox 230,45.36,21.7728,0.0,1
California,Paper,Xerox 1946,45.36,21.7728,0.0,1
Wisconsin,Paper,Xerox 217,45.36,21.7728,0.0,1
Kentucky,Paper,Weyerhaeuser First Choice Laser/Copy Paper (20Lb. and 88 Bright),45.36,21.7728,0.0,1
California,Paper,Xerox 213,45.36,21.7728,0.0,2
New York,Accessories,SanDisk Cruzer 64 GB USB Flash Drive,72.64,21.792,0.0,1
California,Furnishings,Magnifier Swing Arm Lamp,83.92,21.8192,0.0,2
Washington,Chairs,Office Star - Task Chair with Contemporary Loop Arms,436.704,21.8352,0.2,1
New York,Chairs,Global Highback Leather Tilter in Burgundy,327.564,21.8376,0.1,1
Pennsylvania,Accessories,Imation Secure+ Hardware Encrypted USB 2.0 Flash Drive; 16GB,116.784,21.897,0.2,1
Pennsylvania,Appliances,Tripp Lite Isotel 6 Outlet Surge Protector with Fax/Modem Protection,195.104,21.9492,0.2,1
Minnesota,Binders,Wilson Jones Legal Size Ring Binders,43.98,21.99,0.0,1
New York,Accessories,SanDisk Ultra 64 GB MicroSDHC Class 10 Memory Card,199.95,21.9945,0.0,1
California,Accessories,SanDisk Ultra 64 GB MicroSDHC Class 10 Memory Card,199.95,21.9945,0.0,1
Utah,Furnishings,Aluminum Document Frame,73.32,21.996,0.0,1
North Carolina,Accessories,Logitech G700s Rechargeable Gaming Mouse,79.992,21.9978,0.2,1
Mississippi,Binders,Avery Metallic Poly Binders,45.84,22.0032,0.0,1
Utah,Furnishings,"Executive Impressions 14"" Contract Wall Clock",66.69,22.0077,0.0,1
Indiana,Furnishings,"Seth Thomas 13 1/2"" Wall Clock",71.12,22.0472,0.0,1
California,Appliances,Fellowes Superior 10 Outlet Split Surge Protector,76.12,22.0748,0.0,1
Washington,Appliances,Fellowes Superior 10 Outlet Split Surge Protector,76.12,22.0748,0.0,1
New Jersey,Appliances,Fellowes Superior 10 Outlet Split Surge Protector,76.12,22.0748,0.0,1
New York,Envelopes,"#10 White Business Envelopes,4 1/8 x 9 1/2",47.01,22.0947,0.0,1
New Jersey,Appliances,Kensington 6 Outlet Guardian Standard Surge Protector,81.92,22.1184,0.0,1
Connecticut,Paper,"Adams Phone Message Book, 200 Message Capacity, 8 1/16 x 11",48.16,22.1536,0.0,1
Washington,Labels,Avery 490,44.4,22.2,0.0,1
New York,Labels,Alphabetical Labels for Top Tab Filing,44.4,22.2,0.0,1
Tennessee,Labels,Avery 505,59.2,22.2,0.2,1
Minnesota,Labels,Avery 490,44.4,22.2,0.0,1
Ohio,Paper,"Message Book, Wirebound, Four 5 1/2"" X 4"" Forms/Pg., 200 Dupl. Sets/Book",65.792,22.2048,0.2,2
Indiana,Paper,Xerox 188,45.36,22.226399999999998,0.0,2
Delaware,Storage,"SAFCO Mobile Desk Side File, Wire Frame",85.52,22.2352,0.0,1
Massachusetts,Storage,"SimpliFile Personal File, Black Granite, 15w x 6-15/16d x 11-1/4h",79.45,22.246,0.0,1
Connecticut,Appliances,Fellowes Advanced Computer Series Surge Protectors,79.47,22.2516,0.0,1
Florida,Phones,AT&T 1070 Corded Phone,178.384,22.298,0.2,1
New York,Furnishings,"Deflect-o EconoMat Studded, No Bevel Mat for Low Pile Carpeting",247.92000000000002,22.3128,0.0,2
California,Art,Newell 347,77.03999999999999,22.3416,0.0,3
Mississippi,Tables,KI Adjustable-Height Table,85.98,22.3548,0.0,1
Louisiana,Tables,KI Adjustable-Height Table,85.98,22.3548,0.0,1
South Carolina,Binders,"GBC Twin Loop Wire Binding Elements, 9/16"" Spine, Black",45.66,22.3734,0.0,1
Arizona,Furnishings,12-1/2 Diameter Round Wall Clock,111.888,22.3776,0.2,1
Nebraska,Phones,Anker 36W 4-Port USB Wall Charger Travel Power Adapter for iPhone 5s 5c 5,79.96,22.3888,0.0,1
Indiana,Accessories,Enermax Briskie RF Wireless Keyboard and Mouse Combo,62.31,22.4316,0.0,1
New York,Paper,Xerox 1968,46.76,22.4448,0.0,1
Ohio,Paper,"Wirebound Four 2-3/4 x 5 Forms per Page, 400 Sets per Book",61.92,22.446,0.2,2
California,Binders,Storex Dura Pro Binders,66.528,22.4532,0.2,2
New York,Art,Lumber Crayons,59.1,22.458,0.0,1
California,Paper,"Ampad Phone Message Book, Recycled, 400 Message Capacity, 5 ¾ x 11",49.92,22.464,0.0,2
California,Furnishings,Eldon Wave Desk Accessories,51.28,22.48,0.0,2
Illinois,Paper,Xerox 1892,62.016,22.4808,0.2,1
Texas,Phones,Panasonic KX T7736-B Digital phone,359.88,22.4925,0.2,1
Ohio,Accessories,Plantronics Audio 478 Stereo USB Headset,119.976,22.4955,0.2,1
New York,Paper,Personal Creations Ink Jet Cards and Labels,45.92,22.5008,0.0,1
Oregon,Paper,"REDIFORM Incoming/Outgoing Call Register, 11"" X 8 1/2"", 100 Messages",60.048,22.518,0.2,1
North Carolina,Chairs,Hon Olson Stacker Stools,225.296,22.5296,0.2,1
New York,Paper,Things To Do Today Pad,46.96,22.5408,0.0,1
New York,Storage,"Fellowes Personal Hanging Folder Files, Navy",80.58,22.5624,0.0,1
New York,Binders,Satellite Sectional Post Binders,69.456,22.5732,0.2,1
Minnesota,Appliances,Fellowes Basic Home/Office Series Surge Protectors,77.88,22.5852,0.0,1
Illinois,Paper,Avery Personal Creations Heavyweight Cards,64.624,22.6184,0.2,1
Michigan,Furnishings,Nu-Dell Float Frame 11 x 14 1/2,53.88,22.6296,0.0,1
New York,Art,Newell 324,80.85,22.638,0.0,2
South Carolina,Accessories,"Maxell 74 Minute CD-R Spindle, 50/Pack",62.91,22.6476,0.0,1
Indiana,Machines,Ricoh - Ink Collector Unit for GX3000 Series Printers,83.9,22.653,0.0,1
Washington,Phones,Pyle PRT45 Retro Home Telephone,201.568,22.6764,0.2,1
New Mexico,Phones,AT&T TR1909W,302.376,22.6782,0.2,1
Washington,Phones,AT&T TR1909W,302.376,22.6782,0.2,1
Idaho,Phones,Nokia Lumia 925,302.376,22.6782,0.2,1
New York,Accessories,KeyTronic E03601U1 - Keyboard - Beige,126.0,22.68,0.0,2
Washington,Furnishings,"Tenex V2T-RE Standard Weight Series Chair Mat, 45"" x 53"", Lip 25"" x 12""",141.96,22.7136,0.0,1
New York,Furnishings,Eldon Advantage Foldable Chair Mats for Low Pile Carpets,108.4,22.764,0.0,1
Iowa,Art,"Hunt PowerHouse Electric Pencil Sharpener, Blue",75.96,22.788,0.0,1
Michigan,Art,"Avery Hi-Liter EverBold Pen Style Fluorescent Highlighters, 4/Pack",56.98,22.792,0.0,1
Minnesota,Storage,"Tenex Personal Self-Stacking Standard File Box, Black/Gray",84.55,22.8285,0.0,1
California,Paper,Array Memo Cubes,46.62,22.8438,0.0,2
Idaho,Phones,Jabra BIZ 2300 Duo QD Duo Corded Headset,304.776,22.8582,0.2,1
Washington,Appliances,Holmes HEPA Air Purifier,65.34,22.869,0.0,1
Rhode Island,Binders,Aluminum Screw Posts,45.78,22.89,0.0,1
Texas,Storage,Recycled Steel Personal File for Hanging File Folders,366.272,22.892,0.2,2
New York,Binders,"XtraLife ClearVue Slant-D Ring Binder, White, 3""",70.464,22.9008,0.2,2
New York,Labels,Avery 499,49.8,22.907999999999998,0.0,2
Kansas,Appliances,Belkin 8 Outlet Surge Protector,81.96,22.9488,0.0,1
Washington,Appliances,Belkin 8 Outlet Surge Protector,81.96,22.9488,0.0,1
Wisconsin,Furnishings,Tensor Track Tree Floor Lamp,99.95,22.9885,0.0,1
Washington,Paper,Xerox 1911,47.9,22.992,0.0,1
California,Paper,Xerox 1886,47.9,22.992,0.0,1
Pennsylvania,Accessories,Logitech Wireless Marathon Mouse M705,79.984,22.9954,0.2,1
New Jersey,Envelopes,Globe Weis Peel & Seel First Class Envelopes,51.12,23.004,0.0,1
Oregon,Chairs,Bevis Steel Folding Chairs,230.28,23.028,0.2,1
New York,Paper,Xerox 1907,49.12,23.0864,0.0,1
Georgia,Paper,Xerox 1907,49.12,23.0864,0.0,1
New Mexico,Paper,Easy-staple paper,49.12,23.0864,0.0,1
Arizona,Phones,Samsung Rugby III,263.96,23.0965,0.2,1
Nevada,Binders,"Square Ring Data Binders, Rigid 75 Pt. Covers, 11"" x 14-7/8""",66.048,23.1168,0.2,1
Michigan,Furnishings,"Career Cubicle Clock, 8 1/4"", Black",60.84,23.1192,0.0,1
New York,Storage,Advantus Rolling Storage Box,85.75,23.152499999999996,0.0,2
Minnesota,Labels,Avery 495,50.4,23.184,0.0,1
Georgia,Accessories,Kensington K72356US Mouse-in-a-Box USB Desktop Mouse,66.36,23.226,0.0,1
Utah,Paper,"Wirebound Service Call Books, 5 1/2"" x 4""",48.4,23.232,0.0,1
Texas,Paper,Xerox 1951,74.352,23.235,0.2,1
Ohio,Paper,"IBM Multi-Purpose Copy Paper, 8 1/2 x 11"", Case",74.352,23.235,0.2,1
North Carolina,Paper,Xerox 1988,74.352,23.235,0.2,1
Arizona,Paper,Xerox 1951,74.352,23.235,0.2,1
Florida,Paper,Xerox 1988,74.352,23.235,0.2,1
Illinois,Accessories,Enermax Briskie RF Wireless Keyboard and Mouse Combo,116.312,23.2624,0.2,1
California,Fasteners,OIC Binder Clips,46.54,23.27,0.0,3
Massachusetts,Binders,GBC Binding covers,51.8,23.31,0.0,1
Pennsylvania,Furnishings,Electrix Halogen Magnifier Lamp,310.88,23.316,0.2,1
Florida,Furnishings,Electrix Halogen Magnifier Lamp,310.88,23.316,0.2,1
Oklahoma,Storage,Fellowes Recycled Storage Drawers,333.09,23.3163,0.0,1
Louisiana,Bookcases,O'Sullivan 2-Shelf Heavy-Duty Bookcases,145.74,23.3184,0.0,1
Massachusetts,Furnishings,Nu-Dell Executive Frame,63.2,23.384,0.0,1
Texas,Art,"BOSTON Ranger #55 Pencil Sharpener, Black",207.92000000000002,23.391,0.2,2
Michigan,Storage,Fellowes Bankers Box Staxonsteel Drawer File/Stacking System,194.94,23.3928,0.0,1
Mississippi,Accessories,Memorex Micro Travel Drive 8 GB,52.0,23.4,0.0,1
New York,Accessories,Memorex Micro Travel Drive 8 GB,52.0,23.4,0.0,2
New York,Binders,"Acco Recycled 2"" Capacity Laser Printer Hanging Data Binders",69.36,23.409,0.2,2
Oklahoma,Accessories,Sony Micro Vault Click 4 GB USB 2.0 Flash Drive,167.28,23.4192,0.0,1
Kentucky,Phones,I Need's 3d Hello Kitty Hybrid Silicone Case Cover for HTC One X 4g with 3d Hello Kitty Stylus Pen Green/pink,83.72,23.4416,0.0,1
California,Paper,Xerox 1974,47.84,23.4416,0.0,3
North Carolina,Paper,Petty Cash Envelope,64.704,23.4552,0.2,1
California,Binders,GBC Personal VeloBind Strips,67.088,23.480800000000002,0.2,2
Massachusetts,Binders,Wilson Jones Snap Scratch Pad Binder Tool for Ring Binders,52.2,23.49,0.0,1
Delaware,Phones,Apple EarPods with Remote and Mic,83.97,23.5116,0.0,1
Maryland,Phones,AT&T 17929 Lendline Telephone,90.48,23.5248,0.0,1
Alabama,Phones,AT&T 17929 Lendline Telephone,90.48,23.5248,0.0,1
Missouri,Storage,Hanging Personal Folder File,94.2,23.55,0.0,1
Virginia,Labels,Avery 50,50.12,23.5564,0.0,2
Maryland,Chairs,"Office Star - Contemporary Task Swivel chair with Loop Arms, Charcoal",261.96,23.5764,0.0,1
Texas,Paper,Xerox 216,67.392,23.5872,0.2,2
Minnesota,Paper,"Memo Book, 100 Message Capacity, 5 3/8 x 11",47.18,23.59,0.0,1
New York,Binders,"Angle-D Binders with Locking Rings, Label Holders",70.08,23.652,0.2,2
Maryland,Furnishings,"DAX Metal Frame, Desktop, Stepped-Edge",60.72,23.6808,0.0,1
California,Phones,Cisco SPA508G,211.168,23.7564,0.2,1
California,Binders,"Avery Trapezoid Ring Binder, 3"" Capacity, Black, 1040 sheets",65.568,23.7684,0.2,1
Texas,Paper,Xerox 1919,65.584,23.7742,0.2,1
Pennsylvania,Paper,Xerox 1893,65.584,23.7742,0.2,1
Illinois,Paper,Xerox 1893,65.584,23.7742,0.2,1
Rhode Island,Binders,JM Magazine Binder,49.53,23.7744,0.0,1
Virginia,Appliances,Holmes Odor Grabber,72.1,23.793,0.0,2
Arizona,Phones,Motorola Moto X,271.992,23.7993,0.2,1
Nevada,Art,Newell 319,79.36,23.808,0.0,1
Michigan,Art,Newell 319,79.36,23.808,0.0,1
North Carolina,Accessories,Maxell 4.7GB DVD-R,90.816,23.8392,0.2,2
Mississippi,Envelopes,Fashion Color Clasp Envelopes,48.69,23.8581,0.0,1
New York,Supplies,Compact Automatic Electric Letter Opener,1193.1,23.862,0.0,2
Rhode Island,Furnishings,Eldon 500 Class Desk Accessories,72.42,23.8986,0.0,1
New York,Furnishings,Eldon 500 Class Desk Accessories,72.42,23.898600000000002,0.0,2
Kentucky,Binders,"Acco Flexible ACCOHIDE Square Ring Data Binder, Dark Blue, 11 1/2"" X 14"" 7/8""",48.81,23.9169,0.0,1
California,Furnishings,Nu-Dell Oak Frame,74.76,23.9232,0.0,1
Florida,Chairs,Global Comet Stacking Armless Chair,239.24,23.924,0.2,1
Georgia,Paper,"Wirebound Message Book, 4 per Page",48.87,23.9463,0.0,1
New York,Accessories,Imation 32GB Pocket Pro USB 3.0 Flash Drive - 32 GB - Black - 1 P ...,59.9,23.96,0.0,1
New York,Storage,Fellowes Bases and Tops For Staxonsteel/High-Stak Systems,99.87,23.9688,0.0,1
California,Furnishings,Eldon Radial Chair Mat for Low to Medium Pile Carpets,119.94,23.988,0.0,1
Kansas,Furnishings,"Executive Impressions 10"" Spectator Wall Clock",70.56,23.9904,0.0,1
Alabama,Accessories,Anker Ultrathin Bluetooth Wireless Keyboard Aluminum Cover with Stand ,239.92,23.992,0.0,1
South Carolina,Storage,Recycled Eldon Regeneration Jumbo File,85.96,24.0688,0.0,1
Washington,Binders,Ibico Plastic and Wire Spiral Binding Combs,74.184,24.1098,0.2,2
California,Paper,"Message Book, Standard Line ""While You Were Out"", 5 1/2"" X 4"", 200 Sets/Book",51.36,24.139200000000002,0.0,2
New York,Storage,Space Solutions HD Industrial Steel Shelving.,804.79,24.143700000000003,0.0,2
Georgia,Appliances,APC 7 Outlet Network SurgeArrest Surge Protector,80.48,24.144,0.0,1
New York,Furnishings,"Master Caster Door Stop, Brown",71.12,24.1808,0.0,3
California,Labels,Avery 518,50.4,24.192,0.0,2
Florida,Appliances,"Belkin 325VA UPS Surge Protector, 6'",387.136,24.196,0.2,1
Wisconsin,Bookcases,O'Sullivan Living Dimensions 2-Shelf Bookcases,241.96,24.196,0.0,1
Ohio,Appliances,"Belkin 325VA UPS Surge Protector, 6'",387.136,24.196,0.2,1
California,Paper,Great White Multi-Use Recycled Paper (20Lb. and 84 Bright),53.82,24.219,0.0,3
Michigan,Binders,Ibico Standard Transparent Covers,49.44,24.2256,0.0,1
Ohio,Envelopes,Staple envelope,66.592,24.2268,0.2,2
New York,Paper,"Speediset Carbonless Redi-Letter 7"" x 8 1/2""",51.55,24.2285,0.0,1
Kentucky,Paper,"Speediset Carbonless Redi-Letter 7"" x 8 1/2""",51.55,24.2285,0.0,1
California,Bookcases,"Bush Westfield Collection Bookcases, Fully Assembled",257.499,24.2352,0.15,1
Washington,Paper,Easy-staple paper,52.76,24.2696,0.0,1
California,Machines,"Vtech AT&T CL2940 Corded Speakerphone, Black",71.976,24.2919,0.2,1
Florida,Paper,Xerox 1898,69.47200000000001,24.3152,0.2,2
Tennessee,Envelopes,"Peel & Seel Recycled Catalog Envelopes, Brown",64.848,24.318,0.2,1
California,Appliances,"Holmes Replacement Filter for HEPA Air Cleaner, Medium Room",56.65,24.3595,0.0,1
Montana,Storage,Eldon Simplefile Box Office,87.08,24.3824,0.0,1
Missouri,Binders,VariCap6 Expandable Binder,51.9,24.393,0.0,1
New York,Phones,"LF Elite 3D Dazzle Designer Hard Case Cover, Lf Stylus Pen and Wiper For Apple Iphone 5c Mini Lite",87.2,24.416,0.0,2
Georgia,Furnishings,Artistic Insta-Plaque,62.72,24.4608,0.0,1
Georgia,Paper,"Post-it Important Message Note Pad, Neon Colors, 50 Sheets/Pad",50.96,24.4608,0.0,1
New York,Paper,"Array Parchment Paper, Assorted Colors",50.96,24.460800000000003,0.0,2
Washington,Paper,Xerox 1942,48.94,24.47,0.0,1
Florida,Phones,Grandstream GXP2100 Mainstream Business Phone,244.768,24.4768,0.2,1
Texas,Phones,Grandstream GXP2100 Mainstream Business Phone,244.768,24.4768,0.2,1
Texas,Paper,"TOPS Carbonless Receipt Book, Four 2-3/4 x 7-1/4 Money Receipts per Page",70.08,24.528,0.2,1
New Jersey,Envelopes,Quality Park Security Envelopes,52.34,24.5998,0.0,1
Florida,Paper,Easy-staple paper,68.736,24.618,0.2,2
Colorado,Accessories,Memorex Micro Travel Drive 16 GB,179.088,24.6246,0.2,1
California,Storage,"Sortfiler Multipurpose Personal File Organizer, Black",85.56,24.8124,0.0,2
Indiana,Labels,Avery 503,51.75,24.84,0.0,1
California,Labels,"Avery Address/Shipping Labels for Typewriters, 4"" x 2""",51.75,24.84,0.0,1
Michigan,Storage,Sensible Storage WireTech Storage Systems,496.86,24.843,0.0,1
Pennsylvania,Storage,Steel Personal Filing/Posting Tote,284.08,24.857,0.2,1
Washington,Chairs,SAFCO Arco Folding Chair,220.96,24.858,0.2,1
California,Furnishings,Eldon Econocleat Chair Mats for Low Pile Carpets,207.35,24.882,0.0,1
Washington,Paper,Xerox 209,51.84,24.8832,0.0,1
Connecticut,Paper,Xerox 209,51.84,24.8832,0.0,1
Wisconsin,Paper,Xerox 205,51.84,24.8832,0.0,1
New York,Paper,Xerox 205,51.84,24.8832,0.0,1
Maryland,Paper,Xerox 216,51.84,24.8832,0.0,1
New York,Paper,Xerox 219,51.84,24.8832,0.0,2
California,Paper,Xerox 228,51.84,24.883200000000002,0.0,2
California,Paper,Xerox 216,51.84,24.883200000000002,0.0,2
California,Furnishings,"C-Line Magnetic Cubicle Keepers, Clear Polypropylene",59.28,24.8976,0.0,3
New York,Storage,Iris Project Case,95.76,24.897600000000004,0.0,2
Massachusetts,Accessories,Memorex Mini Travel Drive 16 GB USB 2.0 Flash Drive,63.88,24.9132,0.0,1
Oklahoma,Accessories,Memorex Mini Travel Drive 16 GB USB 2.0 Flash Drive,63.88,24.9132,0.0,1
New York,Accessories,Imation Bio 8GB USB Flash Drive Imation Corp,166.24,24.936,0.0,1
California,Accessories,Imation Bio 8GB USB Flash Drive Imation Corp,166.24,24.936,0.0,1
New York,Furnishings,"Howard Miller 16"" Diameter Gallery Wall Clock",63.94,24.9366,0.0,1
Washington,Paper,Strathmore Photo Mount Cards,54.239999999999995,24.950400000000002,0.0,2
California,Storage,"Decoflex Hanging Personal Folder File, Blue",92.52,24.9804,0.0,1
Washington,Storage,"Decoflex Hanging Personal Folder File, Blue",92.52,24.9804,0.0,1
Wisconsin,Storage,"Decoflex Hanging Personal Folder File, Blue",92.52,24.9804,0.0,1
Nevada,Supplies,"Fiskars 8"" Scissors, 2/Pack",86.2,24.998,0.0,1
Illinois,Art,Prismacolor Color Pencil Set,95.232,24.9984,0.2,1
Ohio,Storage,Letter Size File,222.32,25.011,0.2,1
Arizona,Phones,Toshiba IPT2010-SD IP Telephone,333.576,25.0182,0.2,1
California,Paper,"Wirebound Message Books, Two 4 1/4"" x 5"" Forms per Page",53.269999999999996,25.036900000000003,0.0,3
New York,Storage,"Letter/Legal File Tote with Clear Snap-On Lid, Black Granite",96.36,25.0536,0.0,1
Illinois,Phones,Wilson Electronics DB Pro Signal Booster,286.4,25.06,0.2,1
New York,Art,"Boston School Pro Electric Pencil Sharpener, 1670",92.94,25.0938,0.0,1
Minnesota,Binders,Wilson Jones 14 Line Acrylic Coated Pressboard Data Binders,53.4,25.098,0.0,1
California,Art,Staples in misc. colors,83.14,25.1072,0.0,5
Connecticut,Phones,Classic Ivory Antique Telephone ZL1810,100.49,25.1225,0.0,1
New York,Binders,GBC Wire Binding Combs,74.448,25.126200000000004,0.2,2
Maryland,Storage,Pizazz Global Quick File,89.82,25.1496,0.0,1
Georgia,Phones,Plantronics Encore H101 Dual Earpieces Headset,89.9,25.172,0.0,1
Massachusetts,Storage,"Tennsco Lockers, Sand",104.9,25.176,0.0,1
North Carolina,Furnishings,Luxo Professional Fluorescent Magnifier Lamp with Clamp-Mount Base,335.744,25.1808,0.2,1
Texas,Phones,invisibleSHIELD by ZAGG Smudge-Free Screen Protector,71.96,25.186,0.2,1
Washington,Phones,invisibleSHIELD by ZAGG Smudge-Free Screen Protector,71.96,25.186,0.2,1
Michigan,Accessories,Logitech Trackman Marble Mouse,59.98,25.1916,0.0,1
Maryland,Phones,"BlueLounge Milo Smartphone Stand, White/Metallic",89.97,25.1916,0.0,1
North Carolina,Phones,Innergie mMini Combo Duo USB Travel Charging Kit,71.984,25.1944,0.2,1
Oregon,Phones,BlackBerry Q10,403.168,25.198,0.2,1
Wisconsin,Phones,AT&T CL82213,86.97,25.2213,0.0,1
Michigan,Paper,"TOPS Money Receipt Book, Consecutively Numbered in Red,",56.07,25.2315,0.0,1
Oregon,Chairs,"Global Fabric Manager's Chair, Dark Gray",403.92,25.245,0.2,1
California,Accessories,"Maxell 74 Minute CDR, 10/Pack",68.46,25.3302,0.0,1
Texas,Paper,Xerox 212,72.576,25.4016,0.20000000000000004,3
Missouri,Paper,Xerox 1993,51.84,25.4016,0.0,1
New Mexico,Storage,"SimpliFile Personal File, Black Granite, 15w x 6-15/16d x 11-1/4h",90.8,25.424,0.0,1
California,Appliances,"Fellowes Premier Superior Surge Suppressor, 10-Outlet, With Phone and Remote",97.84,25.4384,0.0,1
New Jersey,Appliances,"Fellowes Premier Superior Surge Suppressor, 10-Outlet, With Phone and Remote",97.84,25.4384,0.0,1
Louisiana,Envelopes,Brown Kraft Recycled Envelopes,50.94,25.47,0.0,1
Indiana,Furnishings,"Tenex Traditional Chairmats for Medium Pile Carpet, Standard Lip, 36"" x 48""",121.3,25.473,0.0,1
New York,Chairs,Office Star - Task Chair with Contemporary Loop Arms,163.764,25.4744,0.1,1
California,Paper,Southworth Structures Collection,50.96,25.48,0.0,1
Washington,Bookcases,"Bush Westfield Collection Bookcases, Medium Cherry Finish",115.96,25.5112,0.0,1
Virginia,Furnishings,DAX Wood Document Frame.,82.38,25.5378,0.0,1
New Jersey,Chairs,Novimex Turbo Task Chair,212.94,25.5528,0.0,1
California,Paper,"Adams Telephone Message Book W/Dividers/Space For Phone Numbers, 5 1/4""X8 1/2"", 200/Messages",56.8,25.560000000000002,0.0,2
Nevada,Binders,Tuf-Vin Binders,75.792,25.5798,0.2,1
New York,Binders,Tuf-Vin Binders,75.792,25.5798,0.2,1
South Carolina,Storage,Fellowes Bankers Box Stor/Drawer Steel Plus,255.84,25.584,0.0,2
Texas,Accessories,Logitech G602 Wireless Gaming Mouse,127.984,25.5968,0.2,1
California,Furnishings,Advantus Panel Wall Certificate Holder - 8.5x11,61.0,25.619999999999997,0.0,2
Kentucky,Furnishings,Advantus Panel Wall Certificate Holder - 8.5x11,61.0,25.62,0.0,1
Washington,Paper,Xerox 1898,53.44,25.6512,0.0,2
New York,Binders,"Green Canvas Binder for 8-1/2"" x 14"" Sheets",68.48,25.68,0.2,1
New York,Binders,GBC Plastic Binding Combs,70.848,25.6824,0.20000000000000004,3
Mississippi,Art,Boston KS Multi-Size Manual Pencil Sharpener,91.96,25.7488,0.0,1
Nebraska,Binders,"GBC Standard Recycled Report Covers, Clear Plastic Sheets",53.9,25.872,0.0,1
New York,Binders,"DXL Angle-View Binders with Locking Rings, Black",76.672,25.8768,0.2,2
California,Chairs,Global Enterprise Series Seating Low-Back Swivel/Tilt Chairs,207.184,25.898,0.2,1
California,Art,Bulldog Vacuum Base Pencil Sharpener,95.92,25.8984,0.0,1
Ohio,Furnishings,"Computer Room Manger, 14""",129.92000000000002,25.984,0.2,2
Pennsylvania,Art,"Boston School Pro Electric Pencil Sharpener, 1670",297.408,26.023200000000003,0.2,2
California,Storage,Home/Office Personal File Carts,104.28,26.07,0.0,1
California,Labels,Avery 48,56.7,26.082,0.0,1
New York,Furnishings,DAX Two-Tone Silver Metal Document Frame,60.72,26.1096,0.0,1
Illinois,Storage,"Fellowes Mobile File Cart, Black",298.464,26.1156,0.2,1
Colorado,Appliances,Kensington 7 Outlet MasterPiece HOMEOFFICE Power Control Center,209.792,26.224,0.2,1
California,Furnishings,Eldon Cleatmat Plus Chair Mats for High Pile Carpets,238.56,26.2416,0.0,1
California,Paper,Southworth 25% Cotton Antique Laid Paper & Envelopes,58.38,26.271,0.0,1
California,Binders,"Avery Durable Plastic 1"" Binders",72.64,26.332,0.20000000000000004,3
California,Appliances,Fellowes Basic Home/Office Series Surge Protectors,90.86,26.3494,0.0,1
Maryland,Appliances,Fellowes Basic Home/Office Series Surge Protectors,90.86,26.3494,0.0,1
California,Art,Panasonic KP-310 Heavy-Duty Electric Pencil Sharpener,87.92,26.376,0.0,1
Washington,Accessories,Logitech 910-002974 M325 Wireless Mouse for Web Scrolling,59.98,26.3912,0.0,1
Maryland,Accessories,Logitech 910-002974 M325 Wireless Mouse for Web Scrolling,59.98,26.3912,0.0,1
Texas,Accessories,Logitech Trackman Marble Mouse,95.968,26.3912,0.2,1
Washington,Accessories,SanDisk Ultra 64 GB MicroSDHC Class 10 Memory Card,239.94,26.3934,0.0,1
Washington,Accessories,Logitech M510 Wireless Mouse,79.98,26.3934,0.0,1
California,Fasteners,Advantus Plastic Paper Clips,55.0,26.4,0.0,3
North Carolina,Storage,Fellowes High-Stak Drawer Files,704.76,26.4285,0.2,1
New York,Phones,Spigen Samsung Galaxy S5 Case Wallet,101.94,26.5044,0.0,2
Texas,Paper,Xerox 1887,75.88,26.558,0.2,1
Wisconsin,Appliances,Acco 6 Outlet Guardian Premium Plus Surge Suppressor,91.6,26.564,0.0,1
Delaware,Art,Deluxe Chalkboard Eraser Cleaner,57.75,26.565,0.0,1
Wisconsin,Accessories,Maxell LTO Ultrium - 800 GB,139.95,26.5905,0.0,1
New York,Supplies,Acme Box Cutter Scissors,102.3,26.598,0.0,1
New Hampshire,Furnishings,Luxo Professional Combination Clamp-On Lamps,102.3,26.598,0.0,1
California,Paper,Xerox 194,55.48,26.6304,0.0,1
New Jersey,Paper,"Eaton Premium Continuous-Feed Paper, 25% Cotton, Letter Size, White, 1000 Shts/Box",55.48,26.6304,0.0,1
Oregon,Labels,Alphabetical Labels for Top Tab Filing,71.04,26.64,0.2,1
California,Furnishings,"Executive Impressions 13"" Chairman Wall Clock",76.14,26.649,0.0,1
Delaware,Furnishings,"Executive Impressions 13"" Chairman Wall Clock",76.14,26.649,0.0,1
Michigan,Binders,GBC Durable Plastic Covers,58.05,26.703,0.0,1
Virginia,Binders,GBC Durable Plastic Covers,58.05,26.703,0.0,1
California,Binders,"XtraLife ClearVue Slant-D Ring Binder, White, 3""",82.208,26.7176,0.2,2
Georgia,Phones,I Need's 3d Hello Kitty Hybrid Silicone Case Cover for HTC One X 4g with 3d Hello Kitty Stylus Pen Green/pink,95.68,26.7904,0.0,1
Texas,Paper,Xerox 1911,76.64,26.824,0.2,1
Texas,Paper,Xerox 1886,76.64,26.824,0.2,1
Arkansas,Binders,Avery Non-Stick Binders,58.37,26.8502,0.0,2
California,Appliances,"Holmes Cool Mist Humidifier for the Whole House with 8-Gallon Output per Day, Extended Life Filter",59.7,26.865,0.0,1
Washington,Chairs,Global Deluxe Office Fabric Chairs,307.136,26.8744,0.2,1
Virginia,Accessories,Sony Micro Vault Click 16 GB USB 2.0 Flash Drive,111.98,26.8752,0.0,1
Washington,Envelopes,"Manila Recycled Extra-Heavyweight Clasp Envelopes, 6"" x 9""",54.9,26.901,0.0,1
Michigan,Binders,GBC Imprintable Covers,54.9,26.901,0.0,1
Texas,Paper,Xerox 1937,76.864,26.9024,0.2,1
Illinois,Paper,Xerox 1937,76.864,26.9024,0.2,1
New York,Paper,Green Bar Computer Printout Paper,54.96,26.9304,0.0,1
California,Furnishings,DAX Clear Channel Poster Frame,72.9,26.973,0.0,1
Kansas,Art,Panasonic KP-380BK Classic Electric Pencil Sharpener,107.94,26.985,0.0,1
California,Phones,OtterBox Defender Series Case - Samsung Galaxy S4,215.928,26.991,0.2,2
Illinois,Phones,HTC One,239.976,26.9973,0.2,1
Tennessee,Phones,HTC One,239.976,26.9973,0.2,1
Washington,Phones,Google Nexus 5,431.976,26.9985,0.2,1
Georgia,Binders,"XtraLife ClearVue Slant-D Ring Binder, White, 3""",58.72,27.0112,0.0,1
New Jersey,Chairs,"Global High-Back Leather Tilter, Burgundy",245.98,27.0578,0.0,1
Florida,Phones,Polycom SoundPoint IP 450 VoIP phone,361.376,27.1032,0.2,1
New York,Art,Sanford Liquid Accent Highlighters,73.47999999999999,27.1876,0.0,2
California,Phones,Avaya 5410 Digital phone,271.96,27.196,0.2,1
Michigan,Envelopes,Staple envelope,57.96,27.2412,0.0,1
Washington,Binders,Ibico Laser Imprintable Binding System Covers,83.84,27.248,0.2,1
California,Tables,"Hon 30"" x 60"" Table with Locking Drawer",272.848,27.2848,0.2,1
Washington,Phones,Grandstream GXP1160 VoIP phone,242.624,27.2952,0.2,1
New York,Furnishings,"Eldon Delta Triangular Chair Mat, 52"" x 58"", Clear",151.72,27.3096,0.0,2
California,Furnishings,"Eldon Delta Triangular Chair Mat, 52"" x 58"", Clear",151.72,27.3096,0.0,1
California,Paper,Xerox 1887,56.91,27.3168,0.0,2
California,Chairs,"Global Value Steno Chair, Gray",437.328,27.333,0.2,2
Massachusetts,Accessories,Imation Secure Drive + Hardware Encrypted USB flash drive - 16 GB,113.97,27.3528,0.0,1
California,Bookcases,Sauder Inglewood Library Bookcases,290.666,27.3568,0.15,1
New York,Furnishings,Deflect-o Glass Clear Studded Chair Mats,124.36,27.3592,0.0,1
Massachusetts,Furnishings,Deflect-o Glass Clear Studded Chair Mats,124.36,27.3592,0.0,1
California,Binders,Cardinal EasyOpen D-Ring Binders,73.12,27.42,0.2,2
Michigan,Phones,Panasonic KX TS208W Corded phone,97.98,27.4344,0.0,1
Arizona,Paper,Xerox 1883,84.416,27.4352,0.2,1
Ohio,Appliances,Tripp Lite Isotel 6 Outlet Surge Protector with Fax/Modem Protection,243.88,27.4365,0.2,1
South Dakota,Chairs,Novimex Fabric Task Chair,182.94,27.441,0.0,1
California,Binders,Aluminum Screw Posts,73.248,27.468,0.2,2
Maryland,Labels,Avery 486,58.48,27.4856,0.0,1
California,Binders,Surelock Post Binders,73.344,27.504,0.2,1
Maine,Appliances,Eureka The Boss Cordless Rechargeable Stick Vac,101.96,27.5292,0.0,1
California,Furnishings,"GE 4 Foot Flourescent Tube, 40 Watt",59.92,27.5632,0.0,1
Michigan,Storage,Space Solutions HD Industrial Steel Shelving.,919.76,27.5928,0.0,2
Wisconsin,Furnishings,"Eldon Expressions Desk Accessory, Wood Photo Frame, Mahogany",95.2,27.608,0.0,1
Kentucky,Accessories,Memorex Froggy Flash Drive 8 GB,71.0,27.69,0.0,1
Texas,Art,Boston 1645 Deluxe Heavier-Duty Electric Pencil Sharpener,316.65599999999995,27.7074,0.20000000000000004,3
Texas,Phones,Clarity 53712,369.544,27.7158,0.2,1
Washington,Phones,Nortel Meridian M3904 Professional Digital phone,246.384,27.7182,0.2,1
California,Storage,Advantus Rolling Storage Box,102.9,27.783,0.0,2
Washington,Paper,Xerox 1925,61.96,27.882,0.0,1
New Jersey,Paper,Xerox 1960,61.96,27.882,0.0,1
California,Paper,Xerox 1951,61.96,27.882,0.0,1
Connecticut,Paper,Xerox 1988,61.96,27.882,0.0,1
Kentucky,Binders,"GBC Clear Cover, 8-1/2 x 11, unpunched, 25 covers per pack",60.64,27.8944,0.0,1
Texas,Storage,"Dual Level, Single-Width Filing Carts",372.144,27.9108,0.2,1
California,Paper,"Adams Telephone Message Book w/Frequently-Called Numbers Space, 400 Messages per Book",55.86,27.93,0.0,1
New York,Storage,"Neat Ideas Personal Hanging Folder Files, Black",107.44,27.9344,0.0,1
New York,Furnishings,"Executive Impressions 14"" Two-Color Numerals Wall Clock",68.16,27.9456,0.0,1
Texas,Paper,Southworth 25% Cotton Premium Laser Paper and Envelopes,79.92,27.972,0.2,1
Florida,Phones,PureGear Roll-On Screen Protector,79.96,27.986,0.2,1
New York,Paper,Xerox 226,58.32,27.9936,0.0,2
Georgia,Paper,Xerox 226,58.32,27.9936,0.0,1
California,Paper,Xerox 204,58.32,27.9936,0.0,2
California,Paper,Xerox 203,58.32,27.9936,0.0,2
California,Paper,Weyerhaeuser First Choice Laser/Copy Paper (20Lb. and 88 Bright),58.32,27.9936,0.0,1
California,Phones,iHome FM Clock Radio with Lightning Dock,447.936,27.996,0.2,2
Kentucky,Binders,Binding Machine Supplies,58.34,28.0032,0.0,1
South Carolina,Binders,Binding Machine Supplies,58.34,28.0032,0.0,1
New York,Furnishings,Staple-based wall hangings,63.68,28.0192,0.0,1
Washington,Chairs,Office Star - Professional Matrix Back Chair with 2-to-1 Synchro Tilt and Mesh Fabric Seat,561.568,28.0784,0.2,1
Wisconsin,Labels,"Avery 4027 File Folder Labels for Dot Matrix Printers, 5000 Labels per Box, White",61.06,28.0876,0.0,1
Ohio,Furnishings,"Floodlight Indoor Halogen Bulbs, 1 Bulb per Pack, 60 Watts",77.6,28.13,0.2,1
Massachusetts,Paper,Xerox 1884,59.94,28.1718,0.0,1
Arkansas,Paper,Xerox 191,59.94,28.1718,0.0,1
Massachusetts,Paper,Xerox 1936,59.94,28.1718,0.0,1
Washington,Appliances,Belkin Premiere Surge Master II 8-outlet surge protector,97.16,28.1764,0.0,1
California,Supplies,"Acme Hot Forged Carbon Steel Scissors with Nickel-Plated Handles, 3 7/8"" Cut, 8""L",97.3,28.217,0.0,1
Michigan,Furnishings,Westinghouse Clip-On Gooseneck Lamps,108.81,28.290599999999998,0.0,2
New York,Phones,Plantronics Cordless Phone Headset with In-line Volume - M214C,104.85,28.3095,0.0,1
Georgia,Phones,Plantronics Cordless Phone Headset with In-line Volume - M214C,104.85,28.3095,0.0,1
Oklahoma,Phones,Plantronics Cordless Phone Headset with In-line Volume - M214C,104.85,28.3095,0.0,1
New York,Envelopes,"#10-4 1/8"" x 9 1/2"" Premium Diagonal Seam Envelopes",62.96,28.332,0.0,1
Florida,Phones,Cisco 8x8 Inc. 6753i IP Business Phone System,323.976,28.3479,0.2,1
Wisconsin,Binders,Flexible Leather- Look Classic Collection Ring Binder,56.82,28.41,0.0,1
California,Bookcases,"Bush Westfield Collection Bookcases, Medium Cherry Finish",344.981,28.4102,0.15,1
Maryland,Storage,Project Tote Personal File,98.21,28.4809,0.0,1
Arizona,Appliances,Fellowes Command Center 5-outlet power strip,325.632,28.4928,0.2,1
Texas,Accessories,Kensington Expert Mouse Optical USB Trackball for PC or Mac,227.976,28.497,0.2,1
Illinois,Accessories,Kensington Expert Mouse Optical USB Trackball for PC or Mac,227.976,28.497,0.2,1
California,Appliances,Hoover Commercial SteamVac,95.06,28.518,0.0,2
Texas,Phones,ClearOne Communications CHAT 70 OC Speaker Phone,381.576,28.6182,0.2,1
Idaho,Storage,Fellowes Stor/Drawer Steel Plus Storage Drawers,477.15,28.629,0.0,1
Utah,Binders,Deluxe Heavy-Duty Vinyl Round Ring Binder,91.68,28.65,0.2,1
New York,Binders,GBC Imprintable Covers,79.056,28.6578,0.2,1
California,Binders,"Acco Data Flex Cable Posts For Top & Bottom Load Binders, 6"" Capacity",91.78399999999999,28.682499999999997,0.20000000000000004,3
New York,Binders,"Acco Data Flex Cable Posts For Top & Bottom Load Binders, 6"" Capacity",91.78399999999999,28.6825,0.2,2
Indiana,Paper,"Black Print Carbonless Snap-Off Rapid Letter, 8 1/2"" x 7""",63.77,28.6965,0.0,1
Colorado,Paper,Xerox 1932,85.056,28.7064,0.2,1
Ohio,Paper,Xerox 1906,85.056,28.7064,0.2,1
Illinois,Phones,Cisco Small Business SPA 502G VoIP phone,328.224,28.7196,0.2,1
New York,Accessories,SanDisk Ultra 32 GB MicroSDHC Class 10 Memory Card,221.0,28.73,0.0,2
California,Envelopes,"#10- 4 1/8"" x 9 1/2"" Recycled Envelopes",61.18000000000001,28.754600000000003,0.0,2
Virginia,Envelopes,Globe Weis Peel & Seel First Class Envelopes,63.9,28.755,0.0,1
New York,Envelopes,Globe Weis Peel & Seel First Class Envelopes,63.9,28.755,0.0,1
Pennsylvania,Accessories,Microsoft Sculpt Comfort Mouse,95.88,28.764,0.2,1
Texas,Phones,AT&T 1080 Corded phone,328.776,28.7679,0.2,1
California,Furnishings,12-1/2 Diameter Round Wall Clock,79.92,28.7712,0.0,1
Massachusetts,Phones,PureGear Roll-On Screen Protector,59.97,28.7856,0.0,1
Texas,Accessories,Logitech 910-002974 M325 Wireless Mouse for Web Scrolling,95.968,28.7904,0.2,2
Illinois,Accessories,Kensington Orbit Wireless Mobile Trackball for PC and Mac,191.968,28.7952,0.2,1
Georgia,Accessories,Logitech G430 Surround Sound Gaming Headset with Dolby 7.1 Technology,79.99,28.7964,0.0,1
California,Paper,"Recycled Desk Saver Line ""While You Were Out"" Book, 5 1/2"" X 4""",62.65,28.819,0.0,1
South Carolina,Paper,HP Office Paper (20Lb. and 87 Bright),60.12,28.8576,0.0,1
Utah,Paper,Xerox 1986,60.12,28.8576,0.0,1
New York,Paper,Xerox 1959,60.12,28.8576,0.0,1
California,Paper,Xerox 1881,61.400000000000006,28.858000000000004,0.0,2
New York,Binders,Storex Dura Pro Binders,85.536,28.8684,0.2,2
Michigan,Binders,GBC Plastic Binding Combs,59.04,28.9296,0.0,2
California,Bookcases,O'Sullivan 2-Door Barrister Bookcase in Odessa Pine,307.666,28.9568,0.15,1
California,Phones,Motorola L804,257.544,28.9737,0.2,2
California,Accessories,HP Standard 104 key PS/2 Keyboard,116.0,29.0,0.0,1
New York,Furnishings,"Eldon 200 Class Desk Accessories, Smoke",69.08,29.0136,0.0,1
Washington,Binders,Wilson Jones International Size A4 Ring Binders,83.03999999999999,29.064,0.2,2
New York,Binders,GBC Poly Designer Binding Covers,80.352,29.1276,0.2,2
Michigan,Binders,GBC Binding covers,64.75,29.1375,0.0,1
Tennessee,Appliances,"1.7 Cubic Foot Compact ""Cube"" Office Refrigerators",333.056,29.1424,0.2,1
Virginia,Storage,"Decoflex Hanging Personal Folder File, Blue",107.94,29.1438,0.0,3
Nevada,Furnishings,"DAX Contemporary Wood Frame with Silver Metal Mat, Desktop, 11 x 14 Size",80.96,29.1456,0.0,1
Michigan,Chairs,Office Star - Ergonomically Designed Knee Chair,242.94,29.1528,0.0,1
Washington,Storage,Carina Double Wide Media Storage Towers in Natural & Black,728.8199999999999,29.1528,0.0,2
New York,Phones,Dexim XPower Skin Super-Thin Power Case for iPhone 5 - Black,116.98,29.245,0.0,1
New York,Envelopes,Park Ridge Embossed Executive Business Envelopes,62.28,29.2716,0.0,1
Virginia,Binders,Wilson Jones Century Plastic Molded Ring Binders,62.31,29.2857,0.0,1
New York,Paper,Xerox 1903,59.8,29.302,0.0,2
Ohio,Appliances,"Eureka The Boss Plus 12-Amp Hard Box Upright Vacuum, Red",334.88,29.302,0.2,1
Connecticut,Storage,Pizazz Global Quick File,104.79,29.3412,0.0,1
North Carolina,Envelopes,"Tyvek  Top-Opening Peel & Seel Envelopes, Plain White",86.976,29.3544,0.2,2
Arizona,Paper,Xerox 1941,83.88,29.358,0.2,1
Texas,Paper,Xerox 1942,78.304,29.364,0.2,1
Ohio,Paper,Xerox 1942,78.304,29.364,0.2,1
Ohio,Paper,Xerox 1916,78.304,29.364,0.2,1
Washington,Binders,GBC Premium Transparent Covers with Diagonal Lined Pattern,83.92,29.372,0.2,1
California,Supplies,Acme Tagit Stainless Steel Antibacterial Scissors,108.9,29.403,0.0,3
Nevada,Art,Panasonic KP-150 Electric Pencil Sharpener,113.22,29.4372,0.0,1
California,Labels,Round Specialty Laser Printer Labels,62.65,29.4455,0.0,1
Wisconsin,Labels,Avery 515,62.650000000000006,29.445500000000003,0.0,2
Indiana,Envelopes,Laser & Ink Jet Business Envelopes,64.02,29.4492,0.0,1
Arizona,Phones,Polycom VoiceStation 500 Conference phone,471.92,29.495,0.2,1
North Carolina,Phones,Polycom VoiceStation 500 Conference phone,471.92,29.495,0.2,1
California,Phones,Panasonic KX TS3282B Corded phone,393.552,29.5164,0.2,2
New York,Paper,"Adams Phone Message Book, Professional, 400 Message Capacity, 5 3/6 x 11",62.82,29.5254,0.0,1
Virginia,Art,Berol Giant Pencil Sharpener,101.94,29.5626,0.0,1
California,Furnishings,Longer-Life Soft White Bulbs,61.599999999999994,29.568,0.0,3
New York,Labels,Avery 505,59.2,29.6,0.0,1
Ohio,Furnishings,DAX Natural Wood-Tone Poster Frame,148.288,29.6576,0.2,1
California,Phones,"Square Credit Card Reader, 4 1/2"" x 4 1/2"" x 1"", White",87.912,29.670299999999997,0.2,2
Texas,Envelopes,"Inter-Office Recycled Envelopes, Brown Kraft, Button-String,10"" x 13"" , 100/Box",87.92,29.673,0.2,1
Florida,Paper,Xerox 1955,91.36,29.692,0.2,1
Ohio,Paper,"Xerox Color Copier Paper, 11"" x 17"", Ream",91.36,29.692,0.2,1
Tennessee,Paper,Xerox 1955,91.36,29.692,0.2,1
Michigan,Appliances,Euro-Pro Shark Turbo Vacuum,167.292,29.7408,0.1,1
Texas,Accessories,Maxell 4.7GB DVD-R,113.52,29.799,0.2,1
Virginia,Labels,Avery 473,62.1,29.808,0.0,1
Colorado,Accessories,Imation 32GB Pocket Pro USB 3.0 Flash Drive - 32 GB - Black - 1 P ...,119.8,29.95,0.2,1
Ohio,Accessories,Imation 32GB Pocket Pro USB 3.0 Flash Drive - 32 GB - Black - 1 P ...,119.8,29.95,0.2,1
New York,Binders,GBC Twin Loop Wire Binding Elements,79.872,29.952,0.2,1
New Mexico,Binders,GBC Twin Loop Wire Binding Elements,79.872,29.952,0.2,1
California,Storage,"Carina Mini System Audio Rack, Model AR050B",998.82,29.9646,0.0,1
New Jersey,Appliances,Fellowes Advanced 8 Outlet Surge Suppressor with Phone/Fax Protection,111.04,29.9808,0.0,1
North Carolina,Envelopes,"Blue String-Tie & Button Interoffice Envelopes, 10 x 13",95.952,29.985,0.2,1
Minnesota,Accessories,First Data TMFD35 PIN Pad,142.8,29.988,0.0,1
Oregon,Accessories,Plantronics Audio 478 Stereo USB Headset,159.968,29.994,0.2,1
Colorado,Phones,Jabra SPEAK 410,300.768,30.0768,0.2,1
Massachusetts,Accessories,WD My Passport Ultra 500GB Portable External Hard Drive,177.0,30.09,0.0,1
New York,Machines,"Epson WorkForce WF-2530 All-in-One Printer, Copier Scanner",69.99,30.0957,0.0,1
New York,Phones,I Need's 3d Hello Kitty Hybrid Silicone Case Cover for HTC One X 4g with 3d Hello Kitty Stylus Pen Green/pink,107.64000000000001,30.139200000000002,0.0,2
California,Phones,RCA Visys Integrated PBX 8-Line Router,482.32800000000003,30.145500000000002,0.2,2
New York,Furnishings,DAX Black Cherry Wood-Tone Poster Frame,79.44,30.1872,0.0,1
Alabama,Binders,Premium Transparent Presentation Covers by GBC,62.94,30.2112,0.0,1
Connecticut,Binders,Premium Transparent Presentation Covers by GBC,62.94,30.2112,0.0,1
California,Phones,invisibleSHIELD by ZAGG Smudge-Free Screen Protector,86.352,30.2232,0.2,2
California,Paper,Strathmore Photo Frame Cards,65.79,30.2634,0.0,1
Washington,Envelopes,Staple envelope,61.96,30.3604,0.0,1
California,Storage,"Personal Filing Tote with Lid, Black/Gray",108.57000000000001,30.3996,0.0,2
South Dakota,Binders,Cardinal Slant-D Ring Binders,60.83,30.415,0.0,1
California,Paper,Xerox 1952,64.74,30.4278,0.0,1
New Jersey,Accessories,SanDisk Cruzer 32 GB USB Flash Drive,95.1,30.432,0.0,1
California,Accessories,SanDisk Cruzer 32 GB USB Flash Drive,95.1,30.432,0.0,1
New York,Accessories,Memorex Mini Travel Drive 64 GB USB 2.0 Flash Drive,72.48,30.4416,0.0,1
California,Chairs,"Global Value Mid-Back Manager's Chair, Gray",487.12,30.445,0.2,2
Georgia,Chairs,"Global Value Mid-Back Manager's Chair, Gray",121.78,30.445,0.0,1
North Carolina,Storage,"Fellowes Mobile File Cart, Black",348.208,30.4682,0.2,1
Colorado,Phones,Jabra BIZ 2300 Duo QD Duo Corded Headset,406.368,30.4776,0.2,1
California,Paper,"Wirebound Message Books, Four 2 3/4"" x 5"" Forms per Page, 600 Sets per Book",64.89,30.4983,0.0,2
New York,Paper,"Wirebound Message Books, Four 2 3/4"" x 5"" Forms per Page, 600 Sets per Book",64.89,30.4983,0.0,2
Arizona,Storage,"Trav-L-File Heavy-Duty Shuttle II, Black",243.992,30.499,0.2,1
California,Binders,Avery Self-Adhesive Photo Pockets for Polaroid Photos,87.168,30.5088,0.20000000000000004,3
Massachusetts,Binders,Aluminum Screw Posts,61.04,30.52,0.0,1
Washington,Furnishings,"Linden 12"" Wall Clock With Oak Frame",101.94,30.582,0.0,1
Michigan,Accessories,Logitech Gaming G510s - Keyboard,84.99,30.5964,0.0,1
Tennessee,Appliances,Belkin Premiere Surge Master II 8-outlet surge protector,272.048,30.6054,0.2,1
Virginia,Binders,"GBC Pre-Punched Binding Paper, Plastic, White, 8-1/2"" x 11""",63.96,30.7008,0.0,1
Texas,Phones,Vtech CS6719,307.168,30.7168,0.2,1
New York,Appliances,Kensington 6 Outlet SmartSocket Surge Protector,122.94,30.735,0.0,1
Georgia,Binders,Avery Recycled Flexi-View Covers for Binding Systems,64.12,30.7776,0.0,1
Virginia,Furnishings,"GE General Use Halogen Bulbs, 100 Watts, 1 Bulb per Pack",62.82,30.7818,0.0,1
Colorado,Phones,OtterBox Commuter Series Case - iPhone 5 & 5s,87.96,30.786,0.2,1
Arkansas,Binders,Trimflex Flexible Post Binders,64.14,30.7872,0.0,1
New York,Binders,"GBC Twin Loop Wire Binding Elements, 9/16"" Spine, Black",85.232,30.8966,0.2,1
California,Art,Newell 34,119.04,30.9504,0.0,2
New York,Art,Newell 345,119.04,30.9504,0.0,2
Illinois,Paper,Xerox 1960,99.136,30.98,0.2,1
New York,Furnishings,"Deflect-o EconoMat Nonstudded, No Bevel Mat",154.95,30.99,0.0,1
Washington,Envelopes,"Inter-Office Recycled Envelopes, Brown Kraft, Button-String,10"" x 13"" , 100/Box",65.94,30.9918,0.0,1
Texas,Paper,Southworth 100% Cotton The Best Paper,82.656,30.996,0.2,1
Delaware,Machines,Texas Instruments TI-34 Scientific Calculator,65.97,31.0059,0.0,1
California,Binders,Recycled Premium Regency Composition Covers,85.568,31.0184,0.2,2
Maryland,Bookcases,"Sauder Camden County Collection Libraries, Planked Cherry Finish",344.94,31.0446,0.0,1
California,Furnishings,"Howard Miller 13-3/4"" Diameter Brushed Chrome Round Wall Clock",103.5,31.05,0.0,2
Colorado,Paper,"Eaton Premium Continuous-Feed Paper, 25% Cotton, Letter Size, White, 1000 Shts/Box",88.768,31.0688,0.2,1
Florida,Paper,"Eaton Premium Continuous-Feed Paper, 25% Cotton, Letter Size, White, 1000 Shts/Box",88.768,31.0688,0.2,1
North Carolina,Paper,"Eaton Premium Continuous-Feed Paper, 25% Cotton, Letter Size, White, 1000 Shts/Box",88.768,31.0688,0.2,1
Michigan,Bookcases,O'Sullivan 2-Shelf Heavy-Duty Bookcases,194.32,31.0912,0.0,1
New York,Phones,Cisco SPA525G2 IP Phone - Wireless,119.7,31.122,0.0,1
Indiana,Paper,Strathmore Photo Mount Cards,67.8,31.188,0.0,1
Florida,Phones,Cisco SPA301,249.584,31.198,0.2,1
Florida,Phones,Motorola L703CM,499.168,31.198,0.2,1
North Carolina,Phones,Cisco SPA301,249.584,31.198,0.2,1
New York,Binders,"Cardinal HOLDit! Binder Insert Strips,Extra Strips",86.088,31.206899999999997,0.20000000000000004,3
Maryland,Furnishings,"Seth Thomas 12"" Clock w/ Goldtone Case",91.92,31.2528,0.0,1
Arizona,Paper,Petty Cash Envelope,86.272,31.2736,0.2,1
North Carolina,Paper,White GlueTop Scratch Pads,96.256,31.2832,0.2,1
New York,Art,"Dixon Prang Watercolor Pencils, 10-Color Set with Brush",76.68,31.4388,0.0,3
California,Tables,Bevis Boat-Shaped Conference Table,629.064,31.4532,0.2,1
California,Bookcases,O'Sullivan 4-Shelf Bookcase in Odessa Pine,1336.829,31.4548,0.15,1
Georgia,Paper,Xerox 1948,69.93,31.4685,0.0,1
Florida,Paper,"Snap-A-Way Black Print Carbonless Speed Message, No Reply Area, Duplicate",93.248,31.4712,0.2,1
Michigan,Phones,BlackBerry Q10,125.99,31.4975,0.0,1
Washington,Accessories,Micro Innovations USB RF Wireless Keyboard with Mouse,150.0,31.5,0.0,2
California,Accessories,Micro Innovations USB RF Wireless Keyboard with Mouse,150.0,31.5,0.0,2
California,Paper,"Southworth 100% Résumé Paper, 24lb.",70.02,31.509,0.0,2
New York,Paper,Xerox 1991,68.52,31.5192,0.0,1
California,Paper,Xerox 1929,68.52,31.5192,0.0,1
Michigan,Paper,Xerox 1991,68.52,31.5192,0.0,1
California,Art,"Boston Electric Pencil Sharpener, Model 1818, Charcoal Black",112.6,31.528,0.0,2
Georgia,Furnishings,"Executive Impressions 13"" Clairmont Wall Clock",76.92,31.5372,0.0,1
North Carolina,Furnishings,Electrix Fluorescent Magnifier Lamps & Weighted Base,315.776,31.5776,0.2,1
Illinois,Storage,"24 Capacity Maxi Data Binder Racks, Pearl",505.32,31.5825,0.2,1
Georgia,Accessories,First Data FD10 PIN Pad,316.0,31.6,0.0,1
Washington,Accessories,First Data FD10 PIN Pad,316.0,31.6,0.0,1
California,Accessories,SanDisk Ultra 32 GB MicroSDHC Class 10 Memory Card,243.10000000000002,31.603,0.0,2
California,Furnishings,"Seth Thomas 14"" Day/Date Wall Clock",85.44,31.6128,0.0,1
Washington,Binders,"Cardinal Slant-D Ring Binder, Heavy Gauge Vinyl",97.328,31.6316,0.20000000000000004,3
Pennsylvania,Labels,"Avery 4027 File Folder Labels for Dot Matrix Printers, 5000 Labels per Box, White",97.696,31.7512,0.2,1
Florida,Paper,Xerox 1887,91.056,31.8696,0.2,1
Maryland,Binders,"Acco Flexible ACCOHIDE Square Ring Data Binder, Dark Blue, 11 1/2"" X 14"" 7/8""",65.08,31.8892,0.0,1
Arkansas,Furnishings,Eldon Radial Chair Mat for Low to Medium Pile Carpets,159.92,31.984,0.0,1
Florida,Accessories,Razer Kraken PRO Over Ear PC and Music Headset,255.968,31.996,0.2,1
California,Bookcases,Bestar Classic Bookcase,679.932,31.9968,0.15,2
Wisconsin,Accessories,Logitech G105 Gaming Keyboard,178.11,32.0598,0.0,1
California,Paper,Xerox 1977,66.8,32.064,0.0,3
Mississippi,Paper,Advantus Motivational Note Cards,65.5,32.095,0.0,1
Michigan,Furnishings,Electrix 20W Halogen Replacement Bulb for Zoom-In Desk Lamp,67.0,32.16,0.0,1
New York,Furnishings,Electrix 20W Halogen Replacement Bulb for Zoom-In Desk Lamp,67.0,32.16,0.0,2
Massachusetts,Phones,PowerGen Dual USB Car Charger,69.93,32.1678,0.0,1
New York,Paper,Xerox 1956,65.78,32.2322,0.0,1
New Hampshire,Binders,GBC Prestige Therm-A-Bind Covers,68.62,32.2514,0.0,1
California,Art,SANFORD Major Accent Highlighters,84.96000000000001,32.2848,0.0,2
California,Machines,Ricoh - Ink Collector Unit for GX3000 Series Printers,369.16,32.3015,0.2,1
Kentucky,Envelopes,"Tyvek  Top-Opening Peel & Seel  Envelopes, Gray",71.88,32.346,0.0,1
California,Tables,Bevis 36 x 72 Conference Tables,1294.6960000000001,32.3674,0.20000000000000004,3
Indiana,Chairs,"Global Geo Office Task Chair, Gray",647.84,32.392,0.0,1
New Jersey,Accessories,NETGEAR N750 Dual Band Wi-Fi Gigabit Router,90.0,32.4,0.0,1
Florida,Storage,Standard Rollaway File with Lock,432.456,32.4342,0.2,1
Ohio,Paper,Xerox 1882,89.568,32.4684,0.2,1
North Carolina,Paper,Xerox 1882,89.568,32.4684,0.2,1
Texas,Paper,Xerox 1934,89.568,32.4684,0.2,1
Wisconsin,Bookcases,"Bush Westfield Collection Bookcases, Dark Cherry Finish",405.86,32.4688,0.0,1
Massachusetts,Bookcases,"Rush Hierlooms Collection 1"" Thick Stackable Bookcases",170.98,32.4862,0.0,1
California,Paper,Embossed Ink Jet Note Cards,67.71,32.5008,0.0,1
Maryland,Art,Prismacolor Color Pencil Set,79.36,32.5376,0.0,1
New York,Chairs,Global Deluxe Office Fabric Chairs,172.764,32.6332,0.1,1
Michigan,Chairs,Global Super Steno Chair,191.96,32.6332,0.0,1
New York,Binders,Binding Machine Supplies,93.344,32.6704,0.2,1
Washington,Accessories,SanDisk Cruzer 64 GB USB Flash Drive,108.96,32.688,0.0,1
Utah,Paper,"Recycled Desk Saver Line ""While You Were Out"" Book, 5 1/2"" X 4""",71.6,32.936,0.0,1
New York,Art,Panasonic KP-310 Heavy-Duty Electric Pencil Sharpener,109.9,32.97,0.0,1
Mississippi,Phones,Grandstream GXP1160 VoIP phone,113.73,32.9817,0.0,1
South Carolina,Phones,Grandstream GXP1160 VoIP phone,113.73,32.9817,0.0,1
Pennsylvania,Accessories,Logitech Trackman Marble Mouse,119.96000000000001,32.989,0.2,2
Ohio,Appliances,"Holmes Replacement Filter for HEPA Air Cleaner, Very Large Room, HEPA Filter",110.096,33.0288,0.2,1
California,Furnishings,Deflect-O Glasstique Clear Desk Accessories,100.1,33.033,0.0,2
Massachusetts,Appliances,"Conquest 14 Commercial Heavy-Duty Upright Vacuum, Collection System, Accessory Kit",113.92,33.0368,0.0,1
California,Furnishings,"Seth Thomas 13 1/2"" Wall Clock",106.68,33.0708,0.0,1
Michigan,Chairs,Novimex Swivel Fabric Task Chair,301.96,33.2156,0.0,1
South Carolina,Chairs,Novimex Swivel Fabric Task Chair,301.96,33.2156,0.0,1
California,Furnishings,Coloredge Poster Frame,85.2,33.228,0.0,2
Delaware,Binders,Wilson Jones Heavy-Duty Casebound Ring Binders with Metal Hinges,69.28,33.2544,0.0,1
California,Paper,Xerox 1928,73.92,33.264,0.0,2
Pennsylvania,Storage,Deluxe Rollaway Locking File with Drawer,332.704,33.2704,0.2,1
Delaware,Appliances,Holmes Odor Grabber,100.94,33.3102,0.0,1
Louisiana,Supplies,Martin Yale Chadless Opener Electric Letter Opener,1665.62,33.3124,0.0,1
Michigan,Phones,Polycom SoundPoint Pro SE-225 Corded phone,118.99,33.3172,0.0,1
New York,Phones,LG Electronics Tone+ HBS-730 Bluetooth Headset,119.02,33.3256,0.0,1
Illinois,Phones,Toshiba IPT2010-SD IP Telephone,444.768,33.3576,0.2,2
Pennsylvania,Furnishings,DAX Black Cherry Wood-Tone Poster Frame,148.288,33.3648,0.2,2
New York,Art,Peel-Off China Markers,79.44,33.3648,0.0,2
Illinois,Phones,Geemarc AmpliPOWER60,296.96,33.408,0.2,2
California,Art,"Boston School Pro Electric Pencil Sharpener, 1670",123.92,33.4584,0.0,1
New York,Phones,RCA Visys Integrated PBX 8-Line Router,133.98,33.495,0.0,1
California,Storage,Pizazz Global Quick File,119.76,33.5328,0.0,2
Pennsylvania,Appliances,Sanyo 2.5 Cubic Foot Mid-Size Office Refrigerators,447.696,33.5772,0.2,1
New York,Phones,Nokia Lumia 521 (T-Mobile),119.96,33.5888,0.0,1
Washington,Appliances,Belkin 8 Outlet SurgeMaster II Gold Surge Protector,119.96,33.5888,0.0,1
Ohio,Accessories,Memorex Micro Travel Drive 32 GB,116.832,33.5892,0.2,1
Washington,Binders,Catalog Binders with Expanding Posts,107.648,33.64,0.2,1
California,Binders,Catalog Binders with Expanding Posts,107.648,33.64,0.2,1
California,Art,Stanley Contemporary Battery Pencil Sharpeners,120.15,33.642,0.0,1
Washington,Binders,Wilson Jones Century Plastic Molded Ring Binders,99.696,33.6474,0.2,1
Washington,Furnishings,Eldon Wave Desk Accessories,76.92,33.72,0.0,2
Florida,Paper,Xerox 1944,93.024,33.721199999999996,0.2,2
North Carolina,Paper,Xerox 1944,93.024,33.7212,0.2,1
Arizona,Paper,White Computer Printout Paper by Universal,93.024,33.7212,0.2,1
Washington,Furnishings,Howard Miller Distant Time Traveler Alarm Clock,82.26,33.7266,0.0,1
New York,Paper,Southworth 25% Cotton Antique Laid Paper & Envelopes,75.06,33.777,0.0,1
California,Supplies,Fiskars Softgrip Scissors,120.78,33.8184,0.0,3
Louisiana,Bookcases,"Sauder Camden County Barrister Bookcase, Planked Cherry Finish",241.96,33.8744,0.0,1
New York,Binders,Vinyl Sectional Post Binders,90.48,33.93,0.2,1
California,Furnishings,Contemporary Wood/Metal Frame,96.96,33.936,0.0,1
New York,Furnishings,"C-Line Cubicle Keepers Polyproplyene Holder w/Velcro Back, 8-1/2x11, 25/Bx",109.48,33.9388,0.0,1
Maine,Furnishings,"C-Line Cubicle Keepers Polyproplyene Holder w/Velcro Back, 8-1/2x11, 25/Bx",109.48,33.9388,0.0,1
Alabama,Phones,Nortel Networks T7316 E Nt8 B27,135.98,33.995,0.0,1
Missouri,Furnishings,"Tenex V2T-RE Standard Weight Series Chair Mat, 45"" x 53"", Lip 25"" x 12""",212.94,34.0704,0.0,1
California,Furnishings,"DAX Two-Tone Rosewood/Black Document Frame, Desktop, 5 x 7",85.32,34.128,0.0,2
Washington,Furnishings,Eldon Advantage Foldable Chair Mats for Low Pile Carpets,162.6,34.146,0.0,1
Washington,Phones,Konftel 250 Conference phone - Charcoal black,455.712,34.1784,0.2,1
Georgia,Art,"Hunt PowerHouse Electric Pencil Sharpener, Blue",113.94,34.182,0.0,1
Virginia,Paper,Xerox 232,71.28,34.2144,0.0,1
New Mexico,Storage,Eldon Mobile Mega Data Cart  Mega Stackable  Add-On Trays,118.25,34.2925,0.0,1
Georgia,Storage,Eldon Mobile Mega Data Cart  Mega Stackable  Add-On Trays,118.25,34.2925,0.0,1
Oregon,Paper,Xerox 1909,105.52,34.294,0.2,1
Washington,Storage,Fellowes Stor/Drawer Steel Plus Storage Drawers,572.58,34.3548,0.0,1
Louisiana,Storage,Fellowes Stor/Drawer Steel Plus Storage Drawers,572.58,34.3548,0.0,1
Minnesota,Binders,GBC Standard Therm-A-Bind Covers,74.76,34.3896,0.0,1
California,Furnishings,"Eldon Expressions Wood and Plastic Desk Accessories, Cherry Wood",118.66,34.4114,0.0,3
Washington,Binders,"Wilson Jones Ledger-Size, Piano-Hinge Binder, 2"", Blue",98.352,34.4232,0.2,1
New York,Appliances,Belkin F5C206VTEL 6 Outlet Surge,114.9,34.47,0.0,2
California,Bookcases,Sauder Camden County Collection Library,586.398,34.494,0.15,1
New York,Phones,AT&T 841000 Phone,138.0,34.5,0.0,1
Arizona,Phones,AT&T 841000 Phone,552.0,34.5,0.2,1
Rhode Island,Storage,Letter Size File,119.1,34.539,0.0,1
Ohio,Paper,Easy-staple paper,101.28,34.587599999999995,0.2,2
California,Paper,"Wirebound Message Book, 4 per Page",70.59,34.5891,0.0,4
Washington,Paper,Xerox 1933,73.68,34.6296,0.0,1
New York,Accessories,Belkin QODE FastFit Bluetooth Keyboard,247.8,34.692,0.0,1
California,Binders,GBC Linen Binding Covers,99.136,34.6976,0.2,2
Utah,Accessories,Memorex Micro Travel Drive 16 GB,111.93,34.6983,0.0,1
Texas,Phones,Jackery Bar Premium Fast-charging Portable Charger,95.84,34.742,0.2,1
Rhode Island,Supplies,Premier Electric Letter Opener,695.16,34.758,0.0,1
California,Labels,Avery 473,72.45,34.775999999999996,0.0,2
California,Labels,Avery 503,72.45,34.775999999999996,0.0,2
Alabama,Paper,Easy-staple paper,70.98,34.7802,0.0,1
Ohio,Accessories,Imation 16GB Mini TravelDrive USB 2.0 Flash Drive,132.52,34.7865,0.2,1
Washington,Furnishings,DAX Two-Tone Silver Metal Document Frame,80.96,34.8128,0.0,1
North Carolina,Appliances,Belkin F9M820V08 8 Outlet Surge,309.456,34.8138,0.2,1
California,Phones,Digium D40 VoIP phone,309.57599999999996,34.8273,0.2,2
New York,Accessories,Maxell 4.7GB DVD-R,85.14,34.9074,0.0,1
New Jersey,Accessories,"Maxell Pro 80 Minute CD-R, 10/Pack",87.4,34.96,0.0,1
Ohio,Furnishings,Electrix Halogen Magnifier Lamp,466.32,34.974,0.2,1
California,Accessories,Micropad Numeric Keypads,139.93,34.9825,0.0,1
Kentucky,Furnishings,Eldon Cleatmat Plus Chair Mats for High Pile Carpets,318.08,34.9888,0.0,1
Utah,Phones,Panasonic KX T7731-B Digital phone,399.96,34.9965,0.2,1
Delaware,Envelopes,Staple envelope,74.52,35.0244,0.0,2
Indiana,Envelopes,Staple envelope,70.08,35.04,0.0,1
New York,Furnishings,"Computer Room Manger, 14""",97.44,35.0784,0.0,1
Washington,Binders,"GBC White Gloss Covers, Plain Front",104.256,35.1864,0.2,2
California,Accessories,Sony 32GB Class 10 Micro SDHC R40 Memory Card,167.6,35.196,0.0,2
Indiana,Art,Model L Table or Wall-Mount Pencil Sharpener,125.93,35.2604,0.0,1
Wisconsin,Phones,VTech DS6151,125.99,35.2772,0.0,1
Indiana,Phones,AT&T 17929 Lendline Telephone,135.72,35.2872,0.0,1
Indiana,Labels,Avery 485,75.18,35.3346,0.0,1
New York,Appliances,Tripp Lite Isotel 6 Outlet Surge Protector with Fax/Modem Protection,121.94,35.3626,0.0,1
Texas,Envelopes,"#10-4 1/8"" x 9 1/2"" Premium Diagonal Seam Envelopes",113.328,35.415,0.2,1
California,Art,4009 Highlighters by Sanford,107.46,35.4618,0.0,4
California,Storage,Sensible Storage WireTech Storage Systems,709.8,35.49,0.0,2
Alabama,Chairs,"Situations Contoured Folding Chairs, 4/Set",141.96,35.49,0.0,1
Pennsylvania,Phones,Motorla HX550 Universal Bluetooth Headset,213.57,35.595,0.4,2
California,Machines,Texas Instruments TI-34 Scientific Calculator,105.552,35.6238,0.2,1
North Dakota,Art,Boston 1645 Deluxe Heavier-Duty Electric Pencil Sharpener,131.94,35.6238,0.0,1
Michigan,Phones,Panasonic KX-TG6844B Expandable Digital Cordless Telephone,131.98,35.6346,0.0,1
Michigan,Phones,Samsung Rugby III,131.98,35.6346,0.0,1
Washington,Binders,"Avery Trapezoid Ring Binder, 3"" Capacity, Black, 1040 sheets",98.352,35.6526,0.2,1
Ohio,Paper,Xerox 1893,98.376,35.6613,0.2,1
Virginia,Paper,"Snap-A-Way Black Print Carbonless Ruled Speed Letter, Triplicate",75.88,35.6636,0.0,1
Indiana,Paper,"Snap-A-Way Black Print Carbonless Ruled Speed Letter, Triplicate",75.88,35.6636,0.0,1
Oklahoma,Binders,"Premium Transparent Presentation Covers, No Pattern/Clear, 8 1/2"" x 11""",77.56,35.6776,0.0,1
Mississippi,Binders,"Premium Transparent Presentation Covers, No Pattern/Clear, 8 1/2"" x 11""",77.56,35.6776,0.0,1
Kentucky,Furnishings,"Tenex ""The Solids"" Textured Chair Mats",209.88,35.6796,0.0,1
Delaware,Paper,Easy-staple paper,73.02000000000001,35.6802,0.0,2
Ohio,Storage,"Hot File 7-Pocket, Floor Stand",285.552,35.694,0.2,1
New York,Appliances,"Holmes Cool Mist Humidifier for the Whole House with 8-Gallon Output per Day, Extended Life Filter",79.6,35.82,0.0,2
Massachusetts,Phones,Jensen SMPS-640 - speaker phone,137.94,35.8644,0.0,1
New York,Phones,Jensen SMPS-640 - speaker phone,137.94,35.8644,0.0,1
Texas,Envelopes,Jet-Pak Recycled Peel 'N' Seal Padded Mailers,114.848,35.89,0.2,1
California,Phones,Cisco SPA 502G IP Phone,287.88,35.985,0.2,1
New York,Envelopes,"Recycled Interoffice Envelopes with String and Button Closure, 10 x 13",71.97,35.985,0.0,2
California,Envelopes,"Recycled Interoffice Envelopes with String and Button Closure, 10 x 13",71.97,35.985,0.0,1
Ohio,Accessories,Logitech 910-002974 M325 Wireless Mouse for Web Scrolling,119.96,35.988,0.2,1
California,Accessories,Logitech Wireless Anywhere Mouse MX for PC and Mac,119.98,35.994,0.0,1
California,Phones,HTC One,319.968,35.9964,0.2,1
Oregon,Phones,HTC One,319.968,35.9964,0.2,1
Texas,Accessories,Logitech Wireless Performance Mouse MX for PC and Mac,159.984,35.9964,0.2,1
Illinois,Phones,Polycom CX300 Desktop Phone USB VoIP phone,359.976,35.9976,0.2,1
California,Furnishings,Eldon Cleatmat Chair Mats for Medium Pile Carpets,277.5,36.075,0.0,2
New York,Furnishings,Tensor Computer Mounted Lamp,134.01,36.1827,0.0,3
Nevada,Furnishings,Tensor Computer Mounted Lamp,134.01,36.1827,0.0,1
New York,Binders,"Avery Flip-Chart Easel Binder, Black",107.424,36.2556,0.2,1
Michigan,Accessories,Plantronics Audio 995 Wireless Stereo Headset,109.95,36.2835,0.0,1
Maryland,Appliances,Fellowes 8 Outlet Superior Workstation Surge Protector,125.13,36.2877,0.0,1
Maryland,Bookcases,O'Sullivan Living Dimensions 2-Shelf Bookcases,362.94,36.294,0.0,1
Washington,Appliances,3M Office Air Cleaner,103.92,36.372,0.0,1
Texas,Accessories,Logitech G35 7.1-Channel Surround Sound Headset,207.984,36.3972,0.2,1
Wisconsin,Tables,"Lesro Sheffield Collection Coffee Table, End Table, Center Table, Corner Table",214.11,36.3987,0.0,1
Nevada,Paper,Xerox 1909,79.14,36.4044,0.0,1
Kentucky,Paper,Xerox 1909,79.14,36.4044,0.0,1
New York,Paper,Xerox 1912,75.88,36.4224,0.0,2
Maryland,Phones,Cisco 8x8 Inc. 6753i IP Business Phone System,134.99,36.4473,0.0,1
Illinois,Phones,RCA ViSYS 25425RE1 Corded phone,323.976,36.4473,0.2,1
Virginia,Accessories,Imation Secure Drive + Hardware Encrypted USB flash drive - 16 GB,151.96,36.4704,0.0,1
New Jersey,Chairs,Hon Comfortask Task/Swivel Chairs,227.96,36.4736,0.0,1
California,Art,"BOSTON Model 1800 Electric Pencil Sharpeners, Putty/Woodgrain",125.86,36.4994,0.0,2
Minnesota,Appliances,Bionaire Personal Warm Mist Humidifier/Vaporizer,93.78,36.5742,0.0,1
California,Paper,Xerox 1900,81.32000000000001,36.593999999999994,0.0,4
California,Paper,Xerox 1971,81.32,36.594,0.0,2
California,Furnishings,"Executive Impressions 14"" Contract Wall Clock",111.15,36.6795,0.0,3
Arizona,Envelopes,"Tyvek  Top-Opening Peel & Seel Envelopes, Plain White",108.72,36.693,0.2,1
Massachusetts,Paper,Southworth 25% Cotton Linen-Finish Paper & Envelopes,81.54,36.693,0.0,1
New York,Phones,"Belkin SportFit Armband For iPhone 5s/5c, Fuchsia",74.95,36.7255,0.0,1
New York,Binders,Plastic Binding Combs,109.08,36.814499999999995,0.2,2
California,Envelopes,"#10 White Business Envelopes,4 1/8 x 9 1/2",78.35,36.8245,0.0,1
Indiana,Envelopes,"#10 White Business Envelopes,4 1/8 x 9 1/2",78.35,36.8245,0.0,1
Washington,Accessories,Enermax Acrylux Wireless Keyboard,99.6,36.852,0.0,1
New York,Accessories,Enermax Acrylux Wireless Keyboard,99.6,36.852,0.0,1
New York,Phones,AT&T 1080 Corded phone,136.99,36.9873,0.0,1
Maryland,Labels,Avery 505,74.0,37.0,0.0,1
California,Labels,Avery 505,74.0,37.0,0.0,1
Texas,Phones,AT&T CL83451 4-Handset Telephone,329.584,37.0782,0.2,1
New York,Binders,GBC ProClick Punch Binding System,102.368,37.1084,0.2,1
Arizona,Paper,Computer Printout Paper with Letter-Trim Perforations,106.232,37.1812,0.2,1
California,Furnishings,"Deflect-o EconoMat Studded, No Bevel Mat for Low Pile Carpeting",413.2,37.188,0.0,2
New York,Storage,"Sortfiler Multipurpose Personal File Organizer, Black",128.34,37.2186,0.0,1
Michigan,Appliances,"Acco Smartsocket Table Surge Protector, 6 Color-Coded Adapter Outlets",167.535,37.23,0.1,1
Utah,Binders,"Wilson Jones Elliptical Ring 3 1/2"" Capacity Binders, 800 sheets",102.72,37.236,0.2,1
Nebraska,Storage,Tennsco Single-Tier Lockers,750.68,37.534,0.0,1
Connecticut,Paper,Xerox 191,79.92,37.5624,0.0,1
Vermont,Paper,Xerox 191,79.92,37.5624,0.0,1
New Jersey,Furnishings,"Deflect-o SuperTray Unbreakable Stackable Tray, Letter, Black",87.54,37.6422,0.0,1
Ohio,Appliances,Fellowes Superior 10 Outlet Split Surge Protector,334.928,37.6794,0.2,2
Indiana,Phones,Plantronics Encore H101 Dual Earpieces Headset,134.85,37.758,0.0,1
Washington,Binders,Avery Legal 4-Ring Binder,100.704,37.764,0.2,1
Idaho,Accessories,Logitech Trackman Marble Mouse,89.97,37.7874,0.0,1
California,Accessories,Logitech Trackman Marble Mouse,89.97,37.7874,0.0,1
New York,Accessories,Logitech Trackman Marble Mouse,89.97,37.7874,0.0,1
Florida,Phones,Innergie mMini Combo Duo USB Travel Charging Kit,107.976,37.7916,0.2,1
California,Phones,AT&T CL2909,302.376,37.797,0.2,1
North Carolina,Phones,AT&T CL2909,302.376,37.797,0.2,1
California,Phones,Cisco 8x8 Inc. 6753i IP Business Phone System,431.968,37.7972,0.2,1
New York,Furnishings,"DataProducts Ampli Magnifier Task Lamp, Black,",135.3,37.884,0.0,1
Missouri,Furnishings,"DataProducts Ampli Magnifier Task Lamp, Black,",135.3,37.884,0.0,1
Florida,Paper,Embossed Ink Jet Note Cards,108.33600000000001,37.9176,0.2,2
Ohio,Paper,Embossed Ink Jet Note Cards,108.336,37.9176,0.2,1
California,Paper,Xerox 1944,77.52,37.9848,0.0,1
New York,Paper,White Computer Printout Paper by Universal,77.52,37.9848,0.0,1
Washington,Bookcases,Bestar Classic Bookcase,199.98,37.9962,0.0,1
California,Accessories,Logitech Wireless Performance Mouse MX for PC and Mac,99.99,37.9962,0.0,1
Pennsylvania,Furnishings,"Seth Thomas 16"" Steel Case Clock",233.856,38.001599999999996,0.2,2
New Jersey,Furnishings,"Floodlight Indoor Halogen Bulbs, 1 Bulb per Pack, 60 Watts",77.6,38.024,0.0,1
Mississippi,Furnishings,"Eldon Image Series Desk Accessories, Ebony",86.45,38.038,0.0,1
Virginia,Envelopes,#10 Self-Seal White Envelopes,77.63000000000001,38.0387,0.0,2
Connecticut,Accessories,WD My Passport Ultra 2TB Portable External Hard Drive,238.0,38.08,0.0,1
Arizona,Phones,LG Electronics Tone+ HBS-730 Bluetooth Headset,380.864,38.0864,0.2,1
Kentucky,Binders,Aluminum Screw Posts,76.3,38.15,0.0,1
Illinois,Phones,ClearOne Communications CHAT 70 OC Speaker Phone,508.768,38.1576,0.2,1
Indiana,Storage,Eldon Portable Mobile Manager,141.4,38.178,0.0,1
Connecticut,Furnishings,"Tenex Traditional Chairmats for Medium Pile Carpet, Standard Lip, 36"" x 48""",181.95,38.2095,0.0,1
Maryland,Bookcases,"Bush Westfield Collection Bookcases, Medium Cherry Finish",173.94,38.2668,0.0,1
California,Accessories,Logitech K350 2.4Ghz Wireless Keyboard,348.39,38.322900000000004,0.0,2
Oklahoma,Envelopes,"Tyvek  Top-Opening Peel & Seel Envelopes, Plain White",81.54,38.3238,0.0,1
Oregon,Phones,AT&T 1080 Corded phone,438.368,38.3572,0.2,1
New Jersey,Binders,"GBC Pre-Punched Binding Paper, Plastic, White, 8-1/2"" x 11""",79.95,38.376,0.0,1
Washington,Phones,Vtech CS6719,383.96,38.396,0.2,1
Florida,Phones,Vtech CS6719,383.96,38.396,0.2,1
California,Chairs,"Iceberg Nesting Folding Chair, 19w x 6d x 43h",512.336,38.425200000000004,0.2,2
Illinois,Accessories,"Maxell Pro 80 Minute CD-R, 10/Pack",153.824,38.456,0.2,1
New York,Furnishings,"Career Cubicle Clock, 8 1/4"", Black",101.4,38.532,0.0,1
Texas,Storage,Letter Size Cart,342.864,38.5722,0.2,1
Pennsylvania,Paper,Xerox 1925,123.92,38.725,0.2,1
Pennsylvania,Paper,Xerox 1988,123.92,38.725,0.2,1
Texas,Phones,Aastra 6757i CT Wireless VoIP phone,344.704,38.7792,0.2,1
Oregon,Phones,Aastra 6757i CT Wireless VoIP phone,344.704,38.7792,0.2,1
California,Storage,Space Solutions Commercial Steel Shelving,775.8,38.79,0.0,3
Washington,Chairs,"Padded Folding Chairs, Black, 4/Carton",388.704,38.8704,0.2,1
Minnesota,Chairs,"Global Stack Chair without Arms, Black",155.88,38.97,0.0,1
Minnesota,Appliances,"Holmes Replacement Filter for HEPA Air Cleaner, Medium Room",90.64,38.9752,0.0,1
New York,Storage,Fellowes Bankers Box Staxonsteel Drawer File/Stacking System,324.9,38.988,0.0,1
Washington,Storage,Fellowes Bankers Box Staxonsteel Drawer File/Stacking System,324.9,38.988,0.0,1
California,Machines,"HP Officejet Pro 8600 e-All-In-One Printer, Copier, Scanner, Fax",239.984,38.9974,0.2,1
New York,Furnishings,"Seth Thomas 12"" Clock w/ Goldtone Case",114.9,39.066,0.0,1
Washington,Furnishings,Luxo Economy Swing Arm Lamp,139.58,39.0824,0.0,1
New York,Furnishings,Tenex B1-RE Series Chair Mats for Low Pile Carpets,229.89999999999998,39.083,0.0,2
Missouri,Binders,"Wilson Jones Ledger-Size, Piano-Hinge Binder, 2"", Blue",81.96,39.3408,0.0,1
Pennsylvania,Envelopes,"White Business Envelopes with Contemporary Seam, Recycled White Business Envelopes",105.024,39.384,0.2,2
New York,Art,"Boston Electric Pencil Sharpener, Model 1818, Charcoal Black",140.75,39.41,0.0,1
Georgia,Phones,Cisco IP Phone 7961G VoIP phone - Dark gray,135.95,39.4255,0.0,1
Kentucky,Chairs,Hon Olson Stacker Stools,140.81,39.4268,0.0,1
Alabama,Tables,"Bevis Round Conference Table Top, X-Base",358.58,39.4438,0.0,1
California,Accessories,First Data FD10 PIN Pad,395.0,39.5,0.0,1
New York,Accessories,"Verbatim 25 GB 6x Blu-ray Single Layer Recordable Disc, 25/Pack",91.96,39.5428,0.0,1
South Carolina,Phones,Motorla HX550 Universal Bluetooth Headset,79.1,39.55,0.0,1
Texas,Phones,Cisco SPA112 2 Port Phone Adapter,351.68,39.564,0.2,2
New York,Paper,Petty Cash Envelope,80.88,39.6312,0.0,1
Washington,Phones,Wireless Extenders zBoost YX545 SOHO Signal Booster,453.576,39.6879,0.2,1
North Carolina,Labels,"Avery 4027 File Folder Labels for Dot Matrix Printers, 5000 Labels per Box, White",122.12,39.689,0.2,1
Virginia,Paper,Easy-staple paper,84.56,39.7432,0.0,2
Washington,Bookcases,"Safco Value Mate Series Steel Bookcases, Baked Enamel Finish on Steel, Gray",141.96,39.7488,0.0,1
South Dakota,Bookcases,"Safco Value Mate Series Steel Bookcases, Baked Enamel Finish on Steel, Gray",141.96,39.7488,0.0,1
California,Accessories,Logitech Media Keyboard K200,209.94,39.8886,0.0,1
New York,Chairs,Hon Every-Day Chair Series Swivel Task Chairs,326.646,39.9234,0.1,1
New Jersey,Storage,Fellowes Bases and Tops For Staxonsteel/High-Stak Systems,166.45,39.948,0.0,1
New York,Furnishings,Eldon Radial Chair Mat for Low to Medium Pile Carpets,199.9,39.98,0.0,1
Washington,Furnishings,Eldon Radial Chair Mat for Low to Medium Pile Carpets,199.9,39.98,0.0,1
Tennessee,Paper,Standard Line While You Were Out Hardbound Telephone Message Book,123.088,40.0036,0.2,1
New York,Art,Boston 16801 Nautilus Battery Pencil Sharpener,154.07,40.0582,0.0,2
California,Accessories,WD My Passport Ultra 500GB Portable External Hard Drive,236.0,40.12,0.0,1
Washington,Paper,Xerox 1945,81.98,40.1702,0.0,1
California,Appliances,Euro-Pro Shark Turbo Vacuum,154.9,40.274,0.0,1
Georgia,Appliances,Euro-Pro Shark Turbo Vacuum,154.9,40.274,0.0,1
California,Accessories,Sony Micro Vault Click 16 GB USB 2.0 Flash Drive,167.97,40.3128,0.0,1
New York,Accessories,Sony Micro Vault Click 16 GB USB 2.0 Flash Drive,167.97,40.3128,0.0,1
New York,Storage,"Tenex File Box, Personal Filing Tote with Lid, Black",155.1,40.326,0.0,3
Florida,Paper,14-7/8 x 11 Blue Bar Computer Printout Paper,115.296,40.3536,0.2,1
Texas,Paper,14-7/8 x 11 Blue Bar Computer Printout Paper,115.296,40.3536,0.2,1
Georgia,Envelopes,Staple envelope,85.88,40.3636,0.0,2
California,Paper,Xerox 1895,89.7,40.365,0.0,2
West Virginia,Binders,Ibico Standard Transparent Covers,82.4,40.376,0.0,1
South Carolina,Paper,Xerox 1933,85.96,40.4012,0.0,1
Missouri,Paper,Xerox 1881,85.96,40.4012,0.0,1
Washington,Furnishings,Executive Impressions Supervisor Wall Clock,126.3,40.416,0.0,1
Missouri,Furnishings,Executive Impressions Supervisor Wall Clock,126.3,40.416,0.0,1
California,Paper,Standard Line While You Were Out Hardbound Telephone Message Book,87.92,40.4432,0.0,1
Virginia,Chairs,"Global Stack Chair with Arms, Black",149.9,40.473,0.0,1
Pennsylvania,Phones,Panasonic KX-TG9541B DECT 6.0 Digital 2-Line Expandable Cordless Phone With Digital Answering System,269.982,40.4973,0.4,1
Connecticut,Binders,"XtraLife ClearVue Slant-D Ring Binder, White, 3""",88.08,40.5168,0.0,1
California,Envelopes,"Peel & Seel Recycled Catalog Envelopes, Brown",81.06,40.53,0.0,2
California,Paper,Astroparche Fine Business Paper,84.48,40.550399999999996,0.0,3
California,Supplies,Premier Electric Letter Opener,811.02,40.551,0.0,2
Wisconsin,Chairs,"Global High-Back Leather Tilter, Burgundy",368.97,40.5867,0.0,1
Florida,Accessories,Logitech MX Performance Wireless Mouse,191.472,40.6878,0.2,1
Indiana,Accessories,Imation 16GB Mini TravelDrive USB 2.0 Flash Drive,99.39,40.7499,0.0,1
New York,Accessories,Logitech LS21 Speaker System - PC Multimedia - 2.1-CH - Wired,119.94,40.7796,0.0,3
Ohio,Furnishings,"Howard Miller 13"" Diameter Pewter Finish Round Wall Clock",171.76,40.793,0.2,2
New York,Binders,Ibico Laser Imprintable Binding System Covers,125.76,40.872,0.2,1
Virginia,Furnishings,"Howard Miller 14-1/2"" Diameter Chrome Round Wall Clock",127.88,40.9216,0.0,1
Washington,Bookcases,O'Sullivan 5-Shelf Heavy-Duty Bookcases,163.88,40.97,0.0,1
Michigan,Binders,GBC Poly Designer Binding Covers,83.7,41.013,0.0,1
Louisiana,Binders,Heavy-Duty E-Z-D Binders,87.28,41.0216,0.0,1
Virginia,Furnishings,Deflect-o Glass Clear Studded Chair Mats,186.54,41.0388,0.0,1
Georgia,Furnishings,Deflect-o Glass Clear Studded Chair Mats,186.54,41.0388,0.0,1
California,Furnishings,Hand-Finished Solid Wood Document Frame,136.92,41.076,0.0,1
Michigan,Bookcases,O'Sullivan 4-Shelf Bookcase in Odessa Pine,241.96,41.1332,0.0,1
New York,Paper,"Adams Phone Message Book, 200 Message Capacity, 8 1/16 x 11",89.44,41.1424,0.0,3
Pennsylvania,Paper,Xerox 1909,126.624,41.1528,0.2,1
Washington,Bookcases,"Hon Metal Bookcases, Putty",141.96,41.1684,0.0,1
Nevada,Bookcases,"Hon Metal Bookcases, Putty",141.96,41.1684,0.0,1
Washington,Labels,Round Specialty Laser Printer Labels,87.71,41.2237,0.0,1
California,Labels,Avery 50,87.71,41.2237,0.0,1
California,Labels,Self-Adhesive Address Labels for Typewriters by Universal,87.72,41.2284,0.0,3
California,Art,Newell 345,158.72,41.2672,0.0,3
Kentucky,Appliances,Eureka The Boss Cordless Rechargeable Stick Vac,152.94,41.2938,0.0,1
California,Appliances,Eureka The Boss Cordless Rechargeable Stick Vac,152.94,41.2938,0.0,1
Delaware,Phones,ClearOne Communications CHAT 70 OC Speaker Phone,158.99,41.3374,0.0,1
Wisconsin,Bookcases,"Sauder Camden County Collection Libraries, Planked Cherry Finish",459.92,41.3928,0.0,1
California,Furnishings,Electrix Fluorescent Magnifier Lamps & Weighted Base,148.02,41.4456,0.0,1
Michigan,Appliances,Kensington 7 Outlet MasterPiece Power Center with Fax/Phone Line Protection,186.732,41.496,0.1,1
California,Paper,White GlueTop Scratch Pads,90.24,41.5104,0.0,1
Louisiana,Accessories,Memorex Froggy Flash Drive 8 GB,106.5,41.535,0.0,1
Texas,Paper,Xerox 1964,127.904,41.5688,0.2,1
Minnesota,Storage,Safco Steel Mobile File Cart,166.72,41.68,0.0,1
California,Paper,Xerox 1968,86.84,41.6832,0.0,2
California,Binders,GBC VeloBind Cover Sets,111.168,41.688,0.20000000000000004,3
California,Art,Peel-Off China Markers,99.3,41.706,0.0,1
Florida,Accessories,Maxell 4.7GB DVD-R,158.928,41.7186,0.2,1
Ohio,Accessories,Maxell 4.7GB DVD-R,158.928,41.7186,0.2,1
Texas,Accessories,Imation 16GB Mini TravelDrive USB 2.0 Flash Drive,159.024,41.7438,0.2,2
Texas,Phones,Plantronics HL10 Handset Lifter,371.168,41.7564,0.2,1
California,Tables,Bretford CR4500 Series Slim Rectangular Table,1114.272,41.7852,0.2,1
Pennsylvania,Phones,Bose SoundLink Bluetooth Speaker,358.2,41.79,0.4,1
California,Paper,Xerox 1960,92.94,41.823,0.0,1
Utah,Paper,Xerox 1988,92.94,41.823,0.0,1
New York,Paper,"IBM Multi-Purpose Copy Paper, 8 1/2 x 11"", Case",92.94,41.823,0.0,1
California,Tables,Chromcraft Round Conference Tables,3346.368,41.8296,0.2,4
Washington,Bookcases,O'Sullivan 3-Shelf Heavy-Duty Bookcases,174.42,41.8608,0.0,1
California,Machines,Okidata C331dn Printer,558.4,41.88,0.2,1
Kentucky,Bookcases,Bush Somerset Collection Bookcase,261.96,41.9136,0.0,1
Texas,Tables,"SAFCO PlanMaster Heigh-Adjustable Drafting Table Base, 43w x 30d x 30-37h, Black",489.23,41.934,0.3,1
Georgia,Binders,Ibico Plastic Spiral Binding Combs,91.2,41.952,0.0,1
Michigan,Accessories,"Maxell Pro 80 Minute CD-R, 10/Pack",104.88,41.952,0.0,1
Nebraska,Phones,"BlueLounge Milo Smartphone Stand, White/Metallic",149.95,41.986,0.0,1
Louisiana,Phones,Nokia Lumia 521 (T-Mobile),149.95,41.986,0.0,1
Florida,Accessories,Logitech Wireless Anywhere Mouse MX for PC and Mac,335.944,41.993,0.2,1
California,Phones,Polycom CX600 IP Phone VoIP phone,479.92,41.993,0.2,1
Connecticut,Accessories,Logitech G700s Rechargeable Gaming Mouse,99.99,41.9958,0.0,1
Virginia,Phones,Aastra 57i VoIP phone,161.61,42.0186,0.0,1
Michigan,Paper,"Xerox Color Copier Paper, 11"" x 17"", Ream",91.36,42.0256,0.0,1
Idaho,Paper,"Xerox Color Copier Paper, 11"" x 17"", Ream",91.36,42.0256,0.0,1
Maryland,Binders,"Performers Binder/Pad Holder, Black",84.09,42.045,0.0,1
Massachusetts,Paper,"TOPS Carbonless Receipt Book, Four 2-3/4 x 7-1/4 Money Receipts per Page",87.6,42.048,0.0,1
California,Storage,File Shuttle I and Handi-File,155.82,42.0714,0.0,1
Michigan,Binders,"Avery Flip-Chart Easel Binder, Black",89.52,42.0744,0.0,1
California,Storage,Carina Double Wide Media Storage Towers in Natural & Black,1052.74,42.1096,0.0,3
California,Binders,"Wilson Jones Clip & Carry Folder Binder Tool for Ring Binders, Clear",120.63999999999999,42.224000000000004,0.2,4
Georgia,Art,"Boston Model 1800 Electric Pencil Sharpener, Gray",140.75,42.225,0.0,1
Indiana,Storage,"File Shuttle II and Handi-File, Black",169.45,42.3625,0.0,1
Delaware,Furnishings,"Tenex 46"" x 60"" Computer Anti-Static Chairmat, Rectangular Shaped",211.96,42.392,0.0,1
California,Binders,"Acco Flexible ACCOHIDE Square Ring Data Binder, Dark Blue, 11 1/2"" X 14"" 7/8""",117.144,42.4647,0.2,1
Montana,Phones,Panasonic KX TS3282W Corded phone,339.96,42.495,0.2,1
New York,Bookcases,"Hon Metal Bookcases, Black",681.408,42.588,0.2,1
Florida,Chairs,Global Commerce Series High-Back Swivel/Tilt Chairs,683.952,42.747,0.2,1
Texas,Accessories,Plantronics Audio 995 Wireless Stereo Headset,263.88,42.8805,0.2,1
Ohio,Accessories,Plantronics CS510 - Over-the-Head monaural Wireless Headset System,263.96,42.8935,0.2,1
California,Storage,Recycled Steel Personal File for Hanging File Folders,171.69,42.9225,0.0,2
Louisiana,Accessories,Logitech Wireless Marathon Mouse M705,99.98,42.9914,0.0,1
Michigan,Accessories,Logitech Wireless Marathon Mouse M705,99.98,42.9914,0.0,1
Vermont,Accessories,Logitech Wireless Marathon Mouse M705,99.98,42.9914,0.0,1
California,Art,Boston Home & Office Model 2000 Electric Pencil Sharpeners,165.55,43.043,0.0,3
California,Accessories,Microsoft Arc Touch Mouse,119.9,43.164,0.0,1
Maryland,Phones,invisibleSHIELD by ZAGG Smudge-Free Screen Protector,89.95,43.176,0.0,1
New York,Phones,invisibleSHIELD by ZAGG Smudge-Free Screen Protector,89.95,43.176,0.0,1
Pennsylvania,Accessories,Logitech 910-002974 M325 Wireless Mouse for Web Scrolling,143.952,43.1856,0.2,2
Delaware,Phones,Innergie mMini Combo Duo USB Travel Charging Kit,89.98,43.1904,0.0,1
Indiana,Phones,Innergie mMini Combo Duo USB Travel Charging Kit,89.98,43.1904,0.0,1
Illinois,Machines,"Canon Color ImageCLASS MF8580Cdw Wireless Laser All-In-One Printer, Copier, Scanner",1007.979,43.1991,0.3,1
Georgia,Chairs,Office Star - Mesh Screen back chair with Vinyl seat,392.94,43.2234,0.0,1
Wisconsin,Chairs,Office Star - Mesh Screen back chair with Vinyl seat,392.94,43.2234,0.0,1
Pennsylvania,Storage,Iceberg Mobile Mega Data/Printer Cart ,577.584,43.3188,0.2,1
Washington,Storage,"Sortfiler Multipurpose Personal File Organizer, Black",149.73,43.4217,0.0,1
Pennsylvania,Appliances,Avanti 4.4 Cu. Ft. Refrigerator,434.352,43.4352,0.2,1
Washington,Storage,Home/Office Personal File Carts,173.8,43.45,0.0,2
Mississippi,Storage,Home/Office Personal File Carts,173.8,43.45,0.0,1
California,Chairs,Office Star - Mid Back Dual function Ergonomic High Back Chair with 2-Way Adjustable Arms,1159.056,43.4646,0.2,1
Missouri,Accessories,Memorex Mini Travel Drive 16 GB USB 2.0 Flash Drive,111.79,43.5981,0.0,1
New York,Furnishings,Magnifier Swing Arm Lamp,167.84,43.6384,0.0,3
New York,Art,Staples in misc. colors,143.62,43.669,0.0,2
Maryland,Chairs,Global Highback Leather Tilter in Burgundy,272.97,43.6752,0.0,1
California,Furnishings,Luxo Professional Magnifying Clamp-On Fluorescent Lamps,312.03,43.6842,0.0,1
North Carolina,Appliances,"1.7 Cubic Foot Compact ""Cube"" Office Refrigerators",499.584,43.7136,0.2,1
California,Furnishings,"DAX Contemporary Wood Frame with Silver Metal Mat, Desktop, 11 x 14 Size",121.44,43.7184,0.0,2
South Carolina,Furnishings,Eldon Cleatmat Plus Chair Mats for High Pile Carpets,397.6,43.736,0.0,1
Maryland,Chairs,"Global Manager's Adjustable Task Chair, Storm",150.98,43.7842,0.0,1
California,Fasteners,Staples,92.6,43.8566,0.0,7
Minnesota,Paper,"Adams Telephone Message Book w/Frequently-Called Numbers Space, 400 Messages per Book",87.78,43.89,0.0,2
New York,Phones,Samsung HM1900 Bluetooth Headset,87.8,43.9,0.0,1
Pennsylvania,Labels,Round Specialty Laser Printer Labels,130.31199999999998,43.9803,0.2,2
Texas,Accessories,Logitech G700s Rechargeable Gaming Mouse,159.984,43.9956,0.2,1
Michigan,Binders,Avery Heavy-Duty EZD View Binder with Locking Rings,95.7,44.022,0.0,2
Ohio,Envelopes,"Tyvek  Top-Opening Peel & Seel Envelopes, Plain White",130.464,44.0316,0.2,1
North Carolina,Paper,Xerox 1916,117.456,44.046,0.2,2
California,Phones,Polycom VoiceStation 500 Conference phone,707.88,44.2425,0.2,1
Indiana,Accessories,Logitech MX Performance Wireless Mouse,119.67,44.2779,0.0,2
New York,Furnishings,Coloredge Poster Frame,113.6,44.304,0.0,1
California,Binders,GBC Wire Binding Strips,126.96000000000001,44.436,0.2,2
Kentucky,Binders,Tuf-Vin Binders,94.74,44.5278,0.0,1
California,Storage,Eldon Fold 'N Roll Cart System,153.78,44.5962,0.0,1
California,Labels,Avery 516,95.03,44.664100000000005,0.0,3
California,Furnishings,Luxo Economy Swing Arm Lamp,159.52,44.6656,0.0,3
California,Binders,Wilson Jones Leather-Like Binders with DublLock Round Rings,132.696,44.7849,0.2,4
Texas,Machines,Wasp CCD Handheld Bar Code Reader,336.51,44.868,0.4,1
Virginia,Appliances,"Eureka The Boss Lite 10-Amp Upright Vacuum, Blue",160.32,44.8896,0.0,1
New York,Appliances,"Eureka The Boss Lite 10-Amp Upright Vacuum, Blue",160.32,44.8896,0.0,1
California,Paper,Xerox 1898,93.52,44.8896,0.0,3
California,Envelopes,"#10- 4 1/8"" x 9 1/2"" Security-Tint Envelopes",91.68,44.923199999999994,0.0,5
California,Storage,Fellowes Super Stor/Drawer,249.75,44.955,0.0,1
New York,Furnishings,Howard Miller Distant Time Traveler Alarm Clock,109.68,44.9688,0.0,2
California,Art,Panasonic KP-380BK Classic Electric Pencil Sharpener,179.9,44.975,0.0,1
Michigan,Phones,OtterBox Defender Series Case - Samsung Galaxy S4,149.95,44.985,0.0,1
Maryland,Phones,JBL Micro Wireless Portable Bluetooth Speaker,179.97,44.9925,0.0,1
Washington,Paper,Personal Creations Ink Jet Cards and Labels,91.84,45.0016,0.0,1
New York,Paper,"Rediform S.O.S. 1-Up Phone Message Bk, 4-1/4x3-1/16 Bk, 1 Form/Pg, 40 Messages/Bk, 3/Pk",93.80000000000001,45.024,0.0,2
Texas,Accessories,Logitech Wireless Headset H600 Over-The-Head Design,171.96,45.1395,0.2,1
Delaware,Art,"BOSTON Ranger #55 Pencil Sharpener, Black",155.94,45.2226,0.0,1
Washington,Chairs,DMI Arturo Collection Mission-style Design Wood Chair,603.92,45.294,0.2,1
Arkansas,Tables,"Iceberg OfficeWorks 42"" Round Tables",301.96,45.294,0.0,1
Ohio,Envelopes,Airmail Envelopes,134.288,45.3222,0.2,1
California,Art,Model L Table or Wall-Mount Pencil Sharpener,161.91,45.3348,0.0,2
Oklahoma,Chairs,"Padded Folding Chairs, Black, 4/Carton",161.96,45.3488,0.0,1
Washington,Tables,KI Conference Tables,283.56,45.3696,0.0,1
Florida,Furnishings,"Advantus Employee of the Month Certificate Frame, 11 x 13-1/2",173.208,45.4671,0.2,1
Kentucky,Art,Hunt Boston Vacuum Mount KS Pencil Sharpener,174.95,45.487,0.0,1
Delaware,Art,Hunt Boston Vacuum Mount KS Pencil Sharpener,174.95,45.487,0.0,1
New Jersey,Paper,Computer Printout Paper with Letter-Trim Perforations,94.85,45.528,0.0,1
Maryland,Paper,Xerox 1939,94.85,45.528,0.0,1
California,Paper,Xerox 1912,94.85,45.528,0.0,1
Iowa,Paper,Xerox 1887,94.85,45.528,0.0,1
New Jersey,Paper,Xerox 1939,94.85,45.528000000000006,0.0,2
New Jersey,Appliances,Kensington 4 Outlet MasterPiece Compact Power Control Center,162.64,45.5392,0.0,1
New Jersey,Chairs,"Global Value Steno Chair, Gray",182.22,45.555,0.0,1
Michigan,Art,"Hunt PowerHouse Electric Pencil Sharpener, Blue",151.92,45.576,0.0,1
California,Accessories,Imation Secure Drive + Hardware Encrypted USB flash drive - 16 GB,189.95,45.588,0.0,1
Texas,Paper,Advantus Motivational Note Cards,125.76,45.588,0.2,2
California,Supplies,Acme Galleria Hot Forged Steel Scissors with Colored Handles,157.3,45.617,0.0,2
California,Storage,Tennsco Regal Shelving Units,1521.15,45.6345,0.0,3
California,Accessories,Memorex Mini Travel Drive 64 GB USB 2.0 Flash Drive,108.72,45.662400000000005,0.0,3
Kentucky,Appliances,Belkin 5 Outlet SurgeMaster Power Centers,163.44,45.7632,0.0,1
California,Appliances,Acco Smartsocket Color-Coded Six-Outlet AC Adapter Model Surge Protectors,176.04,45.7704,0.0,1
California,Storage,Fellowes Stor/Drawer Steel Plus Storage Drawers,763.44,45.8064,0.0,1
Washington,Storage,Eldon Portable Mobile Manager,169.68,45.8136,0.0,1
Wisconsin,Binders,Surelock Post Binders,91.68,45.84,0.0,1
Alabama,Binders,Surelock Post Binders,91.68,45.84,0.0,1
North Carolina,Furnishings,24-Hour Round Wall Clock,159.84,45.954,0.2,1
New York,Paper,Xerox 1891,97.82,45.9754,0.0,1
New York,Paper,Xerox 1943,97.82,45.9754,0.0,1
Indiana,Paper,Tops White Computer Printout Paper,97.82,45.9754,0.0,1
Washington,Accessories,Sony Micro Vault Click 8 GB USB 2.0 Flash Drive,328.93,46.050200000000004,0.0,2
Texas,Phones,Samsung HM1900 Bluetooth Headset,122.92,46.095,0.2,1
Arizona,Phones,Samsung HM1900 Bluetooth Headset,122.91999999999999,46.095,0.2,2
New York,Supplies,Fiskars Softgrip Scissors,164.7,46.116,0.0,3
Virginia,Furnishings,Advantus Panel Wall Certificate Holder - 8.5x11,109.8,46.116,0.0,1
Alabama,Paper,14-7/8 x 11 Blue Bar Computer Printout Paper,96.08,46.1184,0.0,1
California,Paper,14-7/8 x 11 Blue Bar Computer Printout Paper,96.08,46.1184,0.0,1
Indiana,Paper,Xerox 1910,96.08,46.1184,0.0,1
New York,Binders,Wilson Jones Legal Size Ring Binders,123.144,46.179,0.2,2
Virginia,Furnishings,Luxo Adjustable Task Clamp Lamp,177.68,46.1968,0.0,1
Washington,Binders,GBC Prestige Therm-A-Bind Covers,137.24,46.3185,0.2,1
Oregon,Paper,Xerox 1960,148.704,46.47,0.2,1
Texas,Paper,Xerox 1925,148.704,46.47,0.2,2
Missouri,Accessories,Maxell 4.7GB DVD-R,113.52,46.5432,0.0,1
Washington,Furnishings,"Howard Miller 13-3/4"" Diameter Brushed Chrome Round Wall Clock",155.25,46.575,0.0,1
California,Accessories,"TRENDnet 56K USB 2.0 Phone, Internet and Fax Modem",129.45,46.602,0.0,1
Arizona,Furnishings,Electrix Halogen Magnifier Lamp,621.76,46.632,0.2,1
California,Paper,Xerox 1905,97.2,46.656,0.0,3
California,Paper,Xerox 225,97.2,46.656000000000006,0.0,4
California,Phones,GE DSL Phone Line Filter,415.896,46.7883,0.2,2
California,Accessories,Memorex Mini Travel Drive 32 GB USB 2.0 Flash Drive,120.0,46.8,0.0,1
Georgia,Furnishings,Tenex B1-RE Series Chair Mats for Low Pile Carpets,275.88,46.8996,0.0,1
California,Furnishings,Tenex B1-RE Series Chair Mats for Low Pile Carpets,275.88,46.8996,0.0,3
Michigan,Art,"BOSTON Model 1800 Electric Pencil Sharpeners, Putty/Woodgrain",161.82,46.9278,0.0,1
Michigan,Phones,"iKross Bluetooth Portable Keyboard + Cell Phone Stand Holder + Brush for Apple iPhone 5S 5C 5, 4S 4",167.6,46.928,0.0,2
California,Paper,Xerox Blank Computer Paper,99.9,46.953,0.0,1
New York,Bookcases,"Atlantic Metals Mobile 3-Shelf Bookcases, Custom Colors",626.352,46.9764,0.2,1
Texas,Phones,Panasonic KX-TG9471B,470.376,47.0376,0.2,1
Illinois,Paper,Easy-staple paper,136.32,47.041799999999995,0.2,2
Michigan,Chairs,Global Ergonomic Managers Chair,180.98,47.0548,0.0,1
Oklahoma,Furnishings,"Executive Impressions 13"" Clairmont Wall Clock",115.38,47.3058,0.0,2
Texas,Labels,Round Specialty Laser Printer Labels,140.33599999999998,47.363400000000006,0.2,2
Utah,Phones,Motorla HX550 Universal Bluetooth Headset,126.56,47.46,0.2,1
Pennsylvania,Accessories,Kensington Expert Mouse Optical USB Trackball for PC or Mac,379.96,47.495,0.2,1
Texas,Paper,Xerox 1982,146.176,47.5072,0.2,1
Pennsylvania,Storage,Fellowes High-Stak Drawer Files,1268.568,47.5713,0.20000000000000004,3
Oregon,Labels,Avery 477,146.544,47.6268,0.2,1
Tennessee,Chairs,Hon Olson Stacker Chairs,423.648,47.6604,0.2,1
Missouri,Storage,Tennsco 6- and 18-Compartment Lockers,265.17,47.7306,0.0,1
New York,Phones,Cisco SPA112 2 Port Phone Adapter,164.85,47.8065,0.0,1
Florida,Paper,Xerox 1889,131.904,47.8152,0.2,1
Oregon,Paper,Xerox 1914,131.904,47.8152,0.2,1
Oregon,Paper,Easy-staple paper,141.76,47.844,0.2,1
Oregon,Chairs,Global Comet Stacking Armless Chair,478.48,47.848,0.2,1
Georgia,Accessories,Maxell LTO Ultrium - 800 GB,251.91,47.8629,0.0,1
Minnesota,Accessories,Imation 32GB Pocket Pro USB 3.0 Flash Drive - 32 GB - Black - 1 P ...,119.8,47.92,0.0,1
California,Storage,Fellowes Bases and Tops For Staxonsteel/High-Stak Systems,199.74,47.9376,0.0,2
Virginia,Storage,Steel Personal Filing/Posting Tote,177.55,47.9385,0.0,1
New York,Paper,Southworth 25% Cotton Premium Laser Paper and Envelopes,99.9,47.952,0.0,1
Oregon,Accessories,Microsoft Arc Touch Mouse,239.8,47.96,0.2,1
Illinois,Phones,Cisco SPA 502G IP Phone,383.84,47.98,0.2,1
California,Accessories,Razer Kraken PRO Over Ear PC and Music Headset,159.98,47.994,0.0,1
California,Phones,Polycom CX300 Desktop Phone USB VoIP phone,479.968,47.9968,0.2,2
New York,Storage,Eldon Mobile Mega Data Cart  Mega Stackable  Add-On Trays,165.55,48.0095,0.0,2
Wisconsin,Bookcases,O'Sullivan Cherrywood Estates Traditional Barrister Bookcase,687.4,48.118,0.0,1
California,Appliances,Belkin F5C206VTEL 6 Outlet Surge,160.86,48.257999999999996,0.0,2
California,Binders,Avery Premier Heavy-Duty Binder with Round Locking Rings,148.512,48.266400000000004,0.20000000000000004,3
Kentucky,Accessories,Logitech ClearChat Comfort/USB Headset H390,146.45,48.3285,0.0,1
Michigan,Appliances,Honeywell Enviracaire Portable Air Cleaner for up to 8 x 10 Room,207.144,48.3336,0.1,1
Kentucky,Binders,GBC Prestige Therm-A-Bind Covers,102.93,48.3771,0.0,1
Rhode Island,Binders,GBC Prestige Therm-A-Bind Covers,102.93,48.3771,0.0,1
Texas,Fasteners,Staples,139.6,48.436800000000005,0.2,5
Wisconsin,Accessories,Memorex Froggy Flash Drive 8 GB,124.25,48.4575,0.0,1
Michigan,Chairs,Hon Valutask Swivel Chairs,302.94,48.4704,0.0,1
New York,Binders,Recycled Easel Ring Binders,155.168,48.49,0.2,2
Massachusetts,Paper,Xerox 1935,105.52,48.5392,0.0,1
Virginia,Paper,Xerox 1909,105.52,48.5392,0.0,1
Illinois,Paper,Xerox 1884,143.856,48.5514,0.2,1
Tennessee,Paper,Xerox 1884,143.856,48.5514,0.2,1
Arizona,Accessories,Imation 16GB Mini TravelDrive USB 2.0 Flash Drive,185.528,48.7011,0.2,1
Tennessee,Chairs,"Hon Deluxe Fabric Upholstered Stacking Chairs, Rounded Back",390.368,48.796,0.2,1
Connecticut,Art,Prismacolor Color Pencil Set,119.04,48.8064,0.0,1
Massachusetts,Furnishings,"Executive Impressions 14""",111.15,48.906,0.0,1
Virginia,Furnishings,"Executive Impressions 14""",111.15,48.906,0.0,1
Nevada,Paper,Xerox 1916,97.88,48.94,0.0,1
Georgia,Paper,Xerox 1890,97.88,48.94,0.0,1
Ohio,Accessories,Logitech G500s Laser Gaming Mouse with Adjustable Weight Tuning,279.96,48.993,0.2,1
Ohio,Storage,Adjustable Depth Letter/Legal Cart,435.504,48.9942,0.2,1
New York,Paper,"Southworth 100% Résumé Paper, 24lb.",108.92,49.014,0.0,1
Indiana,Envelopes,"White Envelopes, White Envelopes with Clear Poly Window",106.75,49.105,0.0,1
Alabama,Envelopes,"White Business Envelopes with Contemporary Seam, Recycled White Business Envelopes",98.46,49.23,0.0,1
California,Envelopes,"White Business Envelopes with Contemporary Seam, Recycled White Business Envelopes",98.46,49.23,0.0,2
New Mexico,Phones,OtterBox Commuter Series Case - iPhone 5 & 5s,140.736,49.2576,0.2,1
Washington,Accessories,Logitech K350 2.4Ghz Wireless Keyboard,447.93,49.2723,0.0,1
Texas,Phones,AT&T 1080 Phone,657.552,49.3164,0.2,1
Texas,Envelopes,"Tyvek Interoffice Envelopes, 9 1/2"" x 12 1/2"", 100/Box",146.352,49.3938,0.2,1
Illinois,Phones,GE 2-Jack Phone Line Splitter,659.168,49.4376,0.2,1
California,Phones,Plantronics Voyager Pro Legend,494.376,49.4376,0.2,1
Michigan,Phones,"Ativa D5772 2-Line 5.8GHz Digital Expandable Corded/Cordless Phone System with Answering & Caller ID/Call Waiting, Black/Silver",164.99,49.497,0.0,1
Washington,Phones,Mitel MiVoice 5330e IP Phone,659.976,49.4982,0.2,1
California,Phones,Mitel MiVoice 5330e IP Phone,659.976,49.4982,0.2,1
California,Paper,"Rediform S.O.S. 1-Up Phone Message Bk, 4-1/4x3-1/16 Bk, 1 Form/Pg, 40 Messages/Bk, 3/Pk",103.18,49.526399999999995,0.0,3
New York,Appliances,"Conquest 14 Commercial Heavy-Duty Upright Vacuum, Collection System, Accessory Kit",170.88,49.5552,0.0,1
New Jersey,Accessories,Maxell DVD-RAM Discs,115.36,49.6048,0.0,1
Texas,Machines,Hewlett-Packard Deskjet 5550 Printer,597.132,49.761,0.4,1
Washington,Paper,Xerox 1894,103.68,49.7664,0.0,2
California,Paper,Xerox 226,103.68,49.7664,0.0,3
New York,Furnishings,"Deflect-o RollaMat Studded, Beveled Mat for Medium Pile Carpeting",276.69,49.8042,0.0,1
California,Furnishings,"Deflect-o RollaMat Studded, Beveled Mat for Medium Pile Carpeting",276.69,49.8042,0.0,1
Wisconsin,Binders,Plastic Binding Combs,106.05,49.8435,0.0,1
Georgia,Paper,Easy-staple paper,106.32,49.9704,0.0,1
Arkansas,Paper,Xerox 1906,106.32,49.9704,0.0,1
Iowa,Paper,Easy-staple paper,106.32,49.9704,0.0,1
Oklahoma,Paper,Easy-staple paper,106.32,49.9704,0.0,1
Kentucky,Paper,Easy-staple paper,106.32,49.9704,0.0,1
New York,Paper,Xerox 188,102.06,50.0094,0.0,3
Colorado,Chairs,Global Troy Executive Leather Low-Back Tilter,801.568,50.098,0.2,1
Washington,Accessories,WD My Passport Ultra 500GB Portable External Hard Drive,295.0,50.15,0.0,2
Mississippi,Art,"Boston School Pro Electric Pencil Sharpener, 1670",185.88,50.1876,0.0,1
Georgia,Phones,RCA Visys Integrated PBX 8-Line Router,200.97,50.2425,0.0,1
Nebraska,Paper,Xerox 1915,104.85,50.328,0.0,1
Florida,Appliances,Sanyo 2.5 Cubic Foot Mid-Size Office Refrigerators,671.544,50.3658,0.2,1
Virginia,Appliances,Belkin 8 Outlet SurgeMaster II Gold Surge Protector,179.94,50.3832,0.0,1
North Carolina,Accessories,Logitech 910-002974 M325 Wireless Mouse for Web Scrolling,167.944,50.3832,0.2,1
California,Phones,BlackBerry Q10,806.336,50.396,0.2,1
California,Phones,HTC One Mini,503.96,50.396,0.2,1
Arizona,Phones,Samsung Galaxy Mega 6.3,671.984,50.3988,0.2,1
California,Binders,"Premium Transparent Presentation Covers, No Pattern/Clear, 8 1/2"" x 11""",155.12,50.414,0.2,1
Wisconsin,Chairs,"Global Fabric Manager's Chair, Dark Gray",201.96,50.49,0.0,1
Rhode Island,Furnishings,Deflect-o DuraMat Antistatic Studded Beveled Mat for Medium Pile Carpeting,210.68,50.5632,0.0,1
New York,Furnishings,Deflect-o DuraMat Antistatic Studded Beveled Mat for Medium Pile Carpeting,210.68,50.5632,0.0,1
Kentucky,Appliances,"Fellowes Smart Surge Ten-Outlet Protector, Platinum",180.66,50.5848,0.0,1
Rhode Island,Bookcases,"Bush Cubix Collection Bookcases, Fully Assembled",220.98,50.8254,0.0,1
Maryland,Furnishings,"C-Line Cubicle Keepers Polyproplyene Holder w/Velcro Back, 8-1/2x11, 25/Bx",164.22,50.9082,0.0,1
Virginia,Art,Boston 1799 Powerhouse Electric Pencil Sharpener,181.86,50.9208,0.0,1
Michigan,Art,Boston 1799 Powerhouse Electric Pencil Sharpener,181.86,50.9208,0.0,1
Indiana,Envelopes,Brown Kraft Recycled Envelopes,101.88,50.94,0.0,1
Nebraska,Accessories,Kensington SlimBlade Notebook Wireless Mouse with Nano Receiver ,149.97,50.9898,0.0,1
California,Appliances,Fellowes Mighty 8 Compact Surge Protector,182.43,51.080400000000004,0.0,3
California,Appliances,Acco 6 Outlet Guardian Premium Surge Suppressor,189.28,51.105599999999995,0.0,3
California,Accessories,Microsoft Wireless Mobile Mouse 4000,159.96,51.1872,0.0,1
Illinois,Accessories,Logitech G600 MMO Gaming Mouse,255.968,51.1936,0.2,1
New York,Chairs,"Global Armless Task Chair, Royal Blue",658.584,51.2232,0.10000000000000002,3
Minnesota,Chairs,"Global Leather Task Chair, Black",269.97,51.2943,0.0,1
Washington,Binders,"Green Canvas Binder for 8-1/2"" x 14"" Sheets",136.96,51.36,0.2,1
California,Furnishings,3M Polarizing Light Filter Sleeves,111.9,51.474,0.0,1
Washington,Chairs,Global Deluxe High-Back Manager's Chair,457.568,51.4764,0.2,1
Texas,Phones,Jabra SPEAK 410 Multidevice Speakerphone,823.96,51.4975,0.2,1
Florida,Phones,Jabra SPEAK 410 Multidevice Speakerphone,823.96,51.4975,0.2,1
New York,Art,Boston KS Multi-Size Manual Pencil Sharpener,183.92000000000002,51.4976,0.0,2
Washington,Furnishings,24-Hour Round Wall Clock,119.88,51.5484,0.0,2
Delaware,Envelopes,"#10 White Business Envelopes,4 1/8 x 9 1/2",109.69,51.5543,0.0,1
Massachusetts,Binders,Deluxe Heavy-Duty Vinyl Round Ring Binder,114.6,51.57,0.0,1
Arkansas,Envelopes,"Strathmore #10 Envelopes, Ultimate White",105.42,51.6558,0.0,1
California,Binders,Canvas Sectional Post Binders,142.576,51.683800000000005,0.2,2
Iowa,Phones,AT&T 841000 Phone,207.0,51.75,0.0,1
North Carolina,Chairs,Harbour Creations Steel Folding Chair,414.0,51.75,0.2,2
Maryland,Chairs,Harbour Creations Steel Folding Chair,172.5,51.75,0.0,1
Delaware,Envelopes,Globe Weis Peel & Seel First Class Envelopes,115.02,51.759,0.0,1
Michigan,Labels,Alphabetical Labels for Top Tab Filing,103.6,51.8,0.0,1
Virginia,Labels,Alphabetical Labels for Top Tab Filing,103.6,51.8,0.0,1
California,Binders,GBC DocuBind P50 Personal Binding Machine,153.552,51.8238,0.2,1
Florida,Storage,Tennsco 16-Compartment Lockers with Coat Rack,1036.624,51.8312,0.2,1
Illinois,Storage,Tennsco 16-Compartment Lockers with Coat Rack,1036.624,51.8312,0.2,1
Washington,Binders,GBC Standard Therm-A-Bind Covers,159.488,51.833600000000004,0.2,2
Michigan,Phones,Pyle PMP37LED,191.98,51.8346,0.0,1
Kentucky,Phones,Pyle PMP37LED,191.98,51.8346,0.0,1
California,Tables,"Bevis Round Bullnose 29"" High Table Top",1038.84,51.942,0.2,1
California,Paper,Xerox 1933,110.52,51.9444,0.0,2
California,Furnishings,"Executive Impressions 10"" Spectator Wall Clock",152.88,51.979200000000006,0.0,3
California,Furnishings,Ultra Door Pull Handle,157.8,52.074,0.0,3
New Jersey,Furnishings,9-3/4 Diameter Round Wall Clock,124.11,52.1262,0.0,1
New York,Storage,Home/Office Personal File Carts,208.56,52.14,0.0,1
California,Furnishings,Tensor Computer Mounted Lamp,193.57,52.2639,0.0,3
Washington,Chairs,Global Executive Mid-Back Manager's Chair,698.352,52.3764,0.2,1
North Carolina,Chairs,Global Executive Mid-Back Manager's Chair,698.352,52.3764,0.2,1
Michigan,Binders,Fellowes Presentation Covers for Comb Binding Machines,116.4,52.38,0.0,1
Delaware,Accessories,Plantronics Audio 478 Stereo USB Headset,149.97,52.4895,0.0,1
New Jersey,Phones,netTALK DUO VoIP Telephone Service,104.98,52.49,0.0,1
California,Phones,Blue Parrot B250XT Professional Grade Wireless Bluetooth Headset with,419.944,52.493,0.2,1
Texas,Accessories,Logitech diNovo Edge Keyboard,1399.944,52.4979,0.2,1
Colorado,Chairs,Hon 4070 Series Pagoda Armless Upholstered Stacking Chairs,466.768,52.5114,0.2,1
Michigan,Paper,Xerox 1929,114.2,52.532,0.0,1
Washington,Paper,"Xerox Color Copier Paper, 11"" x 17"", Ream",114.2,52.532,0.0,1
California,Paper,Xerox 1973,114.2,52.532,0.0,1
Arkansas,Paper,Xerox 1929,114.2,52.532,0.0,1
Texas,Art,"Dixon Ticonderoga Core-Lock Colored Pencils, 48-Color Set",175.44,52.632,0.2,1
Virginia,Phones,Jabra SPEAK 410,187.98,52.6344,0.0,1
Georgia,Furnishings,"Seth Thomas 14"" Day/Date Wall Clock",142.4,52.688,0.0,1
Delaware,Accessories,Microsoft Sculpt Comfort Mouse,119.85,52.734,0.0,1
Washington,Accessories,Cherry 142-key Programmable Keyboard,479.72,52.7692,0.0,1
Georgia,Bookcases,"Bush Andora Bookcase, Maple/Graphite Gray Finish",239.98,52.7956,0.0,1
Illinois,Paper,Xerox 1943,156.512,52.8228,0.2,1
California,Paper,Xerox 1996,110.16,52.8768,0.0,5
Texas,Phones,Wireless Extenders zBoost YX545 SOHO Signal Booster,604.768,52.9172,0.2,2
Texas,Phones,LG G3,470.376,52.9173,0.2,1
Colorado,Phones,GE 30524EE4,470.376,52.9173,0.2,1
Georgia,Chairs,"Global Push Button Manager's Chair, Indigo",182.67,52.9743,0.0,1
Virginia,Appliances,Tripp Lite Isotel 6 Outlet Surge Protector with Fax/Modem Protection,182.91,53.0439,0.0,1
New York,Binders,Poly Designer Cover & Back,151.92,53.172,0.2,2
Florida,Accessories,"Logitech Wireless Boombox Speaker - portable - wireless, wired",170.24,53.2,0.2,1
Missouri,Bookcases,"Hon Metal Bookcases, Black",212.94,53.235,0.0,1
California,Art,Sanford 52201 APSCO Electric Pencil Sharpener,204.85,53.261,0.0,1
Missouri,Furnishings,"Rubbermaid ClusterMat Chairmats, Mat Size- 66"" x 60"", Lip 20"" x 11"" -90 Degree Angle",332.94,53.2704,0.0,1
California,Machines,StarTech.com 10/100 VDSL2 Ethernet Extender Kit,532.72,53.272,0.2,1
Washington,Storage,"Recycled Data-Pak for Archival Bound Computer Printouts, 12-1/2 x 12-1/2 x 16",197.58,53.3466,0.0,1
Missouri,Accessories,Logitech G105 Gaming Keyboard,296.85,53.433,0.0,1
New York,Phones,Samsung Rugby III,197.97,53.4519,0.0,1
California,Paper,"Snap-A-Way Black Print Carbonless Ruled Speed Letter, Triplicate",113.82,53.4954,0.0,1
Texas,Accessories,Hypercom P1300 Pinpad,252.0,53.550000000000004,0.2,2
New York,Art,Newell 319,178.56,53.568000000000005,0.0,2
Mississippi,Accessories,Sony Micro Vault Click 16 GB USB 2.0 Flash Drive,223.96,53.7504,0.0,1
Illinois,Phones,Vtech CS6719,537.544,53.7544,0.2,1
North Carolina,Paper,Xerox 1937,153.728,53.8048,0.2,1
Arkansas,Paper,Xerox 1914,109.92,53.8608,0.0,1
Michigan,Paper,Xerox 1889,109.92,53.8608,0.0,1
Arizona,Furnishings,Flat Face Poster Frame,195.93599999999998,53.882400000000004,0.2,2
Nevada,Binders,Lock-Up Easel 'Spel-Binder',159.768,53.9217,0.2,1
Michigan,Appliances,Belkin 8 Outlet SurgeMaster II Gold Surge Protector,269.91,53.982,0.1,1
New York,Phones,Panasonic KX T7731-B Digital phone,199.98,53.9946,0.0,1
Arkansas,Binders,GBC VeloBind Cover Sets,108.08,54.04,0.0,1
Texas,Storage,Standard Rollaway File with Lock,720.76,54.057,0.2,1
Indiana,Storage,Fellowes Staxonsteel Drawer Files,386.34,54.0876,0.0,1
Illinois,Paper,Xerox 1988,173.488,54.215,0.2,1
Florida,Paper,Xerox 1951,173.488,54.215,0.2,1
Texas,Paper,Xerox 19,173.488,54.215,0.2,1
Texas,Accessories,Logitech MX Performance Wireless Mouse,255.296,54.2504,0.2,2
California,Furnishings,"Eldon Executive Woodline II Desk Accessories, Mahogany",201.04,54.2808,0.0,1
Washington,Accessories,Imation 16GB Mini TravelDrive USB 2.0 Flash Drive,132.52,54.3332,0.0,1
Michigan,Accessories,Imation 16GB Mini TravelDrive USB 2.0 Flash Drive,132.52,54.3332,0.0,1
Arizona,Accessories,Logitech Gaming G510s - Keyboard,271.968,54.3936,0.2,1
New Mexico,Accessories,NETGEAR AC1750 Dual Band Gigabit Smart WiFi Router,159.99,54.3966,0.0,1
California,Storage,Fellowes Recycled Storage Drawers,777.21,54.4047,0.0,1
Iowa,Binders,"GBC White Gloss Covers, Plain Front",115.84,54.4448,0.0,1
Wisconsin,Appliances,3M Office Air Cleaner,155.88,54.558,0.0,1
California,Storage,Fellowes Bankers Box Staxonsteel Drawer File/Stacking System,454.86,54.5832,0.0,1
Missouri,Art,Hunt Boston Vacuum Mount KS Pencil Sharpener,209.94,54.5844,0.0,1
Oregon,Phones,Plantronics Voyager Pro HD - Bluetooth Headset,155.976,54.5916,0.2,1
California,Binders,"GBC Prepunched Paper, 19-Hole, for Binding Systems, 24-lb",168.112,54.6364,0.20000000000000004,3
New York,Labels,Avery 473,113.85,54.648,0.0,3
New York,Chairs,"Global Value Steno Chair, Gray",327.996,54.666,0.1,1
Kentucky,Binders,Poly Designer Cover & Back,113.94,54.6912,0.0,1
Georgia,Binders,Poly Designer Cover & Back,113.94,54.6912,0.0,1
Oklahoma,Bookcases,"Sauder Facets Collection Library, Sky Alder Finish",341.96,54.7136,0.0,1
Oklahoma,Tables,Bevis 36 x 72 Conference Tables,248.98,54.7756,0.0,1
Tennessee,Chairs,"Global Push Button Manager's Chair, Indigo",487.12,54.801,0.2,2
California,Paper,Xerox 1934,111.96,54.8604,0.0,1
Rhode Island,Paper,Easy-staple paper,111.96,54.8604,0.0,1
California,Appliances,Bionaire Personal Warm Mist Humidifier/Vaporizer,140.67,54.8613,0.0,1
Georgia,Binders,GBC Recycled Regency Composition Covers,119.56,54.9976,0.0,1
Washington,Furnishings,"Howard Miller 13-1/2"" Diameter Rosebrook Wall Clock",137.54,55.016,0.0,1
Virginia,Appliances,Eureka The Boss Cordless Rechargeable Stick Vac,203.92,55.0584,0.0,1
California,Accessories,Logitech Wireless Touch Keyboard K400,324.87,55.2279,0.0,2
California,Appliances,Kensington 6 Outlet Guardian Standard Surge Protector,204.8,55.296,0.0,3
California,Binders,GBC Durable Plastic Covers,170.28,55.341,0.20000000000000004,3
Virginia,Appliances,"Eureka Hand Vacuum, Bagless",197.72,55.3616,0.0,1
California,Paper,"Wirebound Message Books, Four 2 3/4 x 5 White Forms per Page",120.42,55.39320000000001,0.0,3
California,Phones,Panasonic KX-TG6844B Expandable Digital Cordless Telephone,633.504,55.431599999999996,0.20000000000000004,3
Georgia,Phones,Panasonic KX - TS880B Telephone,206.1,55.647,0.0,1
Virginia,Phones,Panasonic KX - TS880B Telephone,206.1,55.647,0.0,1
New York,Paper,Xerox 197,123.92,55.764,0.0,1
Washington,Paper,Xerox 1988,123.92,55.764,0.0,1
California,Appliances,"Acco Smartsocket Table Surge Protector, 6 Color-Coded Adapter Outlets",186.15,55.845,0.0,1
Washington,Storage,"Tennsco Snap-Together Open Shelving Units, Starter Sets and Add-On Units",1117.92,55.896,0.0,1
Oklahoma,Storage,"Tennsco Snap-Together Open Shelving Units, Starter Sets and Add-On Units",1117.92,55.896,0.0,1
California,Storage,"Tennsco Snap-Together Open Shelving Units, Starter Sets and Add-On Units",1117.92,55.896,0.0,1
Indiana,Accessories,"TRENDnet 56K USB 2.0 Phone, Internet and Fax Modem",155.34,55.9224,0.0,1
Washington,Storage,Fellowes Bases and Tops For Staxonsteel/High-Stak Systems,233.03,55.927200000000006,0.0,2
Oklahoma,Binders,Ibico Plastic Spiral Binding Combs,121.6,55.936,0.0,1
Texas,Accessories,Kensington SlimBlade Notebook Wireless Mouse with Nano Receiver ,319.93600000000004,55.9888,0.2,2
Colorado,Phones,Samsung Galaxy S III - 16GB - pebble blue (T-Mobile),559.984,55.9984,0.2,1
Texas,Machines,NeatDesk Desktop Scanner & Digital Filing System,479.988,55.9986,0.4,1
Wisconsin,Accessories,Memorex Mini Travel Drive 16 GB USB 2.0 Flash Drive,143.73,56.0547,0.0,1
Massachusetts,Labels,Avery 477,122.12,56.1752,0.0,1
Alabama,Appliances,"1.7 Cubic Foot Compact ""Cube"" Office Refrigerators",208.16,56.2032,0.0,1
New York,Storage,Desktop 3-Pocket Hot File,216.4,56.264,0.0,1
California,Chairs,"Global Leather Highback Executive Chair with Pneumatic Height Adjustment, Black",643.136,56.2744,0.2,2
Tennessee,Chairs,"Global Leather Highback Executive Chair with Pneumatic Height Adjustment, Black",643.136,56.2744,0.2,1
Georgia,Storage,Tennsco Single-Tier Lockers,1126.02,56.301,0.0,1
Montana,Storage,Tennsco Single-Tier Lockers,1126.02,56.301,0.0,1
Virginia,Appliances,Belkin Premiere Surge Master II 8-outlet surge protector,194.32,56.3528,0.0,1
Washington,Bookcases,"Sauder Forest Hills Library, Woodland Oak Finish",704.9,56.392,0.0,1
Indiana,Appliances,"Eureka The Boss Plus 12-Amp Hard Box Upright Vacuum, Red",209.3,56.511,0.0,1
Kentucky,Binders,Ibico Standard Transparent Covers,115.36,56.5264,0.0,1
Pennsylvania,Envelopes,Quality Park Security Envelopes,167.488,56.52720000000001,0.2,2
Virginia,Binders,Vinyl Sectional Post Binders,113.1,56.55,0.0,1
Washington,Binders,Vinyl Sectional Post Binders,150.8,56.55,0.2,1
Colorado,Accessories,KeyTronic 6101 Series - Keyboard - Black,196.752,56.5662,0.2,1
Pennsylvania,Furnishings,"Howard Miller 12"" Round Wall Clock",282.888,56.5776,0.2,1
California,Binders,Avery Legal 4-Ring Binder,151.05599999999998,56.646,0.2,2
Illinois,Phones,Logitech Mobile Speakerphone P710e - speaker phone,647.904,56.6916,0.2,1
Washington,Art,Newell 334,218.24,56.7424,0.0,2
Michigan,Furnishings,Nu-Dell Leatherette Frames,157.74,56.7864,0.0,1
California,Storage,Mobile Personal File Cube,210.78000000000003,56.9106,0.0,3
California,Paper,Xerox 1892,116.28,56.9772,0.0,1
California,Paper,White Computer Printout Paper by Universal,116.28,56.9772,0.0,1
Maryland,Paper,Xerox 1944,116.28,56.9772,0.0,1
Nebraska,Paper,White Computer Printout Paper by Universal,116.28,56.9772,0.0,1
Delaware,Bookcases,Bestar Classic Bookcase,299.97,56.9943,0.0,1
South Carolina,Envelopes,"Tyvek Interoffice Envelopes, 9 1/2"" x 12 1/2"", 100/Box",121.96,57.3212,0.0,1
Kentucky,Binders,Large Capacity Hanging Post Binders,124.75,57.385,0.0,1
New York,Phones,Cisco SPA508G,197.97,57.4113,0.0,1
New Jersey,Phones,Cisco SPA508G,197.97,57.4113,0.0,1
Michigan,Bookcases,"Hon Metal Bookcases, Gray",212.94,57.4938,0.0,1
California,Phones,AT&T 1080 Corded phone,657.552,57.535799999999995,0.2,2
New Hampshire,Accessories,Logitech G602 Wireless Gaming Mouse,159.98,57.5928,0.0,1
Washington,Accessories,Logitech G602 Wireless Gaming Mouse,159.98,57.5928,0.0,1
New York,Accessories,Logitech G602 Wireless Gaming Mouse,159.98,57.5928,0.0,1
Ohio,Accessories,NETGEAR N750 Dual Band Wi-Fi Gigabit Router,288.0,57.6,0.2,1
California,Furnishings,Staple-based wall hangings,131.01999999999998,57.648799999999994,0.0,3
California,Binders,"Square Ring Data Binders, Rigid 75 Pt. Covers, 11"" x 14-7/8""",165.12,57.792,0.20000000000000004,3
New York,Supplies,"Acme 10"" Easy Grip Assistive Scissors",192.82999999999998,57.849000000000004,0.0,2
Delaware,Accessories,Maxell 4.7GB DVD-R,141.9,58.179,0.0,1
Tennessee,Phones,Wi-Ex zBoost YX540 Cellular Phone Signal Booster,467.04,58.38,0.2,1
California,Storage,"Multi-Use Personal File Cart and Caster Set, Three Stacking Bins",208.56,58.3968,0.0,2
Virginia,Tables,BPI Conference Tables,292.1,58.42,0.0,1
Florida,Phones,Geemarc AmpliPOWER60,519.68,58.464,0.2,1
California,Appliances,Belkin F9S820V06 8 Outlet Surge,194.88,58.464,0.0,2
Virginia,Storage,Tennsco Double-Tier Lockers,450.04,58.5052,0.0,1
Washington,Accessories,WD My Passport Ultra 1TB Portable External Hard Drive,345.0,58.65,0.0,1
Massachusetts,Phones,"iKross Bluetooth Portable Keyboard + Cell Phone Stand Holder + Brush for Apple iPhone 5S 5C 5, 4S 4",209.5,58.66,0.0,1
Mississippi,Furnishings,"Executive Impressions 14""",133.38,58.6872,0.0,1
Michigan,Phones,ClearSounds CSC500 Amplified Spirit Phone Corded phone,209.97,58.7916,0.0,1
Virginia,Phones,AT&T 17929 Lendline Telephone,226.2,58.812,0.0,1
Georgia,Envelopes,"#10 White Business Envelopes,4 1/8 x 9 1/2",125.36,58.9192,0.0,1
Massachusetts,Binders,"Wilson Jones Ledger-Size, Piano-Hinge Binder, 2"", Blue",122.94,59.0112,0.0,1
Virginia,Binders,"Wilson Jones Ledger-Size, Piano-Hinge Binder, 2"", Blue",122.94,59.0112,0.0,1
California,Accessories,Logitech MX Performance Wireless Mouse,159.56,59.0372,0.0,1
Alabama,Art,"Boston Model 1800 Electric Pencil Sharpener, Gray",197.05,59.115,0.0,1
Maryland,Art,Boston 1645 Deluxe Heavier-Duty Electric Pencil Sharpener,219.9,59.373,0.0,1
Tennessee,Paper,Xerox 1893,163.96,59.4355,0.2,1
Washington,Furnishings,"Tenex ""The Solids"" Textured Chair Mats",349.79999999999995,59.466,0.0,2
Nevada,Phones,Panasonic KX TS3282W Corded phone,475.944,59.493,0.2,1
Ohio,Appliances,Eureka Sanitaire  Commercial Upright,795.408,59.6556,0.2,1
Washington,Furnishings,"Contract Clock, 14"", Brown",175.84,59.7856,0.0,2
New York,Copiers,Hewlett Packard 310 Color Digital Copier,479.984,59.998,0.2,1
Michigan,Furnishings,Eldon ClusterMat Chair Mat with Cordless Antistatic Protection,545.88,60.0468,0.0,2
New Hampshire,Furnishings,24-Hour Round Wall Clock,139.86,60.1398,0.0,1
Kansas,Binders,GBC DocuBind P50 Personal Binding Machine,127.96,60.1412,0.0,1
Massachusetts,Paper,Xerox 1919,122.97,60.2553,0.0,1
Virginia,Paper,Xerox 1919,122.97,60.2553,0.0,1
South Carolina,Paper,Xerox 1945,122.97,60.2553,0.0,1
California,Paper,"White Dual Perf Computer Printout Paper, 2700 Sheets, 1 Part, Heavyweight, 20 lbs., 14 7/8 x 11",122.97,60.2553,0.0,1
Georgia,Paper,"White Dual Perf Computer Printout Paper, 2700 Sheets, 1 Part, Heavyweight, 20 lbs., 14 7/8 x 11",122.97,60.2553,0.0,1
New York,Paper,Xerox 1893,122.97,60.255300000000005,0.0,2
New York,Machines,Hewlett-Packard 300S Scientific Calculator,131.1,60.306,0.0,2
California,Chairs,"Situations Contoured Folding Chairs, 4/Set",965.328,60.333,0.2,2
Wisconsin,Chairs,"Global Leather & Oak Executive Chair, Burgundy",754.45,60.356,0.0,1
Massachusetts,Bookcases,Bush Mission Pointe Library,301.96,60.392,0.0,1
Texas,Phones,Pyle PMP37LED,691.1279999999999,60.4737,0.2,2
Florida,Phones,VTech DS6151,604.752,60.4752,0.2,2
Washington,Phones,Mitel 5320 IP Phone VoIP phone,604.768,60.4768,0.2,1
California,Appliances,"Belkin 325VA UPS Surge Protector, 6'",241.96,60.49,0.0,1
New York,Binders,"Premium Transparent Presentation Covers, No Pattern/Clear, 8 1/2"" x 11""",186.144,60.4968,0.2,1
New York,Chairs,Harbour Creations 67200 Series Stacking Chairs,320.31,60.503,0.1,2
Louisiana,Chairs,"Iceberg Nesting Folding Chair, 19w x 6d x 43h",232.88,60.5488,0.0,1
Oklahoma,Appliances,"Holmes Replacement Filter for HEPA Air Cleaner, Very Large Room, HEPA Filter",137.62,60.5528,0.0,1
Connecticut,Appliances,"Holmes Replacement Filter for HEPA Air Cleaner, Very Large Room, HEPA Filter",137.62,60.5528,0.0,1
Virginia,Tables,"Lesro Sheffield Collection Coffee Table, End Table, Center Table, Corner Table",356.85,60.6645,0.0,1
California,Furnishings,Nu-Dell Executive Frame,164.32,60.7984,0.0,2
Washington,Accessories,Memorex Mini Travel Drive 64 GB USB 2.0 Flash Drive,144.96,60.8832,0.0,1
Illinois,Phones,Jabra BIZ 2300 Duo QD Duo Corded Headset,812.736,60.9552,0.2,1
Michigan,Accessories,Maxell 4.7GB DVD+RW 3/Pack,175.23,61.3305,0.0,1
Oregon,Furnishings,"Howard Miller 14-1/2"" Diameter Chrome Round Wall Clock",409.216,61.3824,0.2,1
New York,Furnishings,"Howard Miller 14-1/2"" Diameter Chrome Round Wall Clock",191.82,61.3824,0.0,1
Massachusetts,Furnishings,"Howard Miller 14-1/2"" Diameter Chrome Round Wall Clock",191.82,61.3824,0.0,1
Utah,Storage,Fellowes Super Stor/Drawer Files,323.1,61.389,0.0,1
Texas,Paper,"Snap-A-Way Black Print Carbonless Ruled Speed Letter, Triplicate",182.112,61.4628,0.2,1
Arizona,Paper,Xerox 1960,198.272,61.96,0.2,1
Washington,Appliances,Belkin F9G930V10-GRY 9 Outlet Surge,213.92,62.0368,0.0,1
Pennsylvania,Furnishings,"Howard Miller 13-3/4"" Diameter Brushed Chrome Round Wall Clock",496.8,62.1,0.20000000000000004,3
Colorado,Paper,Xerox 194,177.536,62.1376,0.2,1
Tennessee,Paper,Xerox 1888,177.536,62.1376,0.2,1
Oklahoma,Phones,Samsung Convoy 3,221.98,62.1544,0.0,1
Kentucky,Appliances,Belkin F9M820V08 8 Outlet Surge,214.9,62.321,0.0,1
New York,Phones,Plantronics Voyager Pro HD - Bluetooth Headset,129.98,62.3904,0.0,1
Delaware,Phones,Plantronics Voyager Pro HD - Bluetooth Headset,129.98,62.3904,0.0,1
Michigan,Accessories,Memorex Mini Travel Drive 32 GB USB 2.0 Flash Drive,160.0,62.4,0.0,1
California,Furnishings,"Seth Thomas 12"" Clock w/ Goldtone Case",183.84,62.5056,0.0,1
New York,Storage,Safco Steel Mobile File Cart,250.07999999999998,62.519999999999996,0.0,2
Kentucky,Appliances,Belkin 8-Outlet Premiere SurgeMaster II Surge Protectors,208.44,62.532,0.0,1
California,Paper,"REDIFORM Incoming/Outgoing Call Register, 11"" X 8 1/2"", 100 Messages",125.1,62.55,0.0,3
Minnesota,Binders,GBC ProClick Punch Binding System,127.96,62.7004,0.0,1
California,Accessories,Memorex Micro Travel Drive 32 GB,146.04,62.797200000000004,0.0,2
Pennsylvania,Envelopes,Jet-Pak Recycled Peel 'N' Seal Padded Mailers,200.984,62.8075,0.2,1
North Carolina,Envelopes,Jet-Pak Recycled Peel 'N' Seal Padded Mailers,200.984,62.8075,0.2,1
Oklahoma,Tables,Bevis Boat-Shaped Conference Table,262.11,62.9064,0.0,1
Washington,Binders,"Avery Trapezoid Extra Heavy Duty 4"" Binders",167.76,62.91,0.2,1
Delaware,Binders,"Wilson Jones Elliptical Ring 3 1/2"" Capacity Binders, 800 sheets",128.4,62.916,0.0,1
Kansas,Phones,Plantronics Encore H101 Dual Earpieces Headset,224.75,62.93,0.0,1
Arizona,Phones,netTALK DUO VoIP Telephone Service,167.968,62.988,0.2,1
Texas,Phones,netTALK DUO VoIP Telephone Service,167.968,62.988,0.2,1
California,Phones,Ooma Telo VoIP Home Phone System,1007.92,62.995,0.20000000000000004,3
New York,Binders,Deluxe Heavy-Duty Vinyl Round Ring Binder,201.696,63.03,0.2,2
California,Storage,"Tenex Personal Project File with Scoop Front Design, Black",242.64000000000001,63.0864,0.0,3
Washington,Tables,"Riverside Furniture Oval Coffee Table, Oval End Table, End Table with Drawer",286.85,63.107,0.0,1
Maryland,Envelopes,"White Envelopes, White Envelopes with Clear Poly Window",137.25,63.135,0.0,1
Indiana,Furnishings,Eldon Antistatic Chair Mats for Low to Medium Pile Carpets,1052.9,63.174,0.0,2
New York,Furnishings,"Seth Thomas 14"" Day/Date Wall Clock",170.88,63.2256,0.0,2
Delaware,Storage,"Companion Letter/Legal File, Black",226.56,63.4368,0.0,1
California,Storage,"Companion Letter/Legal File, Black",226.56,63.4368,0.0,1
California,Furnishings,"Tenex Traditional Chairmats for Medium Pile Carpet, Standard Lip, 36"" x 48""",303.25,63.6825,0.0,1
New York,Chairs,"Leather Task Chair, Black",573.174,63.686,0.1,1
New York,Paper,Xerox 1887,132.79,63.7392,0.0,1
Illinois,Paper,Xerox 1940,175.872,63.7536,0.2,1
California,Accessories,Maxell DVD-RAM Discs,148.32,63.7776,0.0,1
Washington,Accessories,Imation Secure Drive + Hardware Encrypted USB flash drive - 16 GB,265.93,63.8232,0.0,1
California,Tables,"SAFCO PlanMaster Boards, 60w x 37-1/2d, White Melamine",851.144,63.835800000000006,0.2,2
California,Accessories,Kensington K72356US Mouse-in-a-Box USB Desktop Mouse,182.49,63.8715,0.0,3
Washington,Envelopes,"Tyvek  Top-Opening Peel & Seel Envelopes, Plain White",135.9,63.873,0.0,1
New York,Chairs,"Situations Contoured Folding Chairs, 4/Set",383.292,63.882,0.10000000000000002,3
New York,Chairs,"Global Value Mid-Back Manager's Chair, Gray",383.607,63.9345,0.1,1
Arkansas,Accessories,Microsoft Wireless Mobile Mouse 4000,199.95,63.984,0.0,1
Michigan,Accessories,Microsoft Wireless Mobile Mouse 4000,199.95,63.984,0.0,1
North Carolina,Appliances,Kensington 7 Outlet MasterPiece Power Center,569.536,64.0728,0.2,1
California,Binders,"Green Canvas Binder for 8-1/2"" x 14"" Sheets",171.2,64.2,0.2,1
Indiana,Binders,"Green Canvas Binder for 8-1/2"" x 14"" Sheets",128.4,64.2,0.0,1
California,Appliances,Holmes 99% HEPA Air Purifier,194.94,64.33019999999999,0.0,2
New Hampshire,Furnishings,"Tenex Contemporary Contur Chairmats for Low and Medium Pile Carpet, Computer, 39"" x 49""",322.59,64.518,0.0,1
New York,Furnishings,"Tenex Contemporary Contur Chairmats for Low and Medium Pile Carpet, Computer, 39"" x 49""",322.59,64.518,0.0,1
California,Binders,Premium Transparent Presentation Covers by GBC,184.624,64.61840000000001,0.2,2
Texas,Accessories,Plantronics S12 Corded Telephone Headset System,258.696,64.674,0.2,1
Pennsylvania,Accessories,Plantronics S12 Corded Telephone Headset System,258.696,64.674,0.2,1
Maryland,Chairs,"Global Stack Chair with Arms, Black",239.84,64.7568,0.0,1
Wisconsin,Phones,Innergie mMini Combo Duo USB Travel Charging Kit,134.97,64.7856,0.0,1
Texas,Accessories,Kensington Orbit Wireless Mobile Trackball for PC and Mac,431.928,64.7892,0.2,1
Colorado,Accessories,Kensington Orbit Wireless Mobile Trackball for PC and Mac,431.928,64.7892,0.2,1
California,Binders,GBC Prestige Therm-A-Bind Covers,192.13600000000002,64.8459,0.2,2
New York,Chairs,"Iceberg Nesting Folding Chair, 19w x 6d x 43h",366.786,65.2064,0.1,1
Arizona,Furnishings,"Howard Miller 13"" Diameter Pewter Finish Round Wall Clock",274.816,65.2688,0.2,2
California,Art,Boston 19500 Mighty Mite Electric Pencil Sharpener,241.8,65.286,0.0,2
North Carolina,Storage,Adjustable Depth Letter/Legal Cart,580.672,65.3256,0.2,1
California,Storage,"Mini 13-1/2 Capacity Data Binder Rack, Pearl",261.74,65.435,0.0,1
Utah,Storage,"Mini 13-1/2 Capacity Data Binder Rack, Pearl",261.74,65.435,0.0,1
California,Paper,Xerox 191,139.86,65.7342,0.0,3
Washington,Paper,Xerox 191,139.86,65.7342,0.0,1
Georgia,Accessories,Logitech 910-002974 M325 Wireless Mouse for Web Scrolling,149.95,65.978,0.0,1
Idaho,Appliances,"Conquest 14 Commercial Heavy-Duty Upright Vacuum, Collection System, Accessory Kit",227.84,66.0736,0.0,1
California,Phones,Logitech Mobile Speakerphone P710e - speaker phone,755.8879999999999,66.14020000000001,0.2,2
Texas,Phones,Cisco 8x8 Inc. 6753i IP Business Phone System,755.944,66.1451,0.2,1
Washington,Appliances,Belkin 7 Outlet SurgeMaster II,236.88,66.3264,0.0,1
Michigan,Binders,Wilson Jones Heavy-Duty Casebound Ring Binders with Metal Hinges,138.56,66.5088,0.0,1
Ohio,Storage,Deluxe Rollaway Locking File with Drawer,665.408,66.5408,0.2,1
New York,Furnishings,"Floodlight Indoor Halogen Bulbs, 1 Bulb per Pack, 60 Watts",135.8,66.542,0.0,1
California,Furnishings,"Floodlight Indoor Halogen Bulbs, 1 Bulb per Pack, 60 Watts",135.8,66.542,0.0,2
California,Labels,Avery 475,133.2,66.6,0.0,3
Indiana,Labels,Avery 475,133.2,66.6,0.0,1
Massachusetts,Paper,Xerox 1906,141.76,66.6272,0.0,1
California,Phones,Polycom SoundPoint Pro SE-225 Corded phone,666.344,66.6344,0.2,1
Michigan,Storage,"SAFCO Mobile Desk Side File, Wire Frame",256.56,66.7056,0.0,2
California,Appliances,Fellowes Advanced Computer Series Surge Protectors,238.40999999999997,66.7548,0.0,3
New Hampshire,Accessories,Logitech G19 Programmable Gaming Keyboard,371.97,66.9546,0.0,1
New York,Accessories,Logitech G19 Programmable Gaming Keyboard,371.97,66.9546,0.0,1
Indiana,Tables,KI Adjustable-Height Table,257.94,67.0644,0.0,1
Texas,Machines,Canon PC170 Desktop Personal Copier,575.82,67.179,0.4,2
Missouri,Accessories,Sony Micro Vault Click 16 GB USB 2.0 Flash Drive,279.95,67.188,0.0,1
New York,Phones,Mophie Juice Pack Helium for iPhone,239.97,67.1916,0.0,1
Georgia,Phones,Mophie Juice Pack Helium for iPhone,239.97,67.1916,0.0,1
Maryland,Phones,GE 30522EE2,231.98,67.2742,0.0,1
California,Binders,Fellowes Binding Cases,215.28,67.275,0.20000000000000004,3
New York,Phones,Avaya 5420 Digital phone,269.98,67.495,0.0,1
New Jersey,Storage,"Fellowes Strictly Business Drawer File, Letter/Legal Size",563.4,67.608,0.0,1
Vermont,Accessories,Logitech ClearChat Comfort/USB Headset H390,205.03,67.6599,0.0,1
California,Accessories,Imation 16GB Mini TravelDrive USB 2.0 Flash Drive,165.65,67.9165,0.0,2
Colorado,Chairs,"Global Manager's Adjustable Task Chair, Storm",603.9200000000001,67.941,0.2,2
Georgia,Tables,"Iceberg OfficeWorks 42"" Round Tables",452.94,67.941,0.0,1
Pennsylvania,Envelopes,Airmail Envelopes,201.432,67.9833,0.2,1
Virginia,Phones,Nortel Networks T7316 E Nt8 B27,271.96,67.99,0.0,1
California,Phones,Adtran 1202752G1,907.1279999999999,68.0346,0.20000000000000004,3
California,Appliances,Harmony Air Purifier,189.0,68.04,0.0,1
Washington,Phones,Cisco Unified IP Phone 7945G VoIP phone,1091.168,68.198,0.2,1
California,Phones,Konftel 250 Conference phone - Charcoal black,911.424,68.3568,0.2,1
New Hampshire,Art,"Hunt PowerHouse Electric Pencil Sharpener, Blue",227.88,68.364,0.0,1
Indiana,Appliances,Belkin F9H710-06 7 Outlet SurgeMaster Surge Protector,244.92000000000002,68.5776,0.0,2
California,Storage,Eldon Mobile Mega Data Cart  Mega Stackable  Add-On Trays,236.5,68.585,0.0,1
California,Phones,Plantronics Calisto P620-M USB Wireless Speakerphone System,783.96,68.5965,0.2,1
Mississippi,Art,Panasonic KP-150 Electric Pencil Sharpener,264.18,68.6868,0.0,1
New York,Appliances,Eureka The Boss Cordless Rechargeable Stick Vac,254.9,68.823,0.0,1
Wisconsin,Appliances,Belkin 8 Outlet Surge Protector,245.88,68.8464,0.0,1
California,Paper,Xerox 1917,146.73,68.9631,0.0,1
New York,Paper,Tops White Computer Printout Paper,146.73,68.9631,0.0,1
California,Paper,Xerox 1943,146.73,68.9631,0.0,1
New York,Paper,Xerox 1886,143.7,68.976,0.0,1
New Jersey,Paper,Xerox 1886,143.7,68.976,0.0,1
Ohio,Furnishings,"Howard Miller 13"" Diameter Goldtone Round Wall Clock",262.864,69.0018,0.2,1
Virginia,Binders,GBC VeloBinder Manual Binding System,143.96,69.1008,0.0,1
California,Accessories,Maxell LTO Ultrium - 800 GB,363.87,69.1353,0.0,2
Michigan,Paper,Xerox 1885,144.12,69.1776,0.0,1
Michigan,Paper,Xerox 1910,144.12,69.1776,0.0,1
Virginia,Furnishings,DAX Wood Document Frame,192.22,69.1992,0.0,1
California,Phones,Jackery Bar Premium Fast-charging Portable Charger,191.68,69.484,0.2,2
New York,Furnishings,9-3/4 Diameter Round Wall Clock,165.48000000000002,69.5016,0.0,2
Texas,Phones,Digium D40 VoIP phone,619.152,69.6546,0.2,1
Virginia,Bookcases,"Bush Westfield Collection Bookcases, Fully Assembled",302.94,69.6762,0.0,1
Virginia,Paper,Xerox 1988,154.9,69.705,0.0,1
Texas,Paper,Xerox 197,223.056,69.705,0.2,1
California,Paper,Xerox 1925,154.9,69.705,0.0,2
Massachusetts,Paper,Xerox 197,154.9,69.705,0.0,1
Colorado,Paper,Xerox 1988,223.056,69.705,0.2,1
California,Binders,GBC Twin Loop Wire Binding Elements,186.368,69.888,0.2,2
Kansas,Binders,Ibico Plastic Spiral Binding Combs,152.0,69.92,0.0,1
Texas,Envelopes,"Blue String-Tie & Button Interoffice Envelopes, 10 x 13",223.888,69.965,0.2,1
Pennsylvania,Copiers,Canon PC-428 Personal Copier,599.97,69.9965,0.4,1
Ohio,Copiers,Canon Imageclass D680 Copier / Fax,839.988,69.999,0.4,1
Michigan,Tables,Bevis 44 x 96 Conference Tables,411.8,70.006,0.0,1
Georgia,Tables,Bevis 44 x 96 Conference Tables,411.8,70.006,0.0,1
Arkansas,Binders,Binding Machine Supplies,145.85,70.008,0.0,1
Washington,Storage,Advantus Rolling Drawer Organizers,269.36,70.0336,0.0,1
Nevada,Accessories,Logitech Illuminated Ultrathin Keyboard with Backlighting,170.97,70.0977,0.0,1
Kentucky,Storage,Fellowes Bankers Box Staxonsteel Drawer File/Stacking System,584.82,70.1784,0.0,1
Michigan,Chairs,High-Back Leather Manager's Chair,779.94,70.1946,0.0,2
Nevada,Phones,Motorola L703CM,1123.128,70.1955,0.2,1
Tennessee,Chairs,Global Leather Executive Chair,561.584,70.198,0.2,1
Arkansas,Accessories,Microsoft Sculpt Comfort Mouse,159.8,70.312,0.0,1
Indiana,Accessories,Microsoft Sculpt Comfort Mouse,159.8,70.312,0.0,1
New York,Appliances,Belkin Premiere Surge Master II 8-outlet surge protector,242.9,70.441,0.0,1
Michigan,Binders,Premium Transparent Presentation Covers by GBC,146.86,70.4928,0.0,1
New York,Accessories,KeyTronic 6101 Series - Keyboard - Black,163.96,70.5028,0.0,1
Maryland,Binders,GBC Recycled VeloBinder Covers,153.36,70.5456,0.0,1
Florida,Phones,HTC One Mini,705.544,70.5544,0.2,1
North Carolina,Phones,GE 30524EE4,627.168,70.5564,0.2,1
Nevada,Furnishings,"Howard Miller 12"" Round Wall Clock",196.45,70.722,0.0,1
Alabama,Chairs,"Global Wood Trimmed Manager's Task Chair, Khaki",545.88,70.9644,0.0,1
Kentucky,Chairs,"Situations Contoured Folding Chairs, 4/Set",283.92,70.98,0.0,1
Michigan,Appliances,"Eureka The Boss Plus 12-Amp Hard Box Upright Vacuum, Red",376.74,71.162,0.1,1
Virginia,Furnishings,"3M Polarizing Task Lamp with Clamp Arm, Light Gray",273.96,71.2296,0.0,1
Michigan,Furnishings,"3M Polarizing Task Lamp with Clamp Arm, Light Gray",273.96,71.2296,0.0,1
New York,Art,Boston 1645 Deluxe Heavier-Duty Electric Pencil Sharpener,263.88,71.2476,0.0,1
Indiana,Phones,Samsung Rugby III,263.96,71.2692,0.0,1
New York,Phones,AT&T SB67148 SynJ,263.96,71.2692,0.0,1
Alabama,Accessories,Logitech G500s Laser Gaming Mouse with Adjustable Weight Tuning,209.97,71.3898,0.0,1
Connecticut,Storage,Recycled Steel Personal File for Hanging File Folders,286.15,71.5375,0.0,1
Washington,Furnishings,12-1/2 Diameter Round Wall Clock,199.8,71.928,0.0,1
Wisconsin,Phones,Cisco SPA 502G IP Phone,239.9,71.97,0.0,1
California,Phones,Wilson SignalBoost 841262 DB PRO Amplifier Kit,575.92,71.99,0.2,1
New Jersey,Accessories,Razer Kraken PRO Over Ear PC and Music Headset,239.97,71.991,0.0,1
Texas,Phones,Motorola Droid Maxx,719.952,71.9952,0.2,1
Michigan,Appliances,Honeywell Quietcare HEPA Air Cleaner,283.14,72.358,0.1,1
New York,Chairs,DMI Arturo Collection Mission-style Design Wood Chair,407.646,72.4704,0.1,2
Michigan,Chairs,Office Star Flex Back Scooter Chair with Aluminum Finish Frame,302.67,72.6408,0.0,1
Oklahoma,Chairs,Office Star Flex Back Scooter Chair with Aluminum Finish Frame,302.67,72.6408,0.0,1
Pennsylvania,Phones,Plantronics Voyager Pro HD - Bluetooth Headset,545.916,72.7888,0.4,1
New York,Furnishings,Luxo Professional Magnifying Clamp-On Fluorescent Lamps,520.05,72.807,0.0,1
Indiana,Paper,Xerox 1909,158.28,72.8088,0.0,1
Nebraska,Phones,Cisco 8x8 Inc. 6753i IP Business Phone System,269.98,72.8946,0.0,1
Florida,Appliances,"Acco 7-Outlet Masterpiece Power Center, Wihtout Fax/Phone Line Protection",583.584,72.948,0.2,2
California,Phones,Wi-Ex zBoost YX540 Cellular Phone Signal Booster,583.8,72.975,0.2,1
California,Chairs,"Hon Deluxe Fabric Upholstered Stacking Chairs, Rounded Back",585.552,73.194,0.2,1
Washington,Chairs,"Hon Deluxe Fabric Upholstered Stacking Chairs, Squared Back",585.552,73.194,0.2,1
California,Appliances,Fellowes Command Center 5-outlet power strip,271.36,73.2672,0.0,2
New York,Binders,Surelock Post Binders,195.584,73.344,0.2,2
Connecticut,Paper,Xerox 1890,146.82,73.41,0.0,1
California,Paper,Tops Green Bar Computer Printout Paper,146.82,73.41,0.0,1
California,Paper,Xerox 1916,146.82,73.41,0.0,1
Maryland,Paper,Xerox 1942,146.82,73.41,0.0,1
New York,Phones,"Plantronics CS 50-USB - headset - Convertible, Monaural",271.98,73.4346,0.0,2
California,Paper,"Xerox Color Copier Paper, 11"" x 17"", Ream",159.88,73.5448,0.0,1
California,Appliances,3M Replacement Filter for Office Air Cleaner for 20' x 33' Room,189.60000000000002,73.944,0.0,2
Washington,Binders,"GBC Velobind Prepunched Cover Sets, Regency Series",236.67199999999997,73.96000000000001,0.2,2
California,Binders,"GBC Velobind Prepunched Cover Sets, Regency Series",236.67199999999997,73.96000000000001,0.2,2
Texas,Paper,Easy-staple paper,219.232,73.9908,0.2,5
California,Labels,Alphabetical Labels for Top Tab Filing,148.0,74.0,0.0,3
Georgia,Binders,Tuf-Vin Binders,157.9,74.213,0.0,1
New York,Labels,"Avery Address/Shipping Labels for Typewriters, 4"" x 2""",155.25,74.52000000000001,0.0,3
New Jersey,Art,Sanford 52201 APSCO Electric Pencil Sharpener,286.79,74.5654,0.0,1
Tennessee,Chairs,SAFCO Arco Folding Chair,662.88,74.574,0.2,1
Georgia,Binders,GBC DocuBind P100 Manual Binding Machine,165.98,74.691,0.0,1
Kentucky,Furnishings,"Howard Miller 16"" Diameter Gallery Wall Clock",191.82,74.8098,0.0,1
Washington,Furnishings,"Howard Miller 16"" Diameter Gallery Wall Clock",191.82,74.8098,0.0,1
Kansas,Phones,Digium D40 VoIP phone,257.98,74.8142,0.0,1
Michigan,Phones,Digium D40 VoIP phone,257.98,74.8142,0.0,1
Connecticut,Phones,Digium D40 VoIP phone,257.98,74.8142,0.0,1
New Jersey,Phones,Digium D40 VoIP phone,257.98,74.8142,0.0,1
Alabama,Binders,Canvas Sectional Post Binders,152.76,74.8524,0.0,1
Michigan,Phones,Panasonic KX T7736-B Digital phone,299.9,74.975,0.0,1
New York,Phones,Panasonic KX T7736-B Digital phone,299.9,74.975,0.0,1
Ohio,Copiers,Hewlett Packard 610 Color Digital Copier / Printer,899.982,74.9985,0.4,1
California,Binders,GBC Recycled VeloBinder Covers,231.744,75.3168,0.20000000000000004,3
California,Appliances,Staple holder,279.12,75.3624,0.0,6
Virginia,Tables,Hon 2111 Invitation Series Corner Table,1256.22,75.3732,0.0,1
Colorado,Chairs,"Global Airflow Leather Mesh Back Chair, Black",603.92,75.49,0.2,1
Pennsylvania,Furnishings,Luxo Professional Fluorescent Magnifier Lamp with Clamp-Mount Base,1007.232,75.5424,0.2,1
Arkansas,Accessories,Logitech Trackman Marble Mouse,179.94,75.5748,0.0,1
Washington,Phones,Polycom VVX 310 VoIP phone,1007.944,75.5958,0.2,1
Virginia,Chairs,Global Executive Mid-Back Manager's Chair,290.98,75.6548,0.0,1
Virginia,Tables,KI Adjustable-Height Table,343.92,75.6624,0.0,1
Virginia,Furnishings,"Tenex Chairmat w/ Average Lip, 45"" x 53""",756.8,75.68,0.0,1
New York,Furnishings,"Tenex Chairmat w/ Average Lip, 45"" x 53""",756.8,75.68,0.0,1
Delaware,Chairs,"Iceberg Nesting Folding Chair, 19w x 6d x 43h",291.1,75.686,0.0,1
California,Storage,Eldon ProFile File 'N Store Portable File Tub Letter/Legal Size Black,270.34,75.6952,0.0,1
Georgia,Bookcases,Hon 4-Shelf Metal Bookcases,302.94,75.735,0.0,1
New York,Paper,Xerox 1918,155.04,75.9696,0.0,1
Washington,Accessories,Logitech Wireless Performance Mouse MX for PC and Mac,199.98,75.9924,0.0,1
Wisconsin,Furnishings,"Advantus Employee of the Month Certificate Frame, 11 x 13-1/2",185.58,76.0878,0.0,1
Mississippi,Furnishings,"Advantus Employee of the Month Certificate Frame, 11 x 13-1/2",185.58,76.0878,0.0,1
Kentucky,Chairs,"Global Value Mid-Back Manager's Chair, Gray",304.45,76.1125,0.0,1
New York,Appliances,"Fellowes Premier Superior Surge Suppressor, 10-Outlet, With Phone and Remote",293.52,76.3152,0.0,1
Michigan,Binders,Surelock Post Binders,152.8,76.4,0.0,1
New Jersey,Furnishings,"Dana Fluorescent Magnifying Lamp, White, 36""",254.9,76.47,0.0,1
Iowa,Phones,Cisco SPA508G,263.96,76.5484,0.0,1
Georgia,Labels,Avery 485,162.89,76.5583,0.0,1
North Carolina,Accessories,Microsoft Sculpt Comfort Mouse,255.68,76.704,0.2,1
California,Phones,Mophie Juice Pack Helium for iPhone,767.904,76.7904,0.2,2
New York,Phones,Grandstream GXP1160 VoIP phone,265.37,76.95729999999999,0.0,2
New York,Furnishings,"Howard Miller 13"" Diameter Goldtone Round Wall Clock",187.76,76.9816,0.0,1
California,Furnishings,"Howard Miller 13"" Diameter Goldtone Round Wall Clock",187.76,76.9816,0.0,1
California,Chairs,Hon 4070 Series Pagoda Round Back Stacking Chairs,770.352,77.0352,0.2,1
California,Art,Newell 334,297.6,77.376,0.0,3
Washington,Envelopes,"Strathmore #10 Envelopes, Ultimate White",158.13,77.4837,0.0,1
California,Phones,Aastra 6757i CT Wireless VoIP phone,689.408,77.5584,0.2,1
Utah,Bookcases,"Global Adaptabilites Bookcase, Cherry/Storm Gray Finish",1292.94,77.5764,0.0,1
Kentucky,Chairs,Harbour Creations Steel Folding Chair,258.75,77.625,0.0,1
Arizona,Paper,Xerox 1888,221.92,77.672,0.2,1
Texas,Storage,Tennsco 16-Compartment Lockers with Coat Rack,1554.936,77.7468,0.2,1
New York,Binders,Trimflex Flexible Post Binders,222.352,77.8232,0.2,1
California,Phones,Cisco SPA301,623.96,77.995,0.2,2
California,Phones,Motorola L703CM,1247.92,77.995,0.2,2
California,Chairs,"Global Deluxe Stacking Chair, Gray",693.328,77.9994,0.20000000000000004,6
Indiana,Binders,Fellowes PB200 Plastic Comb Binding Machine,169.99,78.1954,0.0,1
Florida,Phones,Panasonic KX-TG9471B,783.96,78.396,0.2,1
Rhode Island,Bookcases,Sauder Inglewood Library Bookcases,341.96,78.6508,0.0,1
California,Appliances,Kensington 7 Outlet MasterPiece HOMEOFFICE Power Control Center,262.24,78.672,0.0,1
Mississippi,Appliances,Kensington 7 Outlet MasterPiece HOMEOFFICE Power Control Center,262.24,78.672,0.0,1
Pennsylvania,Paper,White Computer Printout Paper by Universal,217.056,78.6828,0.2,1
California,Chairs,Hon 4070 Series Pagoda Armless Upholstered Stacking Chairs,700.152,78.7671,0.2,1
Massachusetts,Phones,Cisco IP Phone 7961G VoIP phone - Dark gray,271.9,78.851,0.0,1
Colorado,Furnishings,"Howard Miller 13"" Diameter Goldtone Round Wall Clock",300.416,78.8592,0.2,1
California,Envelopes,Airmail Envelopes,167.86,78.8942,0.0,1
New York,Envelopes,Ames Color-File Green Diamond Border X-ray Mailers,167.96,78.9412,0.0,1
Georgia,Envelopes,Ames Color-File Green Diamond Border X-ray Mailers,167.96,78.9412,0.0,1
New Jersey,Phones,Jabra SPEAK 410,281.97,78.9516,0.0,1
Minnesota,Phones,Jabra SPEAK 410,281.97,78.9516,0.0,1
California,Binders,Ibico Plastic Spiral Binding Combs,243.2,79.04,0.20000000000000004,3
California,Accessories,Logitech G13 Programmable Gameboard with LCD Display,719.91,79.1901,0.0,2
Virginia,Bookcases,"Bush Andora Bookcase, Maple/Graphite Gray Finish",359.97,79.1934,0.0,1
Texas,Paper,Xerox 1914,219.84,79.692,0.2,1
California,Art,"Hunt PowerHouse Electric Pencil Sharpener, Blue",265.86,79.758,0.0,1
Virginia,Art,"Hunt PowerHouse Electric Pencil Sharpener, Blue",265.86,79.758,0.0,1
Michigan,Furnishings,Luxo Professional Combination Clamp-On Lamps,306.9,79.794,0.0,1
Massachusetts,Paper,Xerox 1913,166.44,79.8912,0.0,1
New Jersey,Paper,Xerox 1913,166.44,79.8912,0.0,1
California,Paper,Xerox 1888,166.44,79.8912,0.0,1
California,Paper,"Eaton Premium Continuous-Feed Paper, 25% Cotton, Letter Size, White, 1000 Shts/Box",166.44,79.8912,0.0,1
Utah,Paper,Xerox 1888,166.44,79.8912,0.0,1
Delaware,Paper,Xerox 194,166.44,79.8912,0.0,1
Virginia,Chairs,Office Star - Contemporary Task Swivel Chair,332.94,79.9056,0.0,1
New York,Storage,"Recycled Data-Pak for Archival Bound Computer Printouts, 12-1/2 x 12-1/2 x 16",296.37,80.0199,0.0,1
Michigan,Storage,"Recycled Data-Pak for Archival Bound Computer Printouts, 12-1/2 x 12-1/2 x 16",296.37,80.0199,0.0,1
Washington,Tables,Balt Solid Wood Round Tables,892.98,80.3682,0.0,1
Oregon,Accessories,Logitech Wireless Marathon Mouse M705,279.944,80.4839,0.2,1
Wisconsin,Binders,GBC Prestige Therm-A-Bind Covers,171.55,80.6285,0.0,1
Washington,Storage,"Dual Level, Single-Width Filing Carts",310.12,80.6312,0.0,1
New York,Phones,Vtech CS6719,287.97,80.6316,0.0,1
California,Phones,VTech DS6151,806.336,80.6336,0.2,2
Iowa,Phones,Geemarc AmpliPOWER60,278.4,80.736,0.0,1
New York,Chairs,"Metal Folding Chairs, Beige, 4/Carton",427.644,80.7772,0.1,1
Virginia,Chairs,Hon Valutask Swivel Chairs,504.9,80.784,0.0,1
Ohio,Appliances,Avanti 1.7 Cu. Ft. Refrigerator,807.84,80.784,0.2,2
California,Paper,Green Bar Computer Printout Paper,164.88,80.7912,0.0,1
Utah,Paper,Green Bar Computer Printout Paper,164.88,80.7912,0.0,1
Maryland,Paper,Green Bar Computer Printout Paper,164.88,80.7912,0.0,1
Washington,Accessories,Microsoft Natural Keyboard Elite,538.92,80.838,0.0,1
California,Machines,Lexmark S315 Color Inkjet Printer,239.976,80.9919,0.2,1
Michigan,Storage,Fellowes High-Stak Drawer Files,352.38,81.0474,0.0,1
California,Storage,Fellowes High-Stak Drawer Files,352.38,81.0474,0.0,1
Connecticut,Storage,Fellowes Staxonsteel Drawer Files,579.51,81.1314,0.0,1
Oklahoma,Chairs,Hon Mobius Operator's Chair,368.97,81.1734,0.0,1
Georgia,Chairs,Hon Mobius Operator's Chair,368.97,81.1734,0.0,1
California,Envelopes,Staple envelope,171.5,81.2152,0.0,6
Michigan,Envelopes,Tyvek Side-Opening Peel & Seel Expanding Envelopes,180.96,81.432,0.0,1
Indiana,Envelopes,Tyvek Side-Opening Peel & Seel Expanding Envelopes,180.96,81.432,0.0,1
Minnesota,Chairs,Global Super Steno Chair,479.9,81.583,0.0,1
North Carolina,Accessories,Logitech Wireless Gaming Headset G930,383.976,81.5949,0.2,1
Florida,Accessories,Logitech Wireless Gaming Headset G930,383.976,81.5949,0.2,1
Illinois,Storage,Adjustable Depth Letter/Legal Cart,725.84,81.657,0.2,2
California,Binders,Binding Machine Supplies,233.35999999999999,81.676,0.2,4
California,Furnishings,"Computer Room Manger, 14""",227.36,81.8496,0.0,1
New York,Furnishings,"Seth Thomas 14"" Putty-Colored Wall Clock",264.06,81.8586,0.0,3
Maryland,Binders,Avery Arch Ring Binders,174.3,81.921,0.0,1
Wisconsin,Furnishings,Deflect-o Glass Clear Studded Chair Mats,373.08,82.0776,0.0,1
New York,Paper,Xerox 1934,167.94,82.2906,0.0,1
Indiana,Paper,Easy-staple paper,167.94,82.2906,0.0,1
Washington,Paper,Xerox 1882,167.94,82.2906,0.0,1
Delaware,Bookcases,"Hon Metal Bookcases, Putty",283.92,82.3368,0.0,1
Texas,Phones,Mitel MiVoice 5330e IP Phone,1099.96,82.497,0.2,1
California,Phones,Jabra SPEAK 410,827.112,82.71119999999999,0.2,2
Kentucky,Accessories,Anker Ultra-Slim Mini Bluetooth 3.0 Wireless Keyboard,359.82,82.7586,0.0,2
Ohio,Appliances,Kensington 7 Outlet MasterPiece Power Center with Fax/Phone Line Protection,663.936,82.992,0.2,1
California,Accessories,Sony 64GB Class 10 Micro SDHC R40 Memory Card,395.89,83.1369,0.0,3
Pennsylvania,Paper,Xerox 1919,229.544,83.2097,0.2,1
North Carolina,Paper,Xerox 1945,229.544,83.2097,0.2,1
Massachusetts,Bookcases,O'Sullivan 2-Door Barrister Bookcase in Odessa Pine,361.96,83.2508,0.0,1
Missouri,Supplies,Martin Yale Chadless Opener Electric Letter Opener,4164.05,83.281,0.0,1
Virginia,Supplies,Martin Yale Chadless Opener Electric Letter Opener,4164.05,83.281,0.0,1
Indiana,Paper,Xerox 1906,177.2,83.284,0.0,1
New Jersey,Paper,Easy-staple paper,177.2,83.284,0.0,1
Wisconsin,Phones,LG Electronics Tone+ HBS-730 Bluetooth Headset,297.55,83.314,0.0,1
New York,Binders,GBC Prestige Therm-A-Bind Covers,247.03199999999998,83.3733,0.2,2
Arizona,Phones,Plantronics HL10 Handset Lifter,742.336,83.5128,0.2,1
New Jersey,Art,Boston Heavy-Duty Trimline Electric Pencil Sharpeners,289.2,83.868,0.0,1
Illinois,Accessories,Logitech Illuminated - Keyboard,239.96,83.986,0.2,1
Rhode Island,Accessories,Logitech G700s Rechargeable Gaming Mouse,199.98,83.9916,0.0,1
New York,Accessories,Logitech G700s Rechargeable Gaming Mouse,199.98,83.9916,0.0,1
Michigan,Phones,Polycom CX300 Desktop Phone USB VoIP phone,299.98,83.9944,0.0,1
Michigan,Phones,Motorola Droid Maxx,299.98,83.9944,0.0,1
New York,Paper,Xerox 1964,182.72,84.0512,0.0,1
California,Binders,"Performers Binder/Pad Holder, Black",224.24,84.09,0.20000000000000004,3
New York,Binders,Wilson Jones Century Plastic Molded Ring Binders,249.24,84.1185,0.20000000000000004,3
Florida,Storage,"24 Capacity Maxi Data Binder Racks, Pearl",1347.52,84.22,0.2,1
Alabama,Chairs,Office Star - Professional Matrix Back Chair with 2-to-1 Synchro Tilt and Mesh Fabric Seat,350.98,84.2352,0.0,1
California,Phones,ShoreTel ShorePhone IP 230 VoIP phone,675.96,84.495,0.2,1
California,Chairs,Global Comet Stacking Arm Chair,1352.032,84.502,0.2,1
Massachusetts,Storage,"Fellowes Strictly Business Drawer File, Letter/Legal Size",704.25,84.51,0.0,1
Wisconsin,Paper,Xerox 191,179.82,84.5154,0.0,1
Colorado,Appliances,Kensington 4 Outlet MasterPiece Compact Power Control Center,845.728,84.5728,0.2,1
Florida,Phones,Samsung Galaxy S4 Mini,751.984,84.5982,0.2,1
Texas,Accessories,Enermax Acrylux Wireless Keyboard,398.4,84.66,0.2,1
New Hampshire,Paper,Xerox 1935,184.66,84.9436,0.0,1
Georgia,Paper,Xerox 1935,184.66,84.9436,0.0,1
California,Phones,Panasonic KX TS3282W Corded phone,679.92,84.99,0.20000000000000004,3
Maryland,Furnishings,"Howard Miller 11-1/2"" Diameter Ridgewood Wall Clock",207.76,85.1816,0.0,1
Florida,Phones,Cisco Unified IP Phone 7945G VoIP phone,1363.96,85.2475,0.2,1
North Carolina,Phones,Cisco Unified IP Phone 7945G VoIP phone,1363.96,85.2475,0.2,1
Florida,Labels,"Dot Matrix Printer Tape Reel Labels, White, 5000/Box",235.944,85.5297,0.2,1
California,Phones,"Plantronics CS 50-USB - headset - Convertible, Monaural",979.1279999999999,85.6737,0.2,2
Pennsylvania,Accessories,Hypercom P1300 Pinpad,403.2,85.68,0.2,2
Arkansas,Envelopes,"Tyvek Interoffice Envelopes, 9 1/2"" x 12 1/2"", 100/Box",182.94,85.9818,0.0,1
New Jersey,Phones,AT&T 841000 Phone,345.0,86.25,0.0,1
New York,Accessories,Logitech G600 MMO Gaming Mouse,239.96999999999997,86.38919999999999,0.0,2
Washington,Accessories,Logitech G600 MMO Gaming Mouse,239.97,86.3892,0.0,1
California,Accessories,Logitech G602 Wireless Gaming Mouse,239.97,86.3892,0.0,1
North Carolina,Phones,Jabra Supreme Plus Driver Edition Headset,863.928,86.3928,0.2,1
New York,Paper,Xerox 1881,184.2,86.574,0.0,3
California,Chairs,Global Ergonomic Managers Chair,1158.272,86.8704,0.2,2
Texas,Envelopes,Staple envelope,242.24,87.071,0.2,7
Tennessee,Appliances,Hoover WindTunnel Plus Canister Vacuum,871.8,87.18,0.2,1
California,Chairs,"Lifetime Advantage Folding Chairs, 4/Carton",872.32,87.232,0.2,2
Kentucky,Chairs,"Global Leather and Oak Executive Chair, Black",300.98,87.2842,0.0,1
South Carolina,Chairs,Global Highback Leather Tilter in Burgundy,545.94,87.3504,0.0,1
Michigan,Chairs,"Global Manager's Adjustable Task Chair, Storm",301.96,87.5684,0.0,1
South Carolina,Envelopes,Cameo Buff Policy Envelopes,186.69,87.7443,0.0,1
Connecticut,Accessories,Microsoft Sculpt Comfort Mouse,199.75,87.89,0.0,1
Texas,Accessories,Razer Kraken PRO Over Ear PC and Music Headset,703.912,87.989,0.20000000000000004,3
Washington,Accessories,Razer Kraken 7.1 Surround Sound Over Ear USB Gaming Headset,199.98,87.9912,0.0,1
California,Phones,Samsung Galaxy Note 3,703.968,87.996,0.2,1
Ohio,Storage,Smead Adjustable Mobile File Trolley with Lockable Top,1006.056,88.0299,0.2,1
New York,Phones,Jackery Bar Premium Fast-charging Portable Charger,179.7,88.053,0.0,1
Florida,Paper,Xerox 1915,251.64,88.074,0.2,1
Florida,Paper,Xerox 1941,251.64,88.074,0.2,1
California,Binders,GBC Premium Transparent Covers with Diagonal Lined Pattern,251.76,88.116,0.2,4
New Mexico,Accessories,Logitech Wireless Headset H600 Over-The-Head Design,214.95,88.1295,0.0,1
California,Accessories,Microsoft Natural Ergonomic Keyboard 4000,419.85999999999996,88.17060000000001,0.0,3
Texas,Phones,Innergie mMini Combo Duo USB Travel Charging Kit,251.944,88.1804,0.2,1
New York,Labels,Avery 485,187.95,88.3365,0.0,3
Massachusetts,Accessories,Logitech G35 7.1-Channel Surround Sound Headset,259.98,88.3932,0.0,1
California,Binders,Fellowes PB200 Plastic Comb Binding Machine,271.984,88.3948,0.2,1
Texas,Phones,Polycom VoiceStation 500 Conference phone,1415.76,88.485,0.2,1
Massachusetts,Chairs,"Situations Contoured Folding Chairs, 4/Set",354.9,88.725,0.0,1
Georgia,Bookcases,"Hon Metal Bookcases, Black",354.9,88.725,0.0,1
Kentucky,Appliances,"Fellowes Premier Superior Surge Suppressor, 10-Outlet, With Phone and Remote",342.44,89.0344,0.0,2
Washington,Paper,"Snap-A-Way Black Print Carbonless Ruled Speed Letter, Triplicate",189.7,89.159,0.0,1
Arizona,Furnishings,"GE 48"" Fluorescent Tube, Cool White Energy Saver, 34 Watts, 30/Box",238.152,89.307,0.2,1
Delaware,Phones,Nortel Meridian M3904 Professional Digital phone,307.98,89.3142,0.0,1
Colorado,Accessories,Logitech G430 Surround Sound Gaming Headset with Dolby 7.1 Technology,447.944,89.5888,0.2,1
Mississippi,Appliances,"Eureka The Boss Lite 10-Amp Upright Vacuum, Blue",320.64,89.7792,0.0,1
New York,Envelopes,"Blue String-Tie & Button Interoffice Envelopes, 10 x 13",199.89999999999998,89.955,0.0,3
Maryland,Envelopes,"Blue String-Tie & Button Interoffice Envelopes, 10 x 13",199.9,89.955,0.0,1
Washington,Accessories,First Data TMFD35 PIN Pad,428.4,89.964,0.0,1
Texas,Phones,Blue Parrot B250XT Professional Grade Wireless Bluetooth Headset with,719.904,89.988,0.2,2
Illinois,Accessories,Logitech Wireless Headset h800,479.952,89.991,0.2,1
Washington,Copiers,Hewlett Packard 310 Color Digital Copier,299.99,89.997,0.0,1
Florida,Copiers,Brother DCP1000 Digital 3 in 1 Multifunction Machine,479.984,89.997,0.2,1
New York,Copiers,Brother DCP1000 Digital 3 in 1 Multifunction Machine,479.984,89.997,0.2,1
California,Paper,Personal Creations Ink Jet Cards and Labels,183.68,90.00319999999999,0.0,2
Virginia,Machines,"Epson WorkForce WF-2530 All-in-One Printer, Copier Scanner",209.97,90.2871,0.0,1
Kentucky,Chairs,"Global Airflow Leather Mesh Back Chair, Black",301.96,90.588,0.0,1
Illinois,Envelopes,Airmail Envelopes,268.576,90.6444,0.2,1
Pennsylvania,Appliances,Harmony Air Purifier,453.6,90.72,0.2,1
Minnesota,Appliances,"Belkin 325VA UPS Surge Protector, 6'",362.94,90.735,0.0,1
New York,Appliances,"Holmes Replacement Filter for HEPA Air Cleaner, Very Large Room, HEPA Filter",206.43,90.8292,0.0,1
California,Chairs,Hon Multipurpose Stacking Arm Chairs,1212.96,90.972,0.2,1
California,Phones,RCA ViSYS 25825 Wireless digital phone,727.944,90.993,0.2,2
Massachusetts,Paper,Xerox 1939,189.7,91.056,0.0,1
Washington,Art,"Hunt PowerHouse Electric Pencil Sharpener, Blue",303.84,91.152,0.0,1
Montana,Accessories,Memorex Mini Travel Drive 64 GB USB 2.0 Flash Drive,217.44,91.3248,0.0,1
California,Storage,Eldon Portable Mobile Manager,339.36,91.6272,0.0,4
New Jersey,Accessories,Logitech Gaming G510s - Keyboard,254.97,91.7892,0.0,1
California,Binders,"Wilson Jones Ledger-Size, Piano-Hinge Binder, 2"", Blue",262.272,91.7952,0.2,2
Georgia,Paper,Tops White Computer Printout Paper,195.64,91.9508,0.0,1
Rhode Island,Paper,Xerox 1917,195.64,91.9508,0.0,1
Wisconsin,Paper,Xerox 1917,195.64,91.9508,0.0,1
Virginia,Paper,Xerox 1911,191.6,91.968,0.0,1
New York,Paper,Computer Printout Paper with Letter-Trim Fine Perforations,191.6,91.968,0.0,1
Pennsylvania,Accessories,Razer Tiamat Over Ear 7.1 Surround Sound PC Gaming Headset,319.984,91.9954,0.2,1
Washington,Paper,Xerox 1937,192.16,92.2368,0.0,1
New York,Accessories,Logitech 910-002974 M325 Wireless Mouse for Web Scrolling,209.93,92.3692,0.0,2
Idaho,Furnishings,Luxo Adjustable Task Clamp Lamp,355.36,92.3936,0.0,1
Texas,Paper,Xerox 1891,273.896,92.4399,0.2,1
California,Paper,"TOPS Carbonless Receipt Book, Four 2-3/4 x 7-1/4 Money Receipts per Page",192.72,92.5056,0.0,1
California,Furnishings,"Deflect-o EconoMat Nonstudded, No Bevel Mat",464.85,92.97,0.0,1
Massachusetts,Accessories,"TRENDnet 56K USB 2.0 Phone, Internet and Fax Modem",258.9,93.204,0.0,1
New York,Chairs,Office Star - Contemporary Task Swivel Chair,599.292,93.2232,0.1,1
Rhode Island,Accessories,Hypercom P1300 Pinpad,252.0,93.24,0.0,1
New York,Phones,Panasonic Kx-TS550,321.93,93.3597,0.0,2
Massachusetts,Phones,Cisco SPA301,311.98,93.594,0.0,1
Connecticut,Phones,Polycom VVX 310 VoIP phone,359.98,93.5948,0.0,1
Kansas,Storage,Standard Rollaway File with Lock,360.38,93.6988,0.0,1
Delaware,Storage,Standard Rollaway File with Lock,360.38,93.6988,0.0,1
Pennsylvania,Appliances,Honeywell Enviracaire Portable HEPA Air Cleaner for up to 10 x 16 Room,394.816,93.7688,0.2,1
North Carolina,Paper,Xerox 1938,268.24,93.884,0.2,1
California,Phones,Pyle PMP37LED,1075.088,94.0702,0.2,1
California,Binders,Avery Arch Ring Binders,278.88,94.122,0.2,2
North Carolina,Appliances,3.6 Cubic Foot Counter Height Office Refrigerator,942.784,94.2784,0.2,1
Delaware,Phones,BlackBerry Q10,377.97,94.4925,0.0,1
Michigan,Phones,Ooma Telo VoIP Home Phone System,377.97,94.4925,0.0,1
Ohio,Phones,Panasonic KX-TG9541B DECT 6.0 Digital 2-Line Expandable Cordless Phone With Digital Answering System,629.958,94.4937,0.4,1
Washington,Tables,"Lesro Round Back Collection Coffee Table, End Table",730.2,94.926,0.0,1
Georgia,Paper,Xerox 1944,193.8,94.962,0.0,1
Texas,Paper,Xerox 1893,262.336,95.0968,0.2,1
Texas,Paper,"White Dual Perf Computer Printout Paper, 2700 Sheets, 1 Part, Heavyweight, 20 lbs., 14 7/8 x 11",262.336,95.0968,0.2,2
New Mexico,Accessories,WD My Passport Ultra 2TB Portable External Hard Drive,595.0,95.2,0.0,1
California,Chairs,Hon GuestStacker Chair,1269.352,95.2014,0.2,2
Indiana,Storage,Tennsco 6- and 18-Compartment Lockers,530.34,95.4612,0.0,1
California,Furnishings,Deflect-o Glass Clear Studded Chair Mats,435.26,95.7572,0.0,1
New York,Accessories,"Logitech Wireless Boombox Speaker - portable - wireless, wired",212.8,95.76,0.0,1
Texas,Accessories,Razer Kraken 7.1 Surround Sound Over Ear USB Gaming Headset,319.968,95.9904,0.2,1
North Carolina,Paper,Xerox 1883,295.456,96.0232,0.2,1
Florida,Furnishings,"Howard Miller 13-1/2"" Diameter Rosebrook Wall Clock",385.11199999999997,96.27799999999999,0.2,2
Virginia,Labels,"Dot Matrix Printer Tape Reel Labels, White, 5000/Box",196.62,96.3438,0.0,1
New Jersey,Binders,Ibico Laser Imprintable Binding System Covers,209.6,96.416,0.0,1
California,Appliances,Fellowes 8 Outlet Superior Workstation Surge Protector,333.68,96.7672,0.0,2
Wisconsin,Chairs,Office Star Flex Back Scooter Chair with Aluminum Finish Frame,403.56,96.8544,0.0,1
California,Phones,Aastra 57i VoIP phone,1292.88,96.96600000000001,0.20000000000000004,3
California,Phones,Nortel Meridian M3904 Professional Digital phone,862.344,97.0137,0.2,1
Texas,Phones,Nortel Meridian M3904 Professional Digital phone,862.344,97.0137,0.2,2
New York,Paper,Xerox 1883,211.04,97.0784,0.0,2
California,Paper,Xerox 1909,211.04,97.0784,0.0,1
California,Machines,Ativa MDM8000 8-Sheet Micro-Cut Shredder,287.968,97.1892,0.2,1
Minnesota,Tables,"Office Impressions End Table, 20-1/2""H x 24""W x 20""D",607.52,97.2032,0.0,1
Illinois,Storage,Standard Rollaway File with Lock,1297.368,97.3026,0.2,1
Wisconsin,Bookcases,"Rush Hierlooms Collection 1"" Thick Stackable Bookcases",512.94,97.4586,0.0,1
California,Paper,"IBM Multi-Purpose Copy Paper, 8 1/2 x 11"", Case",216.85999999999999,97.587,0.0,2
California,Paper,Xerox 19,216.86,97.587,0.0,2
New York,Chairs,Global Commerce Series Low-Back Swivel/Tilt Chairs,462.564,97.6524,0.1,1
New York,Paper,Tops Green Bar Computer Printout Paper,195.76,97.88,0.0,2
New Jersey,Binders,"Performers Binder/Pad Holder, Black",196.21,98.105,0.0,1
Georgia,Phones,Nokia Lumia 925,377.97,98.2722,0.0,1
New York,Labels,"Avery 4027 File Folder Labels for Dot Matrix Printers, 5000 Labels per Box, White",213.71,98.3066,0.0,2
Florida,Chairs,"Global Leather Highback Executive Chair with Pneumatic Height Adjustment, Black",1125.488,98.4802,0.2,1
Michigan,Tables,Hon 4060 Series Tables,447.84,98.5248,0.0,1
California,Binders,Wilson Jones Legal Size Ring Binders,263.88,98.95500000000001,0.2,2
Washington,Furnishings,"GE 48"" Fluorescent Tube, Cool White Energy Saver, 34 Watts, 30/Box",198.46,99.23,0.0,1
California,Binders,"Wilson Jones Elliptical Ring 3 1/2"" Capacity Binders, 800 sheets",273.92,99.296,0.2,1
New Mexico,Chairs,SAFCO Arco Folding Chair,883.84,99.432,0.2,1
New York,Appliances,Belkin 7 Outlet SurgeMaster II,355.32,99.4896,0.0,1
California,Phones,Nortel Business Series Terminal T7208 Digital phone,1000.728,100.0728,0.20000000000000004,3
California,Labels,Avery 485,213.01,100.1147,0.0,3
Virginia,Tables,"Hon Practical Foundations 30 x 60 Training Table, Light Gray/Charcoal",455.1,100.122,0.0,1
Wyoming,Chairs,Global Troy Executive Leather Low-Back Tilter,1603.136,100.196,0.2,1
New Jersey,Paper,Xerox 1945,204.95,100.4255,0.0,1
California,Furnishings,"Howard Miller 13"" Diameter Pewter Finish Round Wall Clock",257.64,100.4796,0.0,1
California,Paper,Xerox 189,209.7,100.656,0.0,2
Washington,Paper,Multicolor Computer Printout Paper,209.7,100.656,0.0,1
Illinois,Paper,Xerox 1951,322.192,100.685,0.2,1
Nebraska,Storage,"Fellowes Mobile File Cart, Black",373.08,100.7316,0.0,1
Washington,Binders,GBC VeloBinder Manual Binding System,287.92,100.77199999999999,0.20000000000000004,3
New York,Phones,Jabra Supreme Plus Driver Edition Headset,359.97,100.7916,0.0,1
Virginia,Phones,AT&T CL82213,347.88,100.8852,0.0,3
New York,Phones,GE 30522EE2,347.97,100.9113,0.0,1
Florida,Chairs,Hon Olson Stacker Stools,1013.832,101.3832,0.2,1
New York,Phones,ShoreTel ShorePhone IP 230 VoIP phone,337.98,101.394,0.0,1
New Hampshire,Furnishings,"Advantus Employee of the Month Certificate Frame, 11 x 13-1/2",247.44,101.4504,0.0,1
Delaware,Bookcases,"Bush Cubix Collection Bookcases, Fully Assembled",441.96,101.6508,0.0,1
Oklahoma,Accessories,Imation Secure+ Hardware Encrypted USB 2.0 Flash Drive; 16GB,291.96,102.186,0.0,1
Delaware,Binders,"Premier Elliptical Ring Binder, Black",213.08,102.2784,0.0,1
Ohio,Accessories,Logitech G602 Wireless Gaming Mouse,511.936,102.3872,0.2,2
New York,Paper,Easy-staple paper,217.16,102.6126,0.0,8
California,Furnishings,"Howard Miller 11-1/2"" Diameter Grantwood Wall Clock",301.91,102.6494,0.0,2
New Jersey,Phones,Plantronics 81402,395.94,102.9444,0.0,1
Virginia,Accessories,Enermax Aurora Lite Keyboard,234.45,103.158,0.0,1
Maryland,Appliances,Kensington 7 Outlet MasterPiece Power Center,355.96,103.2284,0.0,1
Kentucky,Binders,"GBC Prepunched Paper, 19-Hole, for Binding Systems, 24-lb",225.15,103.56899999999999,0.0,1
Wisconsin,Phones,Plantronics Cordless Phone Headset with In-line Volume - M214C,384.45,103.8015,0.0,1
Washington,Appliances,Honeywell Quietcare HEPA Air Cleaner,314.6,103.818,0.0,1
Delaware,Binders,Tuf-Vin Binders,221.06,103.8982,0.0,1
Washington,Machines,"3D Systems Cube Printer, 2nd Generation, White",1039.992,103.9992,0.2,1
Kentucky,Storage,"Trav-L-File Heavy-Duty Shuttle II, Black",348.56,104.568,0.0,1
California,Storage,"Trav-L-File Heavy-Duty Shuttle II, Black",348.56,104.56800000000001,0.0,2
California,Accessories,Enermax Briskie RF Wireless Keyboard and Mouse Combo,290.78,104.6808,0.0,3
Maine,Accessories,Maxell 4.7GB DVD-R,255.42,104.7222,0.0,1
Indiana,Tables,Hon 5100 Series Wood Tables,581.96,104.7528,0.0,1
California,Furnishings,DAX Natural Wood-Tone Poster Frame,291.28,104.8608,0.0,2
Arizona,Chairs,Hon 4070 Series Pagoda Armless Upholstered Stacking Chairs,933.536,105.0228,0.2,1
New York,Storage,Adjustable Depth Letter/Legal Cart,362.92,105.2468,0.0,1
California,Storage,"24 Capacity Maxi Data Binder Racks, Pearl",421.1,105.275,0.0,1
New York,Storage,Steel Personal Filing/Posting Tote,390.61,105.4647,0.0,2
Mississippi,Accessories,Microsoft Sculpt Comfort Mouse,239.7,105.468,0.0,1
Arizona,Paper,Xerox 1891,313.024,105.6456,0.2,1
California,Chairs,"Global Airflow Leather Mesh Back Chair, Black",845.488,105.686,0.2,2
New York,Binders,GBC Premium Transparent Covers with Diagonal Lined Pattern,302.11199999999997,105.7392,0.2,4
Minnesota,Phones,VTech DS6151,377.97,105.8316,0.0,1
California,Furnishings,"Tenex 46"" x 60"" Computer Anti-Static Chairmat, Rectangular Shaped",529.9,105.98,0.0,1
California,Phones,Cisco IP Phone 7961G-GE VoIP phone,1212.848,106.1242,0.2,1
California,Bookcases,"Safco Value Mate Steel Bookcase, Baked Enamel Finish on Steel, Black",603.3299999999999,106.47,0.15,2
California,Paper,Xerox 1913,221.92,106.5216,0.0,2
New York,Paper,Xerox 1888,221.92,106.5216,0.0,1
California,Furnishings,"Rubbermaid ClusterMat Chairmats, Mat Size- 66"" x 60"", Lip 20"" x 11"" -90 Degree Angle",665.88,106.5408,0.0,1
Iowa,Tables,Hon 94000 Series Round Tables,1184.72,106.6248,0.0,1
Utah,Binders,"Avery Trapezoid Ring Binder, 3"" Capacity, Black, 1040 sheets",295.056,106.9578,0.2,1
California,Furnishings,"Tenex ""The Solids"" Textured Chair Mats",629.64,107.0388,0.0,1
Georgia,Storage,"Hot File 7-Pocket, Floor Stand",356.94,107.082,0.0,1
California,Chairs,Safco Contoured Stacking Chairs,1716.48,107.28,0.2,4
Michigan,Appliances,Hoover Shoulder Vac Commercial Portable Vacuum,644.076,107.346,0.1,1
Arizona,Phones,Bose SoundLink Bluetooth Speaker,318.4,107.46,0.2,1
California,Chairs,Bevis Steel Folding Chairs,1074.64,107.464,0.2,4
Georgia,Accessories,Logitech Wireless Marathon Mouse M705,249.95,107.4785,0.0,1
North Carolina,Paper,Xerox 1910,307.456,107.6096,0.2,2
California,Paper,Xerox 1940,219.84,107.7216,0.0,2
Wisconsin,Paper,Xerox 1940,219.84,107.7216,0.0,1
California,Paper,Xerox 1914,219.84,107.7216,0.0,1
North Carolina,Accessories,Plantronics S12 Corded Telephone Headset System,431.16,107.79,0.2,1
Ohio,Accessories,Logitech Wireless Performance Mouse MX for PC and Mac,479.952,107.9892,0.2,1
New York,Storage,Fellowes Staxonsteel Drawer Files,772.68,108.1752,0.0,1
California,Chairs,"Global Leather and Oak Executive Chair, Black",963.136,108.3528,0.2,2
California,Chairs,DMI Arturo Collection Mission-style Design Wood Chair,1449.408,108.7056,0.2,4
North Carolina,Paper,Xerox 1913,310.688,108.7408,0.2,1
New York,Binders,GBC Recycled Regency Composition Covers,334.768,108.7996,0.2,1
California,Binders,GBC Recycled Regency Composition Covers,334.76800000000003,108.7996,0.2,2
Colorado,Chairs,Hon GuestStacker Chair,1450.688,108.80160000000001,0.2,2
Iowa,Phones,Logitech Mobile Speakerphone P710e - speaker phone,404.94,109.3338,0.0,1
Texas,Phones,Polycom SoundStation2 EX Conference phone,971.88,109.3365,0.2,1
Wisconsin,Appliances,"Acco 7-Outlet Masterpiece Power Center, Wihtout Fax/Phone Line Protection",364.74,109.422,0.0,1
New York,Phones,AT&T EL51110 DECT,377.97,109.6113,0.0,1
New York,Paper,Xerox 1882,223.92,109.7208,0.0,1
New York,Appliances,Bionaire Personal Warm Mist Humidifier/Vaporizer,281.34,109.7226,0.0,1
Massachusetts,Phones,Panasonic KX-TG9471B,391.98,109.7544,0.0,1
Ohio,Accessories,Logitech G700s Rechargeable Gaming Mouse,399.96000000000004,109.989,0.2,2
Ohio,Copiers,Sharp 1540cs Digital Laser Copier,659.988,109.998,0.4,1
North Carolina,Phones,Cisco IP Phone 7961G VoIP phone - Dark gray,978.84,110.1195,0.2,1
Indiana,Binders,Premium Transparent Presentation Covers by GBC,230.78,110.7744,0.0,2
California,Furnishings,Flat Face Poster Frame,263.76,110.7792,0.0,3
California,Binders,Clear Mylar Reinforcing Strips,328.944,111.01859999999999,0.20000000000000004,3
Wisconsin,Tables,"Chromcraft Bull-Nose Wood Round Conference Table Top, Wood Base",653.55,111.1035,0.0,1
Arizona,Art,"Hunt BOSTON Model 1606 High-Volume Electric Pencil Sharpener, Beige",1113.024,111.3024,0.2,1
California,Phones,AT&T 1070 Corded Phone,891.92,111.49,0.2,2
Arizona,Paper,Green Bar Computer Printout Paper,307.776,111.5688,0.2,1
Georgia,Accessories,Logitech G19 Programmable Gaming Keyboard,619.95,111.591,0.0,1
Oklahoma,Tables,KI Adjustable-Height Table,429.9,111.774,0.0,1
Washington,Appliances,"Eureka The Boss Lite 10-Amp Upright Vacuum, Blue",400.8,112.224,0.0,1
Virginia,Tables,Hon 2111 Invitation Series Straight Table,591.32,112.3508,0.0,1
Illinois,Paper,White Computer Printout Paper by Universal,310.08,112.404,0.2,2
South Dakota,Appliances,"1.7 Cubic Foot Compact ""Cube"" Office Refrigerators",416.32,112.4064,0.0,1
Maryland,Furnishings,Howard Miller Distant Time Traveler Alarm Clock,274.2,112.422,0.0,1
Mississippi,Binders,Ibico Recycled Linen-Style Covers,234.36,112.4928,0.0,1
New Mexico,Art,"Dixon Ticonderoga Core-Lock Colored Pencils, 48-Color Set",255.85,112.574,0.0,1
California,Chairs,Hon Olson Stacker Stools,1126.48,112.648,0.2,4
Nebraska,Chairs,Hon Every-Day Series Multi-Task Chairs,563.94,112.788,0.0,1
Michigan,Chairs,Hon Every-Day Series Multi-Task Chairs,563.94,112.788,0.0,1
Virginia,Envelopes,"Tyvek  Top-Opening Peel & Seel  Envelopes, Gray",251.58,113.211,0.0,1
Texas,Envelopes,Airmail Envelopes,335.72,113.3055,0.2,1
Illinois,Paper,Xerox 1908,313.488,113.6394,0.2,1
Delaware,Phones,GE 30524EE4,391.98,113.6742,0.0,1
Kentucky,Phones,GE 30524EE4,391.98,113.6742,0.0,1
New York,Appliances,Kensington 4 Outlet MasterPiece Compact Power Control Center,406.6,113.848,0.0,1
New York,Accessories,Logitech Wireless Performance Mouse MX for PC and Mac,299.97,113.9886,0.0,1
Nevada,Phones,Apple iPhone 5S,911.984,113.998,0.2,1
New Mexico,Furnishings,"Tenex Traditional Chairmats for Medium Pile Carpet, Standard Lip, 36"" x 48""",545.85,114.6285,0.0,1
Georgia,Paper,Xerox 1917,244.55,114.9385,0.0,1
California,Paper,Tops White Computer Printout Paper,244.55,114.9385,0.0,1
Arkansas,Paper,Xerox 1886,239.5,114.96,0.0,1
Georgia,Accessories,Logitech diNovo Edge Keyboard,499.98,114.9954,0.0,1
Minnesota,Storage,Recycled Steel Personal File for Standard File Folders,442.32,115.0032,0.0,2
New York,Accessories,Logitech G430 Surround Sound Gaming Headset with Dolby 7.1 Technology,319.96,115.1856,0.0,1
California,Machines,Okidata B400 Printer,1029.6,115.83,0.2,2
California,Machines,Fellowes Powershred HS-440 4-Sheet High Security Shredder,371.976,116.2425,0.2,1
Massachusetts,Binders,Wilson Jones Heavy-Duty Casebound Ring Binders with Metal Hinges,242.48,116.3904,0.0,1
Virginia,Binders,GBC Twin Loop Wire Binding Elements,232.96,116.48,0.0,1
Washington,Paper,Xerox 1880,248.08,116.5976,0.0,1
Nevada,Tables,Bretford Just In Time Height-Adjustable Multi-Task Work Tables,1669.6,116.872,0.0,1
New York,Storage,Tennsco Double-Tier Lockers,900.08,117.0104,0.0,1
Alabama,Storage,Tennsco Double-Tier Lockers,900.08,117.0104,0.0,1
Michigan,Storage,"Advantus 10-Drawer Portable Organizer, Chrome Metal Frame, Smoke Drawers",418.32,117.1296,0.0,1
Texas,Paper,Xerox 1915,335.52,117.432,0.2,1
Texas,Paper,Xerox 1941,335.52,117.432,0.2,1
Pennsylvania,Paper,Xerox 1941,335.52,117.432,0.2,1
Pennsylvania,Envelopes,Cameo Buff Policy Envelopes,348.488,117.6147,0.2,1
Virginia,Envelopes,Airmail Envelopes,251.79,118.3413,0.0,1
New Jersey,Machines,Konica Minolta magicolor 1690MF Multifunction Printer,319.92,118.3704,0.0,1
Utah,Tables,"Lesro Round Back Collection Coffee Table, End Table",912.75,118.6575,0.0,1
North Carolina,Phones,Motorola Moto X,1359.96,118.9965,0.2,1
Michigan,Chairs,Safco Contoured Stacking Chairs,476.8,119.2,0.0,1
California,Phones,Cisco Unified IP Phone 7945G VoIP phone,1909.5439999999999,119.34649999999999,0.2,2
Georgia,Phones,AT&T CL83451 4-Handset Telephone,411.98,119.4742,0.0,1
Virginia,Furnishings,Tenex Antistatic Computer Chair Mats,1196.86,119.686,0.0,1
California,Copiers,Hewlett Packard 310 Color Digital Copier,959.968,119.996,0.2,2
North Carolina,Copiers,Hewlett Packard 310 Color Digital Copier,959.968,119.996,0.2,1
New York,Bookcases,"Atlantic Metals Mobile 5-Shelf Bookcases, Custom Colors",963.136,120.392,0.2,2
Mississippi,Paper,Xerox 1893,245.94,120.5106,0.0,1
New York,Chairs,"Global Airflow Leather Mesh Back Chair, Black",543.528,120.784,0.1,2
Connecticut,Appliances,Hoover Commercial Lightweight Upright Vacuum with E-Z Empty Dirt Cup,465.16,120.9416,0.0,1
Indiana,Appliances,Hoover Commercial Lightweight Upright Vacuum with E-Z Empty Dirt Cup,465.16,120.9416,0.0,1
Delaware,Storage,"Dual Level, Single-Width Filing Carts",465.18,120.9468,0.0,1
New Jersey,Appliances,"Holmes Replacement Filter for HEPA Air Cleaner, Very Large Room, HEPA Filter",275.24,121.1056,0.0,1
Michigan,Chairs,"Global High-Back Leather Tilter, Burgundy",1106.91,121.7601,0.0,1
Washington,Chairs,"Hon Deluxe Fabric Upholstered Stacking Chairs, Rounded Back",975.92,121.99,0.2,1
Connecticut,Storage,"SAFCO Mobile Desk Side File, Wire Frame",470.36,122.2936,0.0,1
California,Paper,Xerox 1942,244.7,122.35,0.0,2
California,Appliances,Fellowes 8 Outlet Superior Workstation Surge Protector w/o Phone/Fax/Modem Protection,470.67999999999995,122.3768,0.0,3
Arkansas,Accessories,Logitech Gaming G510s - Keyboard,339.96,122.3856,0.0,1
California,Accessories,Microsoft Sculpt Comfort Mouse,279.65,123.04599999999999,0.0,2
New York,Binders,Lock-Up Easel 'Spel-Binder',365.18399999999997,123.2496,0.2,2
Indiana,Phones,Panasonic KX TS208W Corded phone,440.91,123.4548,0.0,1
Texas,Phones,GE 30524EE4,1097.544,123.4737,0.2,1
California,Phones,GE 30524EE4,1097.5439999999999,123.4737,0.2,2
Connecticut,Appliances,Tripp Lite Isotel 6 Outlet Surge Protector with Fax/Modem Protection,426.79,123.7691,0.0,1
New York,Furnishings,"Howard Miller 13-3/4"" Diameter Brushed Chrome Round Wall Clock",414.0,124.2,0.0,1
California,Binders,GBC DocuBind P100 Manual Binding Machine,398.352,124.485,0.2,1
Maine,Paper,Southworth 25% Cotton Premium Laser Paper and Envelopes,259.74,124.6752,0.0,1
Indiana,Accessories,Imation Bio 8GB USB Flash Drive Imation Corp,831.2,124.68,0.0,1
Indiana,Phones,Plantronics Voyager Pro HD - Bluetooth Headset,259.96,124.7808,0.0,1
Georgia,Storage,Iceberg Mobile Mega Data/Printer Cart ,481.32,125.1432,0.0,1
Washington,Phones,Samsung Galaxy S4,1001.584,125.198,0.2,1
California,Phones,Plantronics HL10 Handset Lifter,1113.504,125.2692,0.2,1
Oregon,Phones,Wilson Electronics DB Pro Signal Booster,1432.0,125.30000000000001,0.2,2
Massachusetts,Paper,Xerox 1960,278.82,125.469,0.0,1
California,Paper,Xerox 1979,278.82,125.469,0.0,2
California,Furnishings,"Deflect-o SuperTray Unbreakable Stackable Tray, Letter, Black",291.8,125.474,0.0,2
Virginia,Bookcases,O'Sullivan 3-Shelf Heavy-Duty Bookcases,523.26,125.5824,0.0,1
Mississippi,Accessories,Logitech G700s Rechargeable Gaming Mouse,299.97,125.9874,0.0,1
Illinois,Accessories,Logitech Wireless Performance Mouse MX for PC and Mac,559.944,125.98740000000001,0.2,2
New York,Phones,Xblue XB-1670-86 X16 Small Office Telephone - Titanium,503.96,125.99,0.0,1
Virginia,Phones,BlackBerry Q10,503.96,125.99,0.0,1
Pennsylvania,Copiers,Canon PC940 Copier,1079.976,125.9972,0.4,1
Georgia,Phones,Aastra 57i VoIP phone,484.83,126.0558,0.0,1
Mississippi,Bookcases,Hon 4-Shelf Metal Bookcases,504.9,126.225,0.0,1
California,Labels,Avery 477,274.77,126.3942,0.0,1
North Carolina,Phones,Samsung Galaxy S4 Mini,1127.976,126.8973,0.2,1
Florida,Accessories,Logitech G602 Wireless Gaming Mouse,639.9200000000001,127.98400000000001,0.2,2
Georgia,Accessories,"Maxell 74 Minute CD-R Spindle, 50/Pack",356.49,128.3364,0.0,2
Texas,Accessories,Plantronics CS510 - Over-the-Head monaural Wireless Headset System,791.88,128.6805,0.2,1
New Jersey,Bookcases,"Global Adaptabilites Bookcase, Cherry/Storm Gray Finish",2154.9,129.294,0.0,1
California,Accessories,Plantronics S12 Corded Telephone Headset System,323.37,129.348,0.0,1
Arkansas,Accessories,Plantronics S12 Corded Telephone Headset System,323.37,129.348,0.0,1
Maryland,Storage,Recycled Steel Personal File for Standard File Folders,497.61,129.3786,0.0,1
Indiana,Envelopes,"Tyvek  Top-Opening Peel & Seel  Envelopes, Gray",287.52,129.384,0.0,1
Kentucky,Chairs,Global Deluxe Office Fabric Chairs,479.9,129.57299999999998,0.0,2
Delaware,Phones,Pyle PMP37LED,479.95,129.5865,0.0,1
Texas,Phones,Polycom VVX 310 VoIP phone,1727.904,129.5928,0.20000000000000004,3
New York,Accessories,NETGEAR N750 Dual Band Wi-Fi Gigabit Router,360.0,129.6,0.0,1
Georgia,Accessories,NETGEAR N750 Dual Band Wi-Fi Gigabit Router,360.0,129.6,0.0,1
Maryland,Phones,Samsung Galaxy S4 Active,499.99,129.9974,0.0,1
Washington,Machines,Cisco Desktop Collaboration Experience DX650 IP Video Phone,385.8,130.2075,0.2,1
Florida,Appliances,Hoover Upright Vacuum With Dirt Cup,1158.12,130.2885,0.2,1
California,Phones,Panasonic KX-TG9541B DECT 6.0 Digital 2-Line Expandable Cordless Phone With Digital Answering System,359.976,130.4913,0.2,1
Texas,Paper,Xerox 1945,360.712,130.7581,0.2,1
California,Accessories,Memorex Mini Travel Drive 16 GB USB 2.0 Flash Drive,335.37,130.79430000000002,0.0,2
Michigan,Storage,"Mini 13-1/2 Capacity Data Binder Rack, Pearl",523.48,130.87,0.0,1
Louisiana,Phones,AT&T TR1909W,503.96,131.0296,0.0,1
Florida,Chairs,Hon 4070 Series Pagoda Armless Upholstered Stacking Chairs,1166.92,131.2785,0.2,1
Maine,Phones,Wi-Ex zBoost YX540 Cellular Phone Signal Booster,437.85,131.355,0.0,1
New York,Phones,Wi-Ex zBoost YX540 Cellular Phone Signal Booster,437.85,131.355,0.0,1
Massachusetts,Phones,Wi-Ex zBoost YX540 Cellular Phone Signal Booster,437.85,131.355,0.0,1
North Carolina,Accessories,Imation Secure+ Hardware Encrypted USB 2.0 Flash Drive; 16GB,700.704,131.382,0.2,1
Kentucky,Phones,Jabra SPEAK 410,469.95,131.586,0.0,1
California,Accessories,Logitech 910-002974 M325 Wireless Mouse for Web Scrolling,299.9,131.95600000000002,0.0,2
Washington,Accessories,Logitech G35 7.1-Channel Surround Sound Headset,389.97,132.5898,0.0,1
South Dakota,Accessories,Logitech G35 7.1-Channel Surround Sound Headset,389.97,132.5898,0.0,1
Washington,Binders,Fellowes PB200 Plastic Comb Binding Machine,407.976,132.5922,0.2,1
Maryland,Paper,Xerox 1888,277.4,133.152,0.0,1
Indiana,Paper,"Eaton Premium Continuous-Feed Paper, 25% Cotton, Letter Size, White, 1000 Shts/Box",277.4,133.152,0.0,1
California,Accessories,WD My Passport Ultra 2TB Portable External Hard Drive,833.0,133.28,0.0,2
California,Phones,Toshiba IPT2010-SD IP Telephone,1779.0720000000001,133.4304,0.20000000000000004,3
California,Paper,Xerox 1883,290.18,133.4828,0.0,3
California,Phones,Geemarc AmpliPOWER60,1187.8400000000001,133.632,0.20000000000000004,3
New York,Storage,"Advantus 10-Drawer Portable Organizer, Chrome Metal Frame, Smoke Drawers",478.08,133.8624,0.0,1
Oklahoma,Phones,Nortel Meridian M3904 Professional Digital phone,461.97,133.9713,0.0,1
New York,Furnishings,"Howard Miller 13"" Diameter Pewter Finish Round Wall Clock",343.52,133.9728,0.0,2
New York,Phones,PureGear Roll-On Screen Protector,279.86,134.3328,0.0,1
Oklahoma,Phones,Jabra Supreme Plus Driver Edition Headset,479.96,134.3888,0.0,1
Texas,Envelopes,Cameo Buff Policy Envelopes,398.272,134.4168,0.20000000000000004,3
New York,Phones,Geemarc AmpliPOWER60,464.0,134.56,0.0,1
New Jersey,Paper,Xerox 1889,274.8,134.652,0.0,1
Connecticut,Paper,Xerox 1914,274.8,134.652,0.0,1
Michigan,Phones,Nortel Meridian M5316 Digital phone,517.9,134.654,0.0,1
Kentucky,Phones,Google Nexus 5,539.97,134.9925,0.0,1
Illinois,Copiers,Brother DCP1000 Digital 3 in 1 Multifunction Machine,719.976,134.9955,0.2,1
Michigan,Storage,Fellowes Staxonsteel Drawer Files,965.85,135.219,0.0,1
Illinois,Accessories,Enermax Acrylux Wireless Keyboard,637.44,135.456,0.2,1
California,Binders,Vinyl Sectional Post Binders,361.92,135.72,0.20000000000000004,3
Michigan,Phones,Nortel Networks T7316 E Nt8 B27,543.92,135.98,0.0,1
New York,Phones,Nortel Networks T7316 E Nt8 B27,543.92,135.98,0.0,1
Nebraska,Appliances,Harmony Air Purifier,378.0,136.08,0.0,1
New York,Phones,Samsung Galaxy S4 Mini,469.99,136.2971,0.0,1
Michigan,Chairs,"Global Value Steno Chair, Gray",546.66,136.665,0.0,1
Michigan,Tables,Bevis 36 x 72 Conference Tables,622.45,136.939,0.0,1
California,Paper,Xerox 1908,279.9,137.151,0.0,2
Georgia,Paper,Xerox 1908,279.9,137.151,0.0,1
Kansas,Paper,Xerox 1934,279.9,137.151,0.0,1
New York,Phones,ClearSounds CSC500 Amplified Spirit Phone Corded phone,489.92999999999995,137.18040000000002,0.0,2
Illinois,Machines,Star Micronics TSP800 TSP847IIU Receipt Printer,600.53,137.264,0.3,1
California,Appliances,Belkin 5 Outlet SurgeMaster Power Centers,490.32,137.2896,0.0,2
Arkansas,Furnishings,"Howard Miller 13-1/2"" Diameter Rosebrook Wall Clock",343.85,137.54,0.0,1
California,Paper,Xerox 1911,287.4,137.952,0.0,2
Michigan,Binders,GBC VeloBinder Manual Binding System,287.92,138.2016,0.0,1
Oklahoma,Furnishings,"Electrix Architect's Clamp-On Swing Arm Lamp, Black",477.3,138.417,0.0,1
New York,Storage,"Tennsco Snap-Together Open Shelving Units, Starter Sets and Add-On Units",2794.8,139.74,0.0,2
California,Machines,Hewlett-Packard Deskjet D4360 Printer,447.968,139.99,0.2,1
California,Storage,Advantus Rolling Drawer Organizers,538.72,140.0672,0.0,2
California,Paper,Easy-staple paper,298.86,140.1522,0.0,6
Arizona,Chairs,Global Leather Executive Chair,1123.168,140.396,0.2,2
Washington,Storage,Standard Rollaway File with Lock,540.57,140.5482,0.0,1
Georgia,Paper,Xerox 1945,286.93,140.5957,0.0,1
Utah,Bookcases,O'Sullivan Living Dimensions 3-Shelf Bookcases,1406.86,140.686,0.0,1
California,Bookcases,"Riverside Palais Royal Lawyers Bookcase, Royale Cherry Finish",1497.666,140.9568,0.15,1
California,Bookcases,"Bush Heritage Pine Collection 5-Shelf Bookcase, Albany Pine Finish, *Special Order",2396.66,140.98,0.15,5
Massachusetts,Chairs,Global Ergonomic Managers Chair,542.94,141.1644,0.0,1
Maryland,Chairs,Global Ergonomic Managers Chair,542.94,141.1644,0.0,1
New York,Appliances,"Eureka The Boss Plus 12-Amp Hard Box Upright Vacuum, Red",523.25,141.2775,0.0,1
California,Appliances,Tripp Lite TLP810NET Broadband Surge for Modem/Fax,509.70000000000005,142.716,0.0,2
Minnesota,Storage,Tennsco 6- and 18-Compartment Lockers,795.51,143.1918,0.0,1
New Jersey,Chairs,SAFCO Folding Chair Trolley,512.96,143.6288,0.0,1
Texas,Phones,Cisco SPA 502G IP Phone,1151.52,143.94,0.2,2
Wisconsin,Accessories,Logitech G600 MMO Gaming Mouse,399.95,143.982,0.0,1
Minnesota,Accessories,Logitech G430 Surround Sound Gaming Headset with Dolby 7.1 Technology,399.95,143.982,0.0,1
Illinois,Phones,Nokia Lumia 1020,1439.968,143.9968,0.2,1
Connecticut,Appliances,Honeywell Enviracaire Portable HEPA Air Cleaner for up to 10 x 16 Room,370.14,144.3546,0.0,1
Kentucky,Labels,"Dot Matrix Printer Tape Reel Labels, White, 5000/Box",294.93,144.5157,0.0,1
California,Binders,GBC Recycled Grain Textured Covers,414.48,145.068,0.20000000000000004,3
New York,Chairs,Hon GuestStacker Chair,816.012,145.0688,0.1,2
Virginia,Chairs,"Safco Chair Connectors, 6/Carton",500.24,145.0696,0.0,1
California,Accessories,Plantronics Audio 995 Wireless Stereo Headset,439.8,145.134,0.0,1
Arkansas,Chairs,Office Star Flex Back Scooter Chair with Aluminum Finish Frame,605.34,145.2816,0.0,1
California,Phones,Polycom SoundStation2 EX Conference phone,1295.84,145.782,0.2,1
Virginia,Envelopes,Cameo Buff Policy Envelopes,311.15,146.2405,0.0,1
California,Envelopes,Cameo Buff Policy Envelopes,311.15,146.2405,0.0,2
Michigan,Chairs,"Hon Deluxe Fabric Upholstered Stacking Chairs, Rounded Back",487.96,146.388,0.0,1
Missouri,Tables,Chromcraft Round Conference Tables,697.16,146.4036,0.0,1
Ohio,Paper,Xerox 189,419.4,146.79,0.2,1
Illinois,Paper,Xerox 189,419.4,146.79,0.2,1
Arizona,Paper,Multicolor Computer Printout Paper,419.4,146.79,0.2,1
Texas,Paper,Xerox 1916,391.52000000000004,146.82,0.2,2
Massachusetts,Phones,Polycom VoiceStation 500 Conference phone,589.9,147.475,0.0,1
New York,Chairs,Hon Mobius Operator's Chair,1106.9099999999999,147.58800000000002,0.1,2
Virginia,Phones,"Ativa D5772 2-Line 5.8GHz Digital Expandable Corded/Cordless Phone System with Answering & Caller ID/Call Waiting, Black/Silver",494.97,148.491,0.0,1
Arkansas,Phones,"Ativa D5772 2-Line 5.8GHz Digital Expandable Corded/Cordless Phone System with Answering & Caller ID/Call Waiting, Black/Silver",494.97,148.491,0.0,1
Illinois,Phones,Mitel MiVoice 5330e IP Phone,1979.928,148.4946,0.2,1
New Jersey,Binders,GBC ProClick 150 Presentation Binding System,315.98,148.5106,0.0,1
Oregon,Chairs,GuestStacker Chair with Chrome Finish Legs,1487.04,148.704,0.2,1
California,Phones,Polycom SoundPoint IP 450 VoIP phone,1987.568,149.0676,0.2,2
California,Chairs,SAFCO Arco Folding Chair,1325.76,149.148,0.2,1
Arizona,Chairs,SAFCO Arco Folding Chair,1325.76,149.148,0.2,2
Massachusetts,Appliances,Belkin 8 Outlet Surge Protector,532.74,149.1672,0.0,2
Kansas,Binders,GBC DocuBind P100 Manual Binding Machine,331.96,149.382,0.0,1
Delaware,Binders,GBC Twin Loop Wire Binding Elements,299.52,149.76,0.0,1
California,Binders,Ibico Laser Imprintable Binding System Covers,461.12,149.864,0.2,2
Oklahoma,Envelopes,Multimedia Mailers,325.86,149.8956,0.0,1
California,Paper,Xerox 1880,318.96,149.9112,0.0,3
Texas,Phones,Wilson Electronics DB Pro Signal Booster,1718.4,150.36,0.2,1
Connecticut,Chairs,Hon Every-Day Series Multi-Task Chairs,751.92,150.384,0.0,1
Indiana,Paper,Xerox 189,314.55,150.984,0.0,1
California,Paper,Xerox 1915,314.54999999999995,150.984,0.0,2
New York,Accessories,Logitech VX Revolution Cordless Laser Mouse for Notebooks (Black),2519.86,151.1916,0.0,2
California,Phones,Mitel 5320 IP Phone VoIP phone,1511.92,151.192,0.20000000000000004,3
Rhode Island,Chairs,"Global Fabric Manager's Chair, Dark Gray",605.88,151.47,0.0,1
California,Tables,Chromcraft Rectangular Conference Tables,3033.216,151.6608,0.2,4
Vermont,Appliances,Avanti 4.4 Cu. Ft. Refrigerator,542.94,152.0232,0.0,1
Georgia,Appliances,Avanti 4.4 Cu. Ft. Refrigerator,542.94,152.0232,0.0,1
Michigan,Machines,I.R.I.S IRISCard Anywhere 5 Card Scanner,350.973,152.0883,0.1,1
Georgia,Storage,"Fellowes Strictly Business Drawer File, Letter/Legal Size",1267.65,152.118,0.0,1
New York,Storage,"Fellowes Strictly Business Drawer File, Letter/Legal Size",1267.65,152.118,0.0,2
Florida,Accessories,Enermax Acrylux Wireless Keyboard,717.12,152.388,0.2,1
Montana,Binders,Ibico Hi-Tech Manual Binding System,487.984,152.495,0.2,1
Connecticut,Phones,Wireless Extenders zBoost YX545 SOHO Signal Booster,566.97,153.0819,0.0,1
Illinois,Accessories,Imation Secure+ Hardware Encrypted USB 2.0 Flash Drive; 16GB,817.488,153.279,0.2,2
New York,Appliances,Kensington 7 Outlet MasterPiece Power Center,533.94,154.8426,0.0,1
California,Appliances,Belkin F9G930V10-GRY 9 Outlet Surge,534.8,155.09199999999998,0.0,3
Louisiana,Chairs,Harbour Creations Steel Folding Chair,517.5,155.25,0.0,1
Georgia,Phones,Pyle PMP37LED,575.94,155.5038,0.0,2
Oklahoma,Appliances,Honeywell Quietcare HEPA Air Cleaner,471.9,155.727,0.0,1
Illinois,Machines,Hewlett-Packard Deskjet 6540 Color Inkjet Printer,574.91,156.047,0.3,1
North Carolina,Appliances,Honeywell Enviracaire Portable HEPA Air Cleaner for 17' x 22' Room,962.08,156.338,0.2,1
Georgia,Binders,GBC ProClick Punch Binding System,319.9,156.751,0.0,1
Virginia,Tables,Hon 5100 Series Wood Tables,872.94,157.1292,0.0,1
South Carolina,Binders,"Wilson Jones Ledger-Size, Piano-Hinge Binder, 2"", Blue",327.84,157.3632,0.0,1
California,Accessories,Plantronics Audio 478 Stereo USB Headset,449.91,157.4685,0.0,3
New York,Phones,Ooma Telo VoIP Home Phone System,629.95,157.4875,0.0,1
Virginia,Storage,Adjustable Depth Letter/Legal Cart,544.38,157.8702,0.0,1
Washington,Tables,KI Adjustable-Height Table,687.84,158.2032,0.0,2
Virginia,Tables,"Iceberg OfficeWorks 42"" Round Tables",1056.86,158.529,0.0,1
New York,Bookcases,"Riverside Palais Royal Lawyers Bookcase, Royale Cherry Finish",4228.704,158.5764,0.2,1
Indiana,Phones,Plantronics Calisto P620-M USB Wireless Speakerphone System,587.97,158.7519,0.0,1
California,Bookcases,"Bush Andora Bookcase, Maple/Graphite Gray Finish",1937.8384999999998,159.58669999999998,0.15,4
New York,Paper,"Eaton Premium Continuous-Feed Paper, 25% Cotton, Letter Size, White, 1000 Shts/Box",332.88,159.7824,0.0,4
Rhode Island,Storage,"Recycled Data-Pak for Archival Bound Computer Printouts, 12-1/2 x 12-1/2 x 16",592.74,160.0398,0.0,1
Kentucky,Tables,Global Adaptabilities Conference Tables,842.94,160.1586,0.0,1
Idaho,Tables,Bretford CR4500 Series Slim Rectangular Table,696.42,160.1766,0.0,1
Michigan,Storage,"Hot File 7-Pocket, Floor Stand",535.41,160.623,0.0,1
Minnesota,Storage,"Hot File 7-Pocket, Floor Stand",535.41,160.623,0.0,1
New York,Phones,GE 2-Jack Phone Line Splitter,617.97,160.6722,0.0,1
Georgia,Paper,Xerox 1943,342.37,160.9139,0.0,1
California,Phones,Bose SoundLink Bluetooth Speaker,477.6,161.19,0.2,1
New York,Paper,Xerox 1885,336.28,161.4144,0.0,2
New York,Chairs,"Global Push Button Manager's Chair, Indigo",767.214,161.9674,0.1,1
North Dakota,Storage,Fellowes High-Stak Drawer Files,704.76,162.0948,0.0,1
Washington,Chairs,"Global Leather and Oak Executive Chair, Black",1444.704,162.5292,0.2,2
New York,Envelopes,Tyvek Side-Opening Peel & Seel Expanding Envelopes,361.92,162.864,0.0,1
Illinois,Accessories,Logitech Gaming G510s - Keyboard,815.904,163.1808,0.2,2
California,Accessories,NETGEAR AC1750 Dual Band Gigabit Smart WiFi Router,479.97,163.1898,0.0,1
Michigan,Accessories,NETGEAR AC1750 Dual Band Gigabit Smart WiFi Router,479.97,163.1898,0.0,1
Mississippi,Accessories,NETGEAR AC1750 Dual Band Gigabit Smart WiFi Router,479.97,163.1898,0.0,1
Michigan,Appliances,"Holmes Replacement Filter for HEPA Air Cleaner, Very Large Room, HEPA Filter",433.50300000000004,163.7678,0.10000000000000002,3
South Carolina,Phones,AT&T TR1909W,629.95,163.787,0.0,1
New York,Phones,Nokia Lumia 925,629.95,163.787,0.0,1
Alabama,Chairs,High-Back Leather Manager's Chair,1819.86,163.7874,0.0,1
New York,Phones,Panasonic Business Telephones KX-T7736,546.06,163.818,0.0,1
Kentucky,Phones,Panasonic KX-TG9471B,587.97,164.6316,0.0,1
Colorado,Copiers,Sharp 1540cs Digital Laser Copier,439.992,164.997,0.2,1
Texas,Copiers,Sharp 1540cs Digital Laser Copier,439.992,164.997,0.2,1
Indiana,Accessories,Imation Bio 2GB USB Flash Drive Imation Corp,393.54,165.2868,0.0,1
Michigan,Phones,ClearOne Communications CHAT 70 OC Speaker Phone,635.96,165.3496,0.0,1
Washington,Tables,Hon Racetrack Conference Tables,787.53,165.3813,0.0,1
Virginia,Storage,Letter Size Cart,571.44,165.7176,0.0,1
Indiana,Appliances,Tripp Lite Isotel 8 Ultra 8 Outlet Metal Surge,638.73,166.0698,0.0,1
Washington,Machines,Okidata C331dn Printer,2233.6,167.52,0.20000000000000004,3
Kentucky,Binders,Ibico Plastic Spiral Binding Combs,364.8,167.808,0.0,1
Mississippi,Paper,Xerox 1964,365.44,168.1024,0.0,1
California,Paper,Xerox 1991,365.44,168.1024,0.0,2
Virginia,Phones,GE 30522EE2,579.95,168.1855,0.0,1
Georgia,Appliances,Belkin 8 Outlet SurgeMaster II Gold Surge Protector with Phone Protection,647.84,168.4384,0.0,1
Kentucky,Chairs,Office Star - Professional Matrix Back Chair with 2-to-1 Synchro Tilt and Mesh Fabric Seat,701.96,168.4704,0.0,1
Virginia,Chairs,Office Star - Professional Matrix Back Chair with 2-to-1 Synchro Tilt and Mesh Fabric Seat,701.96,168.4704,0.0,1
New York,Chairs,Hon Every-Day Series Multi-Task Chairs,1522.638,169.182,0.1,1
New York,Furnishings,"Howard Miller 11-1/2"" Diameter Ridgewood Wall Clock",415.52,170.3632,0.0,2
Kentucky,Phones,LG G3,587.97,170.5113,0.0,1
Delaware,Phones,LG G3,587.97,170.5113,0.0,1
New York,Chairs,Office Star - Contemporary Swivel Chair with Padded Adjustable Arms and Flex Back,1395.7020000000002,170.5858,0.1,2
New York,Chairs,"Global Leather Highback Executive Chair with Pneumatic Height Adjustment, Black",904.41,170.833,0.1,2
Georgia,Paper,White Computer Printout Paper by Universal,348.84,170.9316,0.0,1
New York,Phones,Apple iPhone 5S,569.99,170.997,0.0,1
California,Storage,Economy Rollaway Files,660.8,171.808,0.0,2
Arkansas,Accessories,Razer Tiamat Over Ear 7.1 Surround Sound PC Gaming Headset,399.98,171.9914,0.0,1
New Jersey,Appliances,Eureka Sanitaire  Commercial Upright,662.84,172.3384,0.0,1
Arkansas,Bookcases,"Hon Metal Bookcases, Gray",638.82,172.4814,0.0,1
Washington,Accessories,Logitech Illuminated - Keyboard,359.94,172.7712,0.0,2
California,Accessories,Logitech G600 MMO Gaming Mouse,479.94,172.7784,0.0,3
Michigan,Chairs,Harbour Creations 67200 Series Stacking Chairs,640.62,172.9674,0.0,2
Virginia,Phones,Plantronics Voyager Pro Legend,617.97,173.0316,0.0,1
Minnesota,Tables,"Bush Cubix Conference Tables, Fully Assembled",692.94,173.235,0.0,1
California,Tables,"Bush Cubix Conference Tables, Fully Assembled",2771.76,173.235,0.2,2
Wisconsin,Accessories,Logitech Wireless Headset h800,499.95,174.9825,0.0,1
California,Binders,Ibico Recycled Linen-Style Covers,499.96799999999996,174.9888,0.2,2
New York,Copiers,Canon Imageclass D680 Copier / Fax,559.992,174.9975,0.2,1
New York,Furnishings,Executive Impressions Supervisor Wall Clock,547.3,175.136,0.0,1
California,Accessories,Razer Kraken 7.1 Surround Sound Over Ear USB Gaming Headset,399.96000000000004,175.98239999999998,0.0,2
New York,Phones,Polycom SoundPoint IP 450 VoIP phone,677.58,176.1708,0.0,1
South Carolina,Phones,HTC One Mini,629.95,176.386,0.0,1
Rhode Island,Phones,VTech DS6151,629.95,176.386,0.0,1
Wisconsin,Chairs,Hon GuestStacker Chair,680.01,176.8026,0.0,1
California,Machines,Socket Bluetooth Cordless Hand Scanner (CHS),506.28,177.198,0.2,1
New York,Chairs,Hon Olson Stacker Stools,887.103,177.4206,0.1,1
New York,Accessories,Logitech Wireless Gaming Headset G930,479.97,177.5889,0.0,1
California,Accessories,Logitech Wireless Gaming Headset G930,479.97,177.5889,0.0,1
New York,Paper,"Snap-A-Way Black Print Carbonless Ruled Speed Letter, Triplicate",379.4,178.318,0.0,1
Ohio,Furnishings,"GE 48"" Fluorescent Tube, Cool White Energy Saver, 34 Watts, 30/Box",476.30400000000003,178.614,0.2,2
Vermont,Chairs,Safco Contoured Stacking Chairs,715.2,178.8,0.0,1
Michigan,Appliances,Honeywell Enviracaire Portable HEPA Air Cleaner for up to 10 x 16 Room,555.21,178.901,0.1,1
California,Appliances,Hoover Shoulder Vac Commercial Portable Vacuum,715.64,178.91,0.0,1
Minnesota,Appliances,Hoover Shoulder Vac Commercial Portable Vacuum,715.64,178.91,0.0,1
Arizona,Accessories,NETGEAR AC1750 Dual Band Gigabit Smart WiFi Router,1023.936,179.1888,0.2,1
Nevada,Machines,Panasonic KX MB2061 Multifunction Printer,2396.4,179.73,0.2,1
Virginia,Chairs,Hon 4070 Series Pagoda Round Back Stacking Chairs,641.96,179.7488,0.0,1
California,Binders,Ibico EB-19 Dual Function Manual Binding System,553.568,179.9096,0.2,2
Florida,Phones,Wilson SignalBoost 841262 DB PRO Amplifier Kit,1439.8,179.975,0.2,2
Pennsylvania,Copiers,Sharp AL-1530CS Digital Copier,1199.976,179.9964,0.4,1
California,Bookcases,DMI Eclipse Executive Suite Bookcases,3832.4970000000003,180.3528,0.15,2
California,Tables,Bretford CR8500 Series Meeting Room Furniture,2887.056,180.441,0.2,1
California,Binders,Satellite Sectional Post Binders,555.648,180.5856,0.2,4
California,Paper,Xerox 1893,368.91,180.7659,0.0,2
California,Paper,Xerox 1945,368.91,180.7659,0.0,1
Michigan,Paper,"White Dual Perf Computer Printout Paper, 2700 Sheets, 1 Part, Heavyweight, 20 lbs., 14 7/8 x 11",368.91,180.7659,0.0,1
California,Envelopes,"Strathmore #10 Envelopes, Ultimate White",368.97,180.7953,0.0,2
Minnesota,Chairs,"Global Airflow Leather Mesh Back Chair, Black",603.92,181.176,0.0,1
Michigan,Binders,Catalog Binders with Expanding Posts,403.68,181.656,0.0,1
Arkansas,Phones,Apple iPhone 5C,699.93,181.9818,0.0,1
Massachusetts,Binders,Fellowes PB300 Plastic Comb Binding Machine,387.99,182.3553,0.0,1
California,Chairs,Office Star - Professional Matrix Back Chair with 2-to-1 Synchro Tilt and Mesh Fabric Seat,3650.192,182.5096,0.20000000000000004,3
New York,Binders,Ibico Ibimaster 300 Manual Binding System,588.784,183.995,0.2,1
Michigan,Phones,Jabra SPEAK 410,657.93,184.2204,0.0,1
Alabama,Accessories,Enermax Acrylux Wireless Keyboard,498.0,184.26,0.0,1
Connecticut,Bookcases,"Hon Metal Bookcases, Putty",638.82,185.2578,0.0,1
California,Phones,ClearOne CHATAttach 160 - speaker phone,1487.976,185.997,0.2,1
New York,Appliances,Kensington 7 Outlet MasterPiece Power Center with Fax/Phone Line Protection,622.4399999999999,186.732,0.0,2
New York,Storage,Iceberg Mobile Mega Data/Printer Cart ,721.98,187.7148,0.0,2
New York,Phones,Samsung Galaxy S4,625.99,187.797,0.0,1
Kentucky,Phones,Vtech CS6719,671.93,188.1404,0.0,1
Georgia,Chairs,Global Ergonomic Managers Chair,723.92,188.2192,0.0,1
California,Storage,Fellowes Staxonsteel Drawer Files,1352.19,189.3066,0.0,2
Wisconsin,Chairs,Hon Mobius Operator's Chair,860.93,189.4046,0.0,1
Georgia,Machines,Lexmark X 9575 Professional All-in-One Color Printer,396.0,190.08,0.0,1
Tennessee,Furnishings,Howard Miller 12-3/4 Diameter Accuwave DS  Wall Clock,692.472,190.4298,0.2,1
California,Chairs,Global Comet Stacking Armless Chair,1913.92,191.392,0.20000000000000004,3
California,Furnishings,"Howard Miller 11-1/2"" Diameter Ridgewood Wall Clock",467.46,191.6586,0.0,1
New York,Accessories,Kensington Orbit Wireless Mobile Trackball for PC and Mac,599.9,191.968,0.0,1
Ohio,Copiers,Hewlett Packard LaserJet 3310 Copier,1439.976,191.9968,0.4,1
New York,Paper,Xerox 1908,391.85999999999996,192.0114,0.0,2
Delaware,Phones,Wilson Electronics DB Pro Signal Booster,716.0,193.32,0.0,1
Kentucky,Phones,Samsung Galaxy S III - 16GB - pebble blue (T-Mobile),699.98,195.9944,0.0,1
Wisconsin,Phones,Samsung Galaxy S III - 16GB - pebble blue (T-Mobile),699.98,195.9944,0.0,1
California,Envelopes,Ames Color-File Green Diamond Border X-ray Mailers,419.9,197.353,0.0,1
New York,Appliances,Avanti 1.7 Cu. Ft. Refrigerator,706.86,197.9208,0.0,1
Missouri,Appliances,Avanti 1.7 Cu. Ft. Refrigerator,706.86,197.9208,0.0,1
Mississippi,Phones,Samsung Galaxy Note 3,659.97,197.991,0.0,1
New York,Appliances,Honeywell Enviracaire Portable HEPA Air Cleaner for 17' x 22' Room,601.3,198.429,0.0,1
New York,Furnishings,"GE 48"" Fluorescent Tube, Cool White Energy Saver, 34 Watts, 30/Box",396.92,198.46,0.0,1
California,Chairs,Global Troy Executive Leather Low-Back Tilter,3206.272,200.392,0.20000000000000004,3
Alabama,Tables,Bretford CR8500 Series Meeting Room Furniture,801.96,200.49,0.0,1
Michigan,Tables,Bretford CR8500 Series Meeting Room Furniture,801.96,200.49,0.0,1
California,Bookcases,"Atlantic Metals Mobile 3-Shelf Bookcases, Custom Colors",1552.831,200.9546,0.15,1
New York,Paper,Xerox 189,419.4,201.312,0.0,1
California,Furnishings,Deflect-o DuraMat Antistatic Studded Beveled Mat for Medium Pile Carpeting,842.72,202.2528,0.0,1
Massachusetts,Bookcases,"Atlantic Metals Mobile 3-Shelf Bookcases, Custom Colors",782.94,203.5644,0.0,1
New York,Binders,Avery Arch Ring Binders,604.24,203.931,0.20000000000000004,3
Texas,Envelopes,Ames Color-File Green Diamond Border X-ray Mailers,604.656,204.0714,0.2,1
Kentucky,Phones,Wireless Extenders zBoost YX545 SOHO Signal Booster,755.96,204.1092,0.0,1
California,Furnishings,"Howard Miller 14-1/2"" Diameter Chrome Round Wall Clock",639.4,204.608,0.0,2
California,Storage,Tennsco Double-Tier Lockers,1575.14,204.7682,0.0,1
California,Chairs,Global Deluxe High-Back Manager's Chair,1830.272,205.9056,0.2,2
Wisconsin,Accessories,Enermax Aurora Lite Keyboard,468.9,206.316,0.0,1
California,Binders,GBC Therma-A-Bind 250T Electric Binding System,590.352,206.6232,0.2,1
New York,Binders,GBC Therma-A-Bind 250T Electric Binding System,590.352,206.6232,0.2,1
Washington,Paper,Xerox 1917,440.19,206.8893,0.0,1
California,Tables,Hon Non-Folding Utility Tables,1656.824,207.103,0.2,2
Massachusetts,Storage,Letter Size Cart,714.3,207.147,0.0,1
Indiana,Storage,Letter Size Cart,714.3,207.147,0.0,1
New York,Appliances,Honeywell Quietcare HEPA Air Cleaner,629.2,207.63600000000002,0.0,2
New York,Furnishings,Luxo Adjustable Task Clamp Lamp,799.56,207.8856,0.0,1
Maryland,Machines,Fellowes Powershred HS-440 4-Sheet High Security Shredder,464.97,209.2365,0.0,1
Washington,Machines,Okidata MB491 Multifunction Printer,2395.2,209.58,0.2,1
California,Art,Boston Heavy-Duty Trimline Electric Pencil Sharpeners,723.0,209.67,0.0,3
Pennsylvania,Accessories,Logitech Wireless Headset h800,1119.888,209.979,0.2,1
Michigan,Copiers,Brother DCP1000 Digital 3 in 1 Multifunction Machine,599.98,209.993,0.0,1
Massachusetts,Binders,GBC DocuBind P50 Personal Binding Machine,447.86,210.4942,0.0,1
California,Chairs,Global Leather Executive Chair,1684.752,210.594,0.2,1
Arizona,Phones,Samsung Galaxy S4 Mini,1879.96,211.4955,0.2,1
California,Storage,"File Shuttle II and Handi-File, Black",847.25,211.8125,0.0,4
Massachusetts,Chairs,Global Italian Leather Office Chair,785.88,212.1876,0.0,1
Wisconsin,Appliances,Belkin 5 Outlet SurgeMaster Power Centers,762.72,213.5616,0.0,2
Kentucky,Furnishings,"3M Polarizing Task Lamp with Clamp Arm, Light Gray",821.88,213.6888,0.0,1
Oklahoma,Furnishings,"3M Polarizing Task Lamp with Clamp Arm, Light Gray",821.88,213.6888,0.0,1
Oklahoma,Phones,AT&T 1080 Phone,821.94,213.7044,0.0,1
New Jersey,Chairs,Global Commerce Series High-Back Swivel/Tilt Chairs,854.94,213.735,0.0,1
New York,Chairs,Global Commerce Series High-Back Swivel/Tilt Chairs,1282.41,213.735,0.1,1
California,Accessories,Logitech Gaming G510s - Keyboard,594.93,214.1748,0.0,2
Kentucky,Storage,Economy Rollaway Files,826.0,214.76,0.0,1
California,Storage,Fellowes Super Stor/Drawer Files,1130.85,214.8615,0.0,3
Washington,Storage,Fellowes Super Stor/Drawer Files,1130.85,214.8615,0.0,2
California,Accessories,Logitech Wireless Marathon Mouse M705,499.9,214.957,0.0,2
Missouri,Tables,Bevis Round Conference Table Top & Single Column Base,1024.38,215.1198,0.0,1
New York,Phones,Toshiba IPT2010-SD IP Telephone,833.94,216.8244,0.0,1
Louisiana,Accessories,Plantronics CS510 - Over-the-Head monaural Wireless Headset System,659.9,217.767,0.0,1
California,Accessories,Plantronics CS510 - Over-the-Head monaural Wireless Headset System,659.9,217.767,0.0,1
Missouri,Appliances,Sanyo 2.5 Cubic Foot Mid-Size Office Refrigerators,839.43,218.2518,0.0,1
West Virginia,Paper,Xerox 1908,447.84,219.4416,0.0,1
Utah,Paper,Xerox 1934,447.84,219.4416,0.0,1
Delaware,Binders,GBC ProClick Punch Binding System,447.86,219.4514,0.0,1
Massachusetts,Binders,GBC ProClick Punch Binding System,447.86,219.4514,0.0,1
Louisiana,Binders,Satellite Sectional Post Binders,477.51,219.6546,0.0,1
Michigan,Binders,GBC Recycled Regency Composition Covers,478.24,219.9904,0.0,1
New York,Phones,BlackBerry Q10,881.93,220.4825,0.0,1
Missouri,Phones,Panasonic KX-TG9541B DECT 6.0 Digital 2-Line Expandable Cordless Phone With Digital Answering System,449.97,220.4853,0.0,1
Virginia,Phones,Konftel 250 Conference phone - Charcoal black,854.46,222.1596,0.0,2
California,Storage,"Sauder Facets Collection Locker/File Cabinet, Sky Alder Finish",1112.94,222.588,0.0,1
California,Machines,Star Micronics TSP800 TSP847IIU Receipt Printer,686.32,223.054,0.2,1
Michigan,Accessories,Logitech G19 Programmable Gaming Keyboard,1239.9,223.182,0.0,2
Wisconsin,Phones,Nortel Meridian M3904 Professional Digital phone,769.95,223.2855,0.0,1
Colorado,Chairs,SAFCO Arco Folding Chair,1988.6399999999999,223.72199999999998,0.2,2
Tennessee,Phones,Samsung Galaxy S III - 16GB - pebble blue (T-Mobile),2239.936,223.9936,0.2,1
Indiana,Binders,GBC DocuBind P100 Manual Binding Machine,497.94,224.073,0.0,1
Arkansas,Chairs,Hon 4700 Series Mobuis Mid-Back Task Chairs with Adjustable Arms,1067.94,224.2674,0.0,1
Washington,Accessories,Imation Bio 8GB USB Flash Drive Imation Corp,1496.16,224.424,0.0,1
New York,Phones,Digium D40 VoIP phone,773.94,224.4426,0.0,1
Kentucky,Chairs,Hon Multipurpose Stacking Arm Chairs,866.4,225.264,0.0,1
Mississippi,Chairs,Hon Multipurpose Stacking Arm Chairs,866.4,225.264,0.0,1
New Jersey,Machines,Lexmark 20R1285 X6650 Wireless All-in-One Printer,480.0,225.6,0.0,1
California,Tables,Bretford Rectangular Conference Table Tops,6018.08,225.678,0.2,5
California,Bookcases,"Atlantic Metals Mobile 5-Shelf Bookcases, Custom Colors",1279.165,225.735,0.15,1
Missouri,Storage,Smead Adjustable Mobile File Trolley with Lockable Top,838.38,226.3626,0.0,1
Michigan,Chairs,Global Executive Mid-Back Manager's Chair,872.94,226.9644,0.0,1
Maryland,Chairs,"Global Fabric Manager's Chair, Dark Gray",908.82,227.205,0.0,1
Oregon,Labels,"Dot Matrix Printer Tape Reel Labels, White, 5000/Box",629.184,228.0792,0.2,1
California,Envelopes,"Tyvek Interoffice Envelopes, 9 1/2"" x 12 1/2"", 100/Box",487.84,229.28480000000002,0.0,2
Arkansas,Phones,Adtran 1202752G1,881.93,229.3018,0.0,1
Wisconsin,Accessories,Logitech diNovo Edge Keyboard,999.96,229.9908,0.0,1
New Mexico,Paper,Xerox 1885,480.4,230.59199999999998,0.0,2
Michigan,Tables,Chromcraft Bull-Nose Wood Oval Conference Tables & Bases,1652.94,231.4116,0.0,1
Texas,Storage,"Hot File 7-Pocket, Floor Stand",1856.088,232.011,0.2,2
Connecticut,Phones,Polycom SoundPoint Pro SE-225 Corded phone,832.93,233.2204,0.0,1
Missouri,Copiers,Canon PC1080F Personal Copier,599.99,233.9961,0.0,1
California,Appliances,Kensington 6 Outlet MasterPiece HOMEOFFICE Power Control Center,812.1600000000001,235.52639999999997,0.0,2
Delaware,Bookcases,Sauder Inglewood Library Bookcases,1025.88,235.9524,0.0,1
Oklahoma,Phones,Avaya 5420 Digital phone,944.93,236.2325,0.0,1
Texas,Phones,ShoreTel ShorePhone IP 230 VoIP phone,1892.688,236.586,0.2,2
Nevada,Storage,Tennsco 6- and 18-Compartment Lockers,1325.85,238.653,0.0,1
Massachusetts,Storage,Tennsco 6- and 18-Compartment Lockers,1325.85,238.653,0.0,1
California,Furnishings,Luxo Professional Combination Clamp-On Lamps,920.7,239.382,0.0,3
California,Accessories,SanDisk Cruzer 64 GB USB Flash Drive,799.04,239.71200000000002,0.0,4
Washington,Tables,Hon 94000 Series Round Tables,2665.62,239.9058,0.0,1
New York,Accessories,Razer Kraken PRO Over Ear PC and Music Headset,799.9,239.97000000000003,0.0,2
Florida,Accessories,Razer Kraken 7.1 Surround Sound Over Ear USB Gaming Headset,799.92,239.976,0.2,1
Louisiana,Machines,DYMO CardScan Personal V9 Business Card Scanner,479.97,239.985,0.0,1
Pennsylvania,Copiers,Hewlett Packard LaserJet 3310 Copier,1799.97,239.996,0.4,1
Utah,Tables,Bretford CR4500 Series Slim Rectangular Table,1044.63,240.2649,0.0,1
Indiana,Chairs,SAFCO Arco Folding Chair,828.6,240.294,0.0,1
Mississippi,Binders,GBC DocuBind P50 Personal Binding Machine,511.84,240.5648,0.0,1
Alabama,Labels,"Dot Matrix Printer Tape Reel Labels, White, 5000/Box",491.55,240.8595,0.0,1
Indiana,Tables,Balt Solid Wood Round Tables,2678.94,241.1046,0.0,1
Washington,Binders,GBC DocuBind P50 Personal Binding Machine,716.576,241.8444,0.2,2
Rhode Island,Chairs,"Lifetime Advantage Folding Chairs, 4/Carton",872.32,244.2496,0.0,1
Massachusetts,Chairs,"Lifetime Advantage Folding Chairs, 4/Carton",872.32,244.2496,0.0,1
California,Envelopes,Tyvek Side-Opening Peel & Seel Expanding Envelopes,542.88,244.296,0.0,2
Oklahoma,Accessories,Logitech P710e Mobile Speakerphone,1287.45,244.6155,0.0,1
Washington,Accessories,Logitech P710e Mobile Speakerphone,1287.45,244.6155,0.0,1
Ohio,Accessories,Logitech Wireless Gaming Headset G930,1151.9279999999999,244.78470000000002,0.2,2
New York,Accessories,Plantronics Audio 478 Stereo USB Headset,699.86,244.95100000000002,0.0,2
California,Accessories,Logitech Wireless Headset h800,699.9300000000001,244.97549999999998,0.0,3
Virginia,Tables,Bevis 44 x 96 Conference Tables,1441.3,245.021,0.0,1
Michigan,Appliances,Harmony Air Purifier,850.5,245.7,0.1,1
New Hampshire,Phones,"Ativa D5772 2-Line 5.8GHz Digital Expandable Corded/Cordless Phone System with Answering & Caller ID/Call Waiting, Black/Silver",824.95,247.485,0.0,1
Colorado,Phones,ClearOne CHATAttach 160 - speaker phone,1983.968,247.996,0.2,1
Virginia,Furnishings,"Electrix Architect's Clamp-On Swing Arm Lamp, Black",859.14,249.1506,0.0,1
New York,Paper,Xerox 1906,531.5999999999999,249.852,0.0,2
New York,Copiers,Hewlett Packard 610 Color Digital Copier / Printer,799.984,249.995,0.2,1
California,Storage,Iceberg Mobile Mega Data/Printer Cart ,962.64,250.2864,0.0,2
Washington,Tables,"Hon Practical Foundations 30 x 60 Training Table, Light Gray/Charcoal",1137.75,250.305,0.0,1
California,Appliances,Kensington 4 Outlet MasterPiece Compact Power Control Center,894.52,250.4656,0.0,2
Connecticut,Chairs,Global Comet Stacking Armless Chair,897.15,251.202,0.0,1
Michigan,Paper,Xerox 1915,524.25,251.64000000000001,0.0,2
Oklahoma,Appliances,Hoover Upright Vacuum With Dirt Cup,868.59,251.8911,0.0,1
California,Phones,netTALK DUO VoIP Telephone Service,671.872,251.95200000000003,0.2,4
New York,Binders,GBC DocuBind 200 Manual Binding Machine,673.568,252.588,0.2,1
Maryland,Furnishings,Electrix Halogen Magnifier Lamp,971.5,252.59,0.0,1
New York,Appliances,Avanti 4.4 Cu. Ft. Refrigerator,904.9,253.372,0.0,1
California,Appliances,Avanti 4.4 Cu. Ft. Refrigerator,904.9000000000001,253.372,0.0,2
California,Accessories,Kensington Expert Mouse Optical USB Trackball for PC or Mac,854.9100000000001,256.473,0.0,3
California,Phones,Samsung Galaxy Note 2,2575.944,257.5944,0.2,1
New York,Storage,Economy Rollaway Files,991.2,257.712,0.0,1
Mississippi,Accessories,Razer Tiamat Over Ear 7.1 Surround Sound PC Gaming Headset,599.97,257.9871,0.0,1
Louisiana,Accessories,Plantronics S12 Corded Telephone Headset System,646.74,258.696,0.0,1
California,Accessories,Logitech Illuminated - Keyboard,539.9100000000001,259.1568,0.0,3
California,Accessories,NETGEAR N750 Dual Band Wi-Fi Gigabit Router,720.0,259.2,0.0,2
Washington,Tables,"Chromcraft Bull-Nose Wood Round Conference Table Top, Wood Base",1524.9499999999998,259.2415,0.0,2
Idaho,Tables,Bretford Rectangular Conference Table Tops,1128.39,259.5297,0.0,1
Washington,Bookcases,"Rush Hierlooms Collection 1"" Thick Stackable Bookcases",1367.84,259.8896,0.0,1
New York,Chairs,Global Ergonomic Managers Chair,1465.938,260.6112,0.1,2
Massachusetts,Chairs,Office Star - Ergonomic Mid Back Chair with 2-Way Adjustable Arms,1628.82,260.6112,0.0,1
New York,Envelopes,Staple envelope,545.62,261.8026,0.0,10
New York,Chairs,SAFCO Arco Folding Chair,1242.9,262.39,0.1,1
Georgia,Storage,Tennsco Double-Tier Lockers,2025.1799999999998,263.27340000000004,0.0,2
New York,Phones,Plantronics Calisto P620-M USB Wireless Speakerphone System,979.95,264.5865,0.0,1
Texas,Phones,Jawbone JAMBOX Wireless Bluetooth Speaker,758.352,265.4232,0.2,1
Delaware,Chairs,Office Star - Contemporary Swivel Chair with Padded Adjustable Arms and Flex Back,1268.82,266.4522,0.0,1
New York,Accessories,WD My Passport Ultra 2TB Portable External Hard Drive,1666.0,266.56,0.0,3
California,Accessories,Logitech G19 Programmable Gaming Keyboard,1487.88,267.8184,0.0,2
New York,Phones,Nortel Meridian M3904 Professional Digital phone,923.94,267.94259999999997,0.0,3
New York,Machines,Star Micronics TSP100 TSP143LAN Receipt Printer,1035.8,269.308,0.0,1
Texas,Copiers,Canon PC-428 Personal Copier,799.96,269.9865,0.2,2
Connecticut,Bookcases,"Atlantic Metals Mobile 3-Shelf Bookcases, Custom Colors",1043.92,271.4192,0.0,1
California,Furnishings,"Howard Miller 11-1/2"" Diameter Brentwood Wall Clock",646.95,271.719,0.0,3
Maryland,Furnishings,Luxo Professional Fluorescent Magnifier Lamp with Clamp-Mount Base,1049.2,272.792,0.0,1
California,Furnishings,Luxo Professional Fluorescent Magnifier Lamp with Clamp-Mount Base,1049.2,272.792,0.0,1
New York,Phones,Motorola L703CM,1091.93,272.9825,0.0,1
Alabama,Phones,Panasonic KX-TG9471B,979.95,274.386,0.0,1
Kentucky,Binders,Ibico Hi-Tech Manual Binding System,609.98,274.491,0.0,1
Minnesota,Copiers,Sharp 1540cs Digital Laser Copier,549.99,274.995,0.0,1
Michigan,Copiers,Sharp 1540cs Digital Laser Copier,549.99,274.995,0.0,1
California,Furnishings,Dana Halogen Swing-Arm Architect Lamp,983.28,275.3184,0.0,4
Minnesota,Accessories,Imation Bio 2GB USB Flash Drive Imation Corp,655.9,275.478,0.0,1
Washington,Chairs,Global Troy Executive Leather Low-Back Tilter,4408.624,275.539,0.2,2
New Jersey,Phones,Bose SoundLink Bluetooth Speaker,597.0,280.59,0.0,1
New York,Chairs,Global Leather Executive Chair,1263.564,280.792,0.1,2
Massachusetts,Phones,GE 30524EE4,979.95,284.1855,0.0,1
Virginia,Chairs,Global Commerce Series High-Back Swivel/Tilt Chairs,1139.92,284.98,0.0,1
Wisconsin,Phones,Mitel MiVoice 5330e IP Phone,1099.96,285.9896,0.0,1
New York,Storage,Tennsco 6- and 18-Compartment Lockers,1591.02,286.3836,0.0,1
California,Machines,DYMO CardScan Personal V9 Business Card Scanner,767.952,287.982,0.2,1
California,Chairs,Hon Pagoda Stacking Chairs,2311.056,288.882,0.2,2
New York,Chairs,Hon 4070 Series Pagoda Round Back Stacking Chairs,1444.4099999999999,288.882,0.1,2
California,Appliances,APC 7 Outlet Network SurgeArrest Surge Protector,965.76,289.728,0.0,4
Washington,Storage,Letter Size Cart,1000.02,290.0058,0.0,1
Georgia,Appliances,Holmes Harmony HEPA Air Purifier for 17 x 20 Room,675.12,290.3016,0.0,1
Georgia,Phones,Motorola Droid Maxx,1049.93,293.9804,0.0,1
New York,Binders,GBC DocuBind 300 Electric Binding Machine,841.568,294.5488,0.2,1
California,Binders,GBC DocuBind 300 Electric Binding Machine,841.568,294.5488,0.2,1
Connecticut,Chairs,Hon GuestStacker Chair,1133.35,294.671,0.0,1
California,Labels,"Avery 4027 File Folder Labels for Dot Matrix Printers, 5000 Labels per Box, White",641.13,294.9198,0.0,3
California,Bookcases,"Atlantic Metals Mobile 4-Shelf Bookcases, Custom Colors",1671.831,295.029,0.15,2
New York,Machines,Ativa MDM8000 8-Sheet Micro-Cut Shredder,629.93,296.0671,0.0,1
Massachusetts,Appliances,Honeywell Enviracaire Portable HEPA Air Cleaner for 17' x 22' Room,901.95,297.6435,0.0,1
Maryland,Appliances,Honeywell Enviracaire Portable HEPA Air Cleaner for 17' x 22' Room,901.95,297.6435,0.0,1
Georgia,Furnishings,"GE 48"" Fluorescent Tube, Cool White Energy Saver, 34 Watts, 30/Box",595.38,297.69,0.0,1
New York,Phones,AT&T CL83451 4-Handset Telephone,1029.95,298.6855,0.0,1
California,Paper,Xerox 1891,635.83,298.8401,0.0,4
Pennsylvania,Accessories,Plantronics CS510 - Over-the-Head monaural Wireless Headset System,1847.7199999999998,300.2545,0.2,2
California,Phones,Wilson Electronics DB Pro Signal Booster,3436.8,300.72,0.20000000000000004,3
Virginia,Tables,Bretford CR8500 Series Meeting Room Furniture,1202.94,300.735,0.0,1
Wisconsin,Paper,Xerox 1915,629.1,301.968,0.0,1
Alabama,Paper,Xerox 1915,629.1,301.968,0.0,1
Kentucky,Paper,Multicolor Computer Printout Paper,629.1,301.968,0.0,1
California,Paper,Multicolor Computer Printout Paper,629.1,301.968,0.0,2
California,Storage,"Fellowes Mobile File Cart, Black",1119.24,302.1948,0.0,5
California,Binders,GBC DocuBind TL200 Manual Binding Machine,895.92,302.373,0.2,1
Washington,Binders,GBC DocuBind TL200 Manual Binding Machine,895.92,302.373,0.2,1
New York,Binders,GBC DocuBind TL200 Manual Binding Machine,895.92,302.373,0.2,1
North Carolina,Accessories,Plantronics Savi W720 Multi-Device Wireless Headset System,1012.68,303.804,0.2,1
California,Binders,Ibico Hi-Tech Manual Binding System,975.968,304.99,0.2,2
Utah,Appliances,Hoover WindTunnel Plus Canister Vacuum,1089.75,305.13,0.0,1
Wisconsin,Appliances,Hoover WindTunnel Plus Canister Vacuum,1089.75,305.13,0.0,1
Alabama,Chairs,"Global Manager's Adjustable Task Chair, Storm",1056.86,306.4894,0.0,1
Virginia,Chairs,Hon Olson Stacker Chairs,1059.12,307.1448,0.0,1
California,Accessories,Logitech G500s Laser Gaming Mouse with Adjustable Weight Tuning,909.8699999999999,309.35580000000004,0.0,2
California,Accessories,Logitech G35 7.1-Channel Surround Sound Headset,909.9300000000001,309.3762,0.0,2
California,Storage,Tennsco 16-Compartment Lockers with Coat Rack,1295.78,310.9872,0.0,1
Washington,Tables,"Bevis Round Bullnose 29"" High Table Top",1298.55,311.652,0.0,1
Florida,Copiers,Canon Image Class D660 Copier,959.984,311.9948,0.2,1
Pennsylvania,Appliances,Honeywell Enviracaire Portable HEPA Air Cleaner for 17' x 22' Room,1924.16,312.676,0.2,1
New York,Chairs,Hon 4700 Series Mobuis Mid-Back Task Chairs with Adjustable Arms,2563.056,313.2624,0.1,1
Kentucky,Chairs,DMI Arturo Collection Mission-style Design Wood Chair,1207.84,314.0384,0.0,1
Virginia,Tables,"Chromcraft Bull-Nose Wood 48"" x 96"" Rectangular Conference Tables",1652.94,314.0586,0.0,1
New York,Binders,Fellowes PB300 Plastic Comb Binding Machine,931.176,314.2719,0.2,1
California,Binders,Fellowes PB300 Plastic Comb Binding Machine,931.176,314.2719,0.2,1
Alabama,Copiers,Brother DCP1000 Digital 3 in 1 Multifunction Machine,899.97,314.9895,0.0,1
California,Copiers,Brother DCP1000 Digital 3 in 1 Multifunction Machine,1679.944,314.9895,0.2,2
Massachusetts,Storage,Adjustable Depth Letter/Legal Cart,1088.76,315.7404,0.0,1
New Hampshire,Binders,GBC DocuBind TL200 Manual Binding Machine,671.94,315.8118,0.0,1
Georgia,Storage,"24 Capacity Maxi Data Binder Racks, Pearl",1263.3,315.825,0.0,1
Alabama,Tables,"SAFCO PlanMaster Boards, 60w x 37-1/2d, White Melamine",1215.92,316.1392,0.0,1
District of Columbia,Chairs,Global Comet Stacking Arm Chair,1267.53,316.8825,0.0,1
Arkansas,Binders,Ibico EB-19 Dual Function Manual Binding System,691.96,318.3016,0.0,1
Nevada,Tables,Global Adaptabilities Conference Tables,1685.88,320.3172,0.0,1
Virginia,Appliances,Honeywell Enviracaire Portable HEPA Air Cleaner for 16' x 20' Room,826.11,322.1829,0.0,1
Michigan,Phones,Polycom CX600 IP Phone VoIP phone,1199.8,323.946,0.0,1
Maryland,Phones,Polycom VVX 310 VoIP phone,1259.93,327.5818,0.0,1
Florida,Phones,Samsung Galaxy Mega 6.3,4367.896,327.5922,0.2,1
New York,Phones,Samsung Galaxy Mega 6.3,1259.97,327.5922,0.0,1
Michigan,Tables,Chromcraft Round Conference Tables,1568.61,329.4081,0.0,1
California,Copiers,Sharp 1540cs Digital Laser Copier,879.984,329.994,0.2,1
New York,Copiers,Sharp 1540cs Digital Laser Copier,879.984,329.994,0.2,1
New Jersey,Binders,Ibico Ibimaster 300 Manual Binding System,735.98,331.191,0.0,1
Minnesota,Binders,Ibico Ibimaster 300 Manual Binding System,735.98,331.191,0.0,1
California,Storage,Letter Size Cart,1142.88,331.4352,0.0,2
New York,Binders,GBC DocuBind P100 Manual Binding Machine,1062.272,331.96,0.2,2
Washington,Tables,Hon Non-Folding Utility Tables,1115.17,334.551,0.0,1
Illinois,Copiers,Hewlett Packard LaserJet 3310 Copier,959.984,335.9944,0.2,1
Vermont,Phones,Nortel Meridian M5316 Digital phone,1294.75,336.635,0.0,1
Michigan,Labels,"Dot Matrix Printer Tape Reel Labels, White, 5000/Box",688.1700000000001,337.2033,0.0,2
New York,Appliances,"1.7 Cubic Foot Compact ""Cube"" Office Refrigerators",1248.96,337.2192,0.0,2
Illinois,Phones,Apple iPhone 5S,2735.952,341.994,0.2,1
Washington,Accessories,Razer Tiamat Over Ear 7.1 Surround Sound PC Gaming Headset,799.96,343.9828,0.0,1
Louisiana,Tables,Bretford Rectangular Conference Table Tops,1504.52,346.0396,0.0,1
Washington,Storage,Deluxe Rollaway Locking File with Drawer,1247.64,349.3392,0.0,1
New York,Storage,Deluxe Rollaway Locking File with Drawer,1247.64,349.3392,0.0,1
Oklahoma,Tables,"Hon Practical Foundations 30 x 60 Training Table, Light Gray/Charcoal",1592.85,350.427,0.0,1
California,Paper,Xerox 1941,733.95,352.296,0.0,1
New York,Phones,Polycom SoundStation2 EX Conference phone,1214.85,352.3065,0.0,1
California,Phones,Samsung Galaxy Mega 6.3,4703.888,352.7916,0.2,2
Maryland,Accessories,Maxell iVDR EX 500GB Cartridge,826.62,355.4466,0.0,1
New York,Chairs,Office Star - Mid Back Dual function Ergonomic High Back Chair with 2-Way Adjustable Arms,2462.9939999999997,355.7658,0.10000000000000002,3
Washington,Tables,Bevis 36 x 72 Conference Tables,1618.37,356.0414,0.0,1
Indiana,Chairs,Global Commerce Series High-Back Swivel/Tilt Chairs,1424.9,356.225,0.0,1
New Jersey,Phones,Wireless Extenders zBoost YX545 SOHO Signal Booster,1322.93,357.1911,0.0,1
New York,Phones,Mitel MiVoice 5330e IP Phone,1374.95,357.48699999999997,0.0,2
California,Machines,Cubify CubeX 3D Printer Double Head Print,4799.984,359.9988,0.2,1
Georgia,Appliances,Kensington 7 Outlet MasterPiece Power Center,1245.86,361.2994,0.0,1
Alabama,Phones,Avaya IP Phone 1140E VoIP phone,1394.95,362.687,0.0,1
Washington,Accessories,Plantronics Audio 995 Wireless Stereo Headset,1099.5,362.835,0.0,1
California,Storage,"Dual Level, Single-Width Filing Carts",1395.54,362.84040000000005,0.0,2
New York,Machines,Panasonic KX MC6040 Color Laser Multifunction Printer,1349.85,364.4595,0.0,1
New York,Bookcases,"Atlantic Metals Mobile 4-Shelf Bookcases, Custom Colors",2922.192,365.274,0.20000000000000004,3
Washington,Tables,Hon 5100 Series Wood Tables,2036.86,366.6348,0.0,1
New York,Accessories,Plantronics Savi W720 Multi-Device Wireless Headset System,843.9,371.316,0.0,1
Maryland,Chairs,Hon 4700 Series Mobuis Mid-Back Task Chairs with Adjustable Arms,1779.9,373.779,0.0,1
Oklahoma,Phones,Polycom VVX 310 VoIP phone,1439.92,374.3792,0.0,1
New York,Storage,"Hot File 7-Pocket, Floor Stand",1249.29,374.787,0.0,2
New York,Phones,Aastra 6757i CT Wireless VoIP phone,1292.6399999999999,374.86560000000003,0.0,2
California,Copiers,Hewlett Packard 610 Color Digital Copier / Printer,1199.976,374.9925,0.2,1
Kentucky,Storage,Iceberg Mobile Mega Data/Printer Cart ,1443.96,375.4296,0.0,1
Illinois,Phones,Samsung Galaxy S4,3004.752,375.594,0.2,2
New York,Chairs,Global Troy Executive Leather Low-Back Tilter,2254.41,375.735,0.1,1
Texas,Phones,Bose SoundLink Bluetooth Speaker,1114.4,376.11,0.2,1
Washington,Accessories,Logitech G700s Rechargeable Gaming Mouse,899.91,377.9622,0.0,1
California,Copiers,Canon PC-428 Personal Copier,1119.944,377.98109999999997,0.2,2
Indiana,Phones,Aastra 57i VoIP phone,1454.49,378.1674,0.0,1
Wisconsin,Chairs,Global Executive Mid-Back Manager's Chair,1454.9,378.274,0.0,1
Washington,Binders,Ibico Hi-Tech Manual Binding System,1219.96,381.2375,0.2,1
Oklahoma,Chairs,Hon Olson Stacker Chairs,1323.9,383.931,0.0,1
Washington,Labels,"Dot Matrix Printer Tape Reel Labels, White, 5000/Box",786.48,385.3752,0.0,1
Virginia,Tables,Hon Rectangular Conference Tables,2275.5,386.835,0.0,1
Nebraska,Furnishings,"Electrix Architect's Clamp-On Swing Arm Lamp, Black",1336.44,387.5676,0.0,1
Mississippi,Tables,"Office Impressions End Table, 20-1/2""H x 24""W x 20""D",2430.08,388.8128,0.0,1
Delaware,Binders,Fellowes PB200 Plastic Comb Binding Machine,849.95,390.977,0.0,1
Indiana,Chairs,Hon Multipurpose Stacking Arm Chairs,1516.2,394.212,0.0,1
Iowa,Chairs,Hon Olson Stacker Stools,1408.1,394.268,0.0,1
New York,Accessories,Razer Kraken 7.1 Surround Sound Over Ear USB Gaming Headset,899.91,395.9604,0.0,1
California,Furnishings,"GE 48"" Fluorescent Tube, Cool White Energy Saver, 34 Watts, 30/Box",793.84,396.92,0.0,2
Washington,Tables,Bush Advantage Collection Round Conference Table,1913.4,401.814,0.0,1
Vermont,Storage,Iceberg Mobile Mega Data/Printer Cart ,1564.29,406.7154,0.0,1
Wisconsin,Bookcases,"Atlantic Metals Mobile 3-Shelf Bookcases, Custom Colors",1565.88,407.1288,0.0,1
Indiana,Binders,Ibico Hi-Tech Manual Binding System,914.97,411.7365,0.0,1
California,Appliances,3.6 Cubic Foot Counter Height Office Refrigerator,1473.1,412.468,0.0,1
Michigan,Chairs,Hon GuestStacker Chair,1586.69,412.5394,0.0,1
New York,Accessories,Enermax Aurora Lite Keyboard,937.8,412.632,0.0,3
California,Machines,Swingline SM12-08 MicroCut Jam Free Shredder,1279.968,415.9896,0.2,1
New York,Chairs,HON 5400 Series Task Chairs for Big and Tall,3785.292,420.588,0.1,1
Michigan,Binders,GBC DocuBind TL200 Manual Binding Machine,895.92,421.0824,0.0,1
Virginia,Binders,GBC DocuBind TL300 Electric Binding System,896.99,421.5853,0.0,1
South Carolina,Chairs,Global Comet Stacking Arm Chair,1690.04,422.51,0.0,1
Michigan,Chairs,Hon 4070 Series Pagoda Armless Upholstered Stacking Chairs,1458.65,423.0085,0.0,1
Wisconsin,Chairs,"Lifetime Advantage Folding Chairs, 4/Carton",1526.56,427.4368,0.0,1
California,Storage,"Hot File 7-Pocket, Floor Stand",1427.76,428.328,0.0,2
California,Appliances,Honeywell Enviracaire Portable HEPA Air Cleaner for 16' x 20' Room,1101.48,429.5772,0.0,1
California,Machines,Bady BDG101FRU Card Printer,3839.952,431.9946,0.2,2
New York,Chairs,"Hon Deluxe Fabric Upholstered Stacking Chairs, Rounded Back",1976.2379999999998,439.164,0.1,2
California,Accessories,Imation Bio 2GB USB Flash Drive Imation Corp,1049.44,440.7648,0.0,1
Utah,Copiers,Hewlett Packard 310 Color Digital Copier,1499.95,449.985,0.0,1
Indiana,Copiers,Hewlett Packard 610 Color Digital Copier / Printer,999.98,449.991,0.0,1
Washington,Copiers,Hewlett Packard 610 Color Digital Copier / Printer,999.98,449.991,0.0,1
California,Phones,Apple iPhone 5,5198.64,454.88100000000003,0.2,2
New York,Chairs,Safco Contoured Stacking Chairs,2789.2799999999997,464.88,0.1,2
Massachusetts,Copiers,Canon PC1080F Personal Copier,1199.98,467.9922,0.0,1
Rhode Island,Chairs,Hon Pagoda Stacking Chairs,1604.9,481.47,0.0,1
Rhode Island,Storage,"Hot File 7-Pocket, Floor Stand",1606.23,481.869,0.0,1
Illinois,Copiers,Canon PC940 Copier,1439.968,485.9892,0.2,1
Washington,Tables,"Bevis Oval Conference Table, Walnut",2870.78,488.0326,0.0,2
Virginia,Tables,"Chromcraft 48"" x 96"" Racetrack Double Pedestal Table",2244.48,493.7856,0.0,1
New York,Phones,Panasonic KX-TG9471B,1763.91,493.89480000000003,0.0,2
Minnesota,Appliances,Honeywell Enviracaire Portable HEPA Air Cleaner for 17' x 22' Room,1503.25,496.0725,0.0,1
California,Paper,Xerox 1919,1024.75,502.1275,0.0,5
Massachusetts,Appliances,Hoover Upright Vacuum With Dirt Cup,1737.18,503.7822,0.0,1
New York,Appliances,Kensington 7 Outlet MasterPiece HOMEOFFICE Power Control Center,1704.56,511.368,0.0,1
Kentucky,Chairs,"Hon Deluxe Fabric Upholstered Stacking Chairs, Rounded Back",1707.8600000000001,512.358,0.0,2
Kentucky,Accessories,Logitech diNovo Edge Keyboard,2249.91,517.4793,0.0,1
New Hampshire,Accessories,Logitech diNovo Edge Keyboard,2249.91,517.4793,0.0,1
Oklahoma,Chairs,"Global Leather and Oak Executive Chair, Black",1805.88,523.7052,0.0,1
California,Supplies,High Speed Automatic Electric Letter Opener,13100.24,524.0096,0.0,2
California,Storage,Adjustable Depth Letter/Legal Cart,1814.6000000000001,526.2339999999999,0.0,3
Alabama,Accessories,Logitech Z-906 Speaker sys - home theater - 5.1-CH,1319.96,527.984,0.0,1
Indiana,Chairs,Hon 4070 Series Pagoda Round Back Stacking Chairs,1925.88,539.2464,0.0,1
Wisconsin,Accessories,Plantronics CS510 - Over-the-Head monaural Wireless Headset System,1649.75,544.4175,0.0,1
Indiana,Phones,Samsung Galaxy S4 Mini,1879.96,545.1884,0.0,1
New York,Chairs,Hon Olson Stacker Chairs,2621.322,553.3902,0.1,1
California,Accessories,Plantronics Savi W720 Multi-Device Wireless Headset System,1265.85,556.974,0.0,1
Texas,Copiers,Canon PC1080F Personal Copier,2399.96,569.9905,0.2,1
California,Storage,Tennsco 6- and 18-Compartment Lockers,3182.04,572.7672,0.0,2
New York,Binders,Fellowes PB200 Plastic Comb Binding Machine,1767.896,574.5662,0.2,2
Minnesota,Chairs,Global Deluxe High-Back Manager's Chair,2001.86,580.5394,0.0,1
Rhode Island,Storage,Deluxe Rollaway Locking File with Drawer,2079.4,582.232,0.0,1
California,Appliances,"Acco 7-Outlet Masterpiece Power Center, Wihtout Fax/Phone Line Protection",1945.28,583.5840000000001,0.0,2
Wisconsin,Chairs,"Hon Deluxe Fabric Upholstered Stacking Chairs, Rounded Back",1951.84,585.552,0.0,1
New York,Phones,Xiaomi Mi3,2279.96,592.7896,0.0,1
New York,Accessories,Razer Tiamat Over Ear 7.1 Surround Sound PC Gaming Headset,1399.93,601.9699,0.0,1
New York,Phones,Jawbone JAMBOX Wireless Bluetooth Speaker,1263.92,606.6816,0.0,2
Ohio,Accessories,Plantronics Savi W720 Multi-Device Wireless Headset System,2025.36,607.608,0.2,1
New York,Chairs,Hon 4070 Series Pagoda Armless Upholstered Stacking Chairs,2888.127,609.7157,0.1,1
Washington,Tables,Bush Advantage Collection Racetrack Conference Table,3393.68,610.8624,0.0,1
California,Machines,Zebra GX420t Direct Thermal/Thermal Transfer Printer,5521.88,621.2115,0.2,2
New Jersey,Storage,Tennsco 16-Compartment Lockers with Coat Rack,2591.56,621.9744,0.0,1
Texas,Copiers,Hewlett Packard 610 Color Digital Copier / Printer,1999.96,624.9875,0.2,1
New York,Appliances,Hoover Shoulder Vac Commercial Portable Vacuum,2504.74,626.185,0.0,1
Washington,Tables,"SAFCO PlanMaster Heigh-Adjustable Drafting Table Base, 43w x 30d x 30-37h, Black",1747.25,629.01,0.0,1
New York,Binders,Ibico EB-19 Dual Function Manual Binding System,1937.488,629.6836,0.2,4
New York,Phones,Google Nexus 5,2519.86,629.965,0.0,2
Kentucky,Copiers,Canon Imageclass D680 Copier / Fax,1399.98,629.991,0.0,1
Maryland,Storage,Adjustable Depth Letter/Legal Cart,2177.52,631.4808,0.0,1
New York,Phones,Polycom CX600 IP Phone VoIP phone,2399.6,647.892,0.0,1
District of Columbia,Machines,Cisco SPA525G2 5-Line IP Phone,1379.92,648.5624,0.0,1
Virginia,Accessories,Plantronics CS510 - Over-the-Head monaural Wireless Headset System,1979.7,653.301,0.0,1
California,Chairs,GuestStacker Chair with Chrome Finish Legs,6542.976000000001,654.2976,0.2,5
California,Appliances,Sanyo 2.5 Cubic Foot Mid-Size Office Refrigerators,2518.29,654.7554,0.0,1
New York,Phones,Panasonic KX-TG9541B DECT 6.0 Digital 2-Line Expandable Cordless Phone With Digital Answering System,1349.91,661.4559,0.0,1
Georgia,Bookcases,O'Sullivan 2-Door Barrister Bookcase in Odessa Pine,2895.68,666.0064,0.0,2
Wisconsin,Chairs,Office Star - Professional Matrix Back Chair with 2-to-1 Synchro Tilt and Mesh Fabric Seat,2807.84,673.8816,0.0,1
Michigan,Machines,Lexmark MX611dhe Monochrome Laser Printer,3059.982,679.996,0.1,1
California,Binders,GBC ProClick 150 Presentation Binding System,2022.272,682.5168,0.2,1
California,Accessories,Razer Tiamat Over Ear 7.1 Surround Sound PC Gaming Headset,1599.92,687.9656,0.0,2
Virginia,Appliances,Honeywell Enviracaire Portable HEPA Air Cleaner for 17' x 22' Room,2104.55,694.5015,0.0,1
Michigan,Chairs,HON 5400 Series Task Chairs for Big and Tall,3504.9,700.98,0.0,1
Virginia,Phones,Cisco SPA301,2339.8500000000004,701.9549999999999,0.0,2
Washington,Copiers,Canon PC1080F Personal Copier,1799.97,701.9883,0.0,1
New Jersey,Appliances,"Sanyo Counter Height Refrigerator with Crisper, 3.6 Cubic Foot, Stainless Steel/Black",2625.12,735.0336,0.0,1
Rhode Island,Accessories,Plantronics Savi W720 Multi-Device Wireless Headset System,1687.8,742.632,0.0,1
Nebraska,Phones,ClearOne CHATAttach 160 - speaker phone,2479.96,743.988,0.0,1
Kentucky,Chairs,Global Deluxe High-Back Manager's Chair,2573.82,746.4078,0.0,1
California,Storage,Standard Rollaway File with Lock,2883.04,749.5904,0.0,4
Missouri,Appliances,Honeywell Enviracaire Portable HEPA Air Cleaner for 16' x 20' Room,1927.59,751.7601,0.0,1
Virginia,Copiers,Canon PC-428 Personal Copier,1599.92,751.9624,0.0,1
California,Appliances,Hoover Upright Vacuum With Dirt Cup,2605.77,755.6732999999999,0.0,2
Missouri,Binders,GBC DocuBind 300 Electric Binding Machine,1577.94,757.4112,0.0,1
Kentucky,Binders,GBC DocuBind 300 Electric Binding Machine,1577.94,757.4112,0.0,1
Washington,Binders,Fellowes PB500 Electric Punch Plastic Comb Binding Machine with Manual Bind,2033.584,762.594,0.2,1
Georgia,Phones,Samsung Galaxy Mega 6.3,2939.93,764.3818,0.0,1
New York,Machines,Fellowes Powershred HS-440 4-Sheet High Security Shredder,1704.89,767.2005,0.0,1
Minnesota,Chairs,Hon Pagoda Stacking Chairs,2567.84,770.352,0.0,1
Delaware,Storage,Smead Adjustable Mobile File Trolley with Lockable Top,2934.33,792.2691,0.0,1
Indiana,Appliances,Honeywell Enviracaire Portable HEPA Air Cleaner for 17' x 22' Room,2405.2,793.716,0.0,1
Indiana,Binders,Ibico Ibimaster 300 Manual Binding System,1839.95,827.9775,0.0,2
Michigan,Accessories,Maxell iVDR EX 500GB Cartridge,1928.78,829.3754,0.0,1
Minnesota,Binders,GBC DocuBind TL300 Electric Binding System,1793.98,843.1706,0.0,1
Arkansas,Binders,GBC DocuBind TL300 Electric Binding System,1793.98,843.1706,0.0,1
New Jersey,Binders,GBC DocuBind TL300 Electric Binding System,1793.98,843.1706,0.0,1
New York,Phones,Wilson SignalBoost 841262 DB PRO Amplifier Kit,2879.6,863.8799999999999,0.0,2
California,Copiers,Sharp AL-1530CS Digital Copier,2399.952,869.9826,0.2,2
Illinois,Copiers,Canon Imageclass D680 Copier / Fax,2799.96,874.9875,0.2,1
California,Machines,Okidata MB760 Printer,7834.4,881.37,0.2,2
Rhode Island,Copiers,Hewlett Packard 610 Color Digital Copier / Printer,1999.96,899.982,0.0,1
Virginia,Phones,Samsung Galaxy S4 Active,3499.93,909.9818,0.0,1
New York,Binders,GBC Ibimaster 500 Manual ProClick Binding System,2435.136,913.176,0.2,2
California,Appliances,"Sanyo Counter Height Refrigerator with Crisper, 3.6 Cubic Foot, Stainless Steel/Black",3281.4,918.792,0.0,2
Washington,Binders,Fellowes PB300 Plastic Comb Binding Machine,2793.528,942.8157,0.2,1
New York,Accessories,Plantronics CS510 - Over-the-Head monaural Wireless Headset System,2969.55,979.9514999999999,0.0,2
Vermont,Bookcases,"Riverside Palais Royal Lawyers Bookcase, Royale Cherry Finish",4404.9,1013.127,0.0,1
New York,Copiers,Sharp AL-1530CS Digital Copier,2799.944,1014.9797,0.2,1
New York,Storage,"Dual Level, Single-Width Filing Carts",4031.5600000000004,1048.2056,0.0,4
California,Copiers,Canon Imageclass D680 Copier / Fax,3359.952,1049.985,0.2,1
Washington,Binders,GBC DocuBind P400 Electric Binding System,3266.376,1061.5722,0.2,1
Washington,Binders,Ibico Ibimaster 300 Manual Binding System,3532.704,1103.97,0.2,2
Washington,Accessories,Plantronics Savi W720 Multi-Device Wireless Headset System,2531.7,1113.9479999999999,0.0,2
Pennsylvania,Copiers,Canon imageCLASS 2200 Advanced Copier,8399.976,1119.9968,0.4,1
California,Binders,GBC DocuBind 200 Manual Binding Machine,3031.0559999999996,1136.646,0.2,2
New York,Binders,Fellowes PB500 Electric Punch Plastic Comb Binding Machine with Manual Bind,3050.376,1143.891,0.2,1
New York,Machines,Bady BDG101FRU Card Printer,3999.95,1159.9855,0.0,1
California,Accessories,Logitech P710e Mobile Speakerphone,6179.76,1174.1544,0.0,4
Georgia,Binders,GBC DocuBind TL300 Electric Binding System,2690.97,1264.7559,0.0,1
Maryland,Binders,Fellowes PB500 Electric Punch Plastic Comb Binding Machine with Manual Bind,2541.98,1270.99,0.0,1
Virginia,Binders,Fellowes PB300 Plastic Comb Binding Machine,2715.93,1276.4871,0.0,1
New York,Machines,"3D Systems Cube Printer, 2nd Generation, Magenta",5199.96,1351.9896,0.0,1
Montana,Copiers,Canon Image Class D660 Copier,2999.95,1379.977,0.0,1
New York,Binders,GBC DocuBind P400 Electric Binding System,4355.168,1415.4296,0.2,1
Kentucky,Machines,Cisco 9971 IP Video Phone Charcoal,3080.0,1416.8,0.0,1
Georgia,Copiers,Hewlett Packard LaserJet 3310 Copier,2999.95,1439.976,0.0,1
Alabama,Machines,Hewlett-Packard Deskjet 3050a All-in-One Color Inkjet Printer,3040.0,1459.2,0.0,1
Washington,Copiers,Canon PC940 Copier,3149.93,1480.4671,0.0,1
New York,Phones,Apple iPhone 5,5848.47,1579.0869,0.0,2
Nevada,Binders,Ibico EPK-21 Electric Binding System,4535.976,1644.2913,0.2,1
New York,Machines,Hewlett-Packard Desktjet 6988DT Refurbished Printer,3404.5,1668.205,0.0,1
California,Accessories,Logitech Z-906 Speaker sys - home theater - 5.1-CH,4289.87,1715.948,0.0,3
Michigan,Binders,Fellowes PB500 Electric Punch Plastic Comb Binding Machine with Manual Bind,3812.97,1906.485,0.0,1
New York,Machines,Canon imageCLASS MF7460 Monochrome Digital Laser Multifunction Copier,3991.98,1995.99,0.0,1
New York,Binders,GBC DocuBind TL300 Electric Binding System,6458.3279999999995,2179.6857,0.2,2
California,Copiers,Hewlett Packard LaserJet 3310 Copier,6239.896000000001,2183.9636,0.20000000000000004,3
New York,Machines,"HP Designjet T520 Inkjet Large Format Printer - 24"" Color",6999.96,2239.9872,0.0,1
California,Copiers,Canon PC1060 Personal Laser Copier,6719.904,2267.9676,0.20000000000000004,3
California,Binders,Fellowes PB500 Electric Punch Plastic Comb Binding Machine with Manual Bind,6100.752,2287.782,0.2,2
Missouri,Copiers,Canon PC1060 Personal Laser Copier,4899.93,2302.9671,0.0,1
New Jersey,Machines,"3D Systems Cube Printer, 2nd Generation, Magenta",9099.93,2365.9818,0.0,1
Michigan,Binders,GBC DocuBind P400 Electric Binding System,5443.96,2504.2216,0.0,1
Rhode Island,Copiers,Hewlett Packard LaserJet 3310 Copier,5399.91,2591.9568,0.0,1
Virginia,Machines,"HP Designjet T520 Inkjet Large Format Printer - 24"" Color",8749.95,2799.984,0.0,1
New York,Machines,Zebra ZM400 Thermal Label Printer,6965.700000000001,3343.536,0.0,2
New York,Machines,Ativa V4110MDD Micro-Cut Shredder,7699.89,3772.9461,0.0,2
Georgia,Binders,Fellowes PB500 Electric Punch Plastic Comb Binding Machine with Manual Bind,7625.94,3812.97,0.0,2
New York,Copiers,Canon imageCLASS 2200 Advanced Copier,11199.968,3919.9888,0.2,1
Minnesota,Binders,Ibico EPK-21 Electric Binding System,9449.95,4630.4755,0.0,1
Michigan,Binders,GBC Ibimaster 500 Manual ProClick Binding System,9892.74,4946.37,0.0,1
Delaware,Copiers,Canon imageCLASS 2200 Advanced Copier,10499.97,5039.9856,0.0,1
Washington,Copiers,Canon imageCLASS 2200 Advanced Copier,13999.96,6719.9808,0.0,1
Indiana,Copiers,Canon imageCLASS 2200 Advanced Copier,17499.95,8399.976,0.0,1
